order_id,date,product_id,product_name,category,warehouse,region,units_sold,unit_price,revenue,promotion,holiday
1,2024-01-01,P001,Laptop,Electronics,Mumbai,West,5,60000,300000,No,No
2,2024-01-01,P002,Phone,Electronics,Hyderabad,South,79,30000,2370000,Yes,No
3,2024-01-01,P003,Chair,Furniture,Hyderabad,South,22,5000,110000,No,No
4,2024-01-01,P004,Rice,Grocery,Delhi,North,34,60,2040,No,No
5,2024-01-01,P005,Tshirt,Clothing,Delhi,North,35,800,28000,No,No
6,2024-01-01,P006,Mixer,Home Appliances,Hyderabad,South,34,3500,119000,No,No
7,2024-01-02,P001,Laptop,Electronics,Kolkata,East,9,60000,540000,No,No
8,2024-01-02,P002,Phone,Electronics,Mumbai,West,5,30000,150000,No,No
9,2024-01-02,P003,Chair,Furniture,Kolkata,East,18,5000,90000,No,No
10,2024-01-02,P004,Rice,Grocery,Kolkata,East,86,60,5160,Yes,No
11,2024-01-02,P005,Tshirt,Clothing,Mumbai,West,24,800,19200,No,No
12,2024-01-02,P006,Mixer,Home Appliances,Bengaluru,South,30,3500,105000,No,No
13,2024-01-03,P001,Laptop,Electronics,Delhi,North,31,60000,1860000,No,No
14,2024-01-03,P002,Phone,Electronics,Delhi,North,20,30000,600000,No,No
15,2024-01-03,P003,Chair,Furniture,Hyderabad,South,33,5000,165000,No,No
16,2024-01-03,P004,Rice,Grocery,Mumbai,West,33,60,1980,No,No
17,2024-01-03,P005,Tshirt,Clothing,Kolkata,East,19,800,15200,No,No
18,2024-01-03,P006,Mixer,Home Appliances,Mumbai,West,34,3500,119000,No,No
19,2024-01-04,P001,Laptop,Electronics,Hyderabad,South,24,60000,1440000,No,No
20,2024-01-04,P002,Phone,Electronics,Kolkata,East,12,30000,360000,No,No
21,2024-01-04,P003,Chair,Furniture,Delhi,North,19,5000,95000,No,No
22,2024-01-04,P004,Rice,Grocery,Hyderabad,South,39,60,2340,No,No
23,2024-01-04,P005,Tshirt,Clothing,Delhi,North,24,800,19200,No,No
24,2024-01-04,P006,Mixer,Home Appliances,Hyderabad,South,16,3500,56000,No,No
25,2024-01-05,P001,Laptop,Electronics,Mumbai,West,9,60000,540000,No,No
26,2024-01-05,P002,Phone,Electronics,Hyderabad,South,14,30000,420000,No,No
27,2024-01-05,P003,Chair,Furniture,Mumbai,West,17,5000,85000,No,No
28,2024-01-05,P004,Rice,Grocery,Delhi,North,17,60,1020,No,No
29,2024-01-05,P005,Tshirt,Clothing,Delhi,North,31,800,24800,No,No
30,2024-01-05,P006,Mixer,Home Appliances,Kolkata,East,28,3500,98000,No,No
31,2024-01-06,P001,Laptop,Electronics,Delhi,North,10,60000,600000,No,No
32,2024-01-06,P002,Phone,Electronics,Mumbai,West,51,30000,1530000,Yes,No
33,2024-01-06,P003,Chair,Furniture,Kolkata,East,15,5000,75000,No,No
34,2024-01-06,P004,Rice,Grocery,Kolkata,East,65,60,3900,Yes,No
35,2024-01-06,P005,Tshirt,Clothing,Hyderabad,South,33,800,26400,No,No
36,2024-01-06,P006,Mixer,Home Appliances,Hyderabad,South,10,3500,35000,No,No
37,2024-01-07,P001,Laptop,Electronics,Hyderabad,South,19,60000,1140000,No,No
38,2024-01-07,P002,Phone,Electronics,Delhi,North,35,30000,1050000,No,No
39,2024-01-07,P003,Chair,Furniture,Mumbai,West,12,5000,60000,No,No
40,2024-01-07,P004,Rice,Grocery,Hyderabad,South,10,60,600,No,No
41,2024-01-07,P005,Tshirt,Clothing,Kolkata,East,37,800,29600,No,No
42,2024-01-07,P006,Mixer,Home Appliances,Kolkata,East,99,3500,346500,Yes,No
43,2024-01-08,P001,Laptop,Electronics,Delhi,North,80,60000,4800000,Yes,No
44,2024-01-08,P002,Phone,Electronics,Mumbai,West,30,30000,900000,No,No
45,2024-01-08,P003,Chair,Furniture,Bengaluru,South,40,5000,200000,No,No
46,2024-01-08,P004,Rice,Grocery,Bengaluru,South,21,60,1260,No,No
47,2024-01-08,P005,Tshirt,Clothing,Bengaluru,South,5,800,4000,No,No
48,2024-01-08,P006,Mixer,Home Appliances,Bengaluru,South,32,3500,112000,No,No
49,2024-01-09,P001,Laptop,Electronics,Delhi,North,25,60000,1500000,No,No
50,2024-01-09,P002,Phone,Electronics,Kolkata,East,6,30000,180000,No,No
51,2024-01-09,P003,Chair,Furniture,Mumbai,West,11,5000,55000,No,No
52,2024-01-09,P004,Rice,Grocery,Mumbai,West,26,60,1560,No,No
53,2024-01-09,P005,Tshirt,Clothing,Bengaluru,South,13,800,10400,No,No
54,2024-01-09,P006,Mixer,Home Appliances,Kolkata,East,16,3500,56000,No,No
55,2024-01-10,P001,Laptop,Electronics,Kolkata,East,15,60000,900000,No,No
56,2024-01-10,P002,Phone,Electronics,Kolkata,East,32,30000,960000,No,No
57,2024-01-10,P003,Chair,Furniture,Kolkata,East,11,5000,55000,No,No
58,2024-01-10,P004,Rice,Grocery,Delhi,North,10,60,600,No,No
59,2024-01-10,P005,Tshirt,Clothing,Delhi,North,94,800,75200,Yes,No
60,2024-01-10,P006,Mixer,Home Appliances,Kolkata,East,31,3500,108500,No,No
61,2024-01-11,P001,Laptop,Electronics,Kolkata,East,17,60000,1020000,No,No
62,2024-01-11,P002,Phone,Electronics,Kolkata,East,33,30000,990000,No,No
63,2024-01-11,P003,Chair,Furniture,Kolkata,East,16,5000,80000,No,No
64,2024-01-11,P004,Rice,Grocery,Bengaluru,South,5,60,300,No,No
65,2024-01-11,P005,Tshirt,Clothing,Hyderabad,South,9,800,7200,No,No
66,2024-01-11,P006,Mixer,Home Appliances,Delhi,North,33,3500,115500,No,No
67,2024-01-12,P001,Laptop,Electronics,Mumbai,West,12,60000,720000,No,No
68,2024-01-12,P002,Phone,Electronics,Delhi,North,10,30000,300000,No,No
69,2024-01-12,P003,Chair,Furniture,Mumbai,West,18,5000,90000,No,No
70,2024-01-12,P004,Rice,Grocery,Bengaluru,South,13,60,780,No,No
71,2024-01-12,P005,Tshirt,Clothing,Bengaluru,South,43,800,34400,Yes,No
72,2024-01-12,P006,Mixer,Home Appliances,Delhi,North,34,3500,119000,No,No
73,2024-01-13,P001,Laptop,Electronics,Bengaluru,South,11,60000,660000,No,No
74,2024-01-13,P002,Phone,Electronics,Delhi,North,12,30000,360000,No,No
75,2024-01-13,P003,Chair,Furniture,Mumbai,West,25,5000,125000,No,No
76,2024-01-13,P004,Rice,Grocery,Delhi,North,33,60,1980,No,No
77,2024-01-13,P005,Tshirt,Clothing,Mumbai,West,10,800,8000,No,No
78,2024-01-13,P006,Mixer,Home Appliances,Delhi,North,18,3500,63000,No,No
79,2024-01-14,P001,Laptop,Electronics,Hyderabad,South,36,60000,2160000,No,No
80,2024-01-14,P002,Phone,Electronics,Bengaluru,South,17,30000,510000,No,No
81,2024-01-14,P003,Chair,Furniture,Bengaluru,South,8,5000,40000,No,No
82,2024-01-14,P004,Rice,Grocery,Delhi,North,13,60,780,No,No
83,2024-01-14,P005,Tshirt,Clothing,Hyderabad,South,18,800,14400,No,No
84,2024-01-14,P006,Mixer,Home Appliances,Mumbai,West,7,3500,24500,No,No
85,2024-01-15,P001,Laptop,Electronics,Hyderabad,South,27,60000,1620000,No,No
86,2024-01-15,P002,Phone,Electronics,Delhi,North,5,30000,150000,No,No
87,2024-01-15,P003,Chair,Furniture,Hyderabad,South,31,5000,155000,No,No
88,2024-01-15,P004,Rice,Grocery,Hyderabad,South,32,60,1920,No,No
89,2024-01-15,P005,Tshirt,Clothing,Bengaluru,South,37,800,29600,No,No
90,2024-01-15,P006,Mixer,Home Appliances,Delhi,North,36,3500,126000,No,No
91,2024-01-16,P001,Laptop,Electronics,Kolkata,East,17,60000,1020000,No,No
92,2024-01-16,P002,Phone,Electronics,Kolkata,East,27,30000,810000,No,No
93,2024-01-16,P003,Chair,Furniture,Delhi,North,6,5000,30000,No,No
94,2024-01-16,P004,Rice,Grocery,Delhi,North,35,60,2100,No,No
95,2024-01-16,P005,Tshirt,Clothing,Bengaluru,South,66,800,52800,Yes,No
96,2024-01-16,P006,Mixer,Home Appliances,Delhi,North,79,3500,276500,Yes,No
97,2024-01-17,P001,Laptop,Electronics,Mumbai,West,40,60000,2400000,No,No
98,2024-01-17,P002,Phone,Electronics,Delhi,North,37,30000,1110000,No,No
99,2024-01-17,P003,Chair,Furniture,Hyderabad,South,10,5000,50000,No,No
100,2024-01-17,P004,Rice,Grocery,Hyderabad,South,16,60,960,No,No
101,2024-01-17,P005,Tshirt,Clothing,Kolkata,East,16,800,12800,No,No
102,2024-01-17,P006,Mixer,Home Appliances,Mumbai,West,26,3500,91000,No,No
103,2024-01-18,P001,Laptop,Electronics,Kolkata,East,26,60000,1560000,No,No
104,2024-01-18,P002,Phone,Electronics,Bengaluru,South,8,30000,240000,No,No
105,2024-01-18,P003,Chair,Furniture,Bengaluru,South,28,5000,140000,No,No
106,2024-01-18,P004,Rice,Grocery,Delhi,North,14,60,840,No,No
107,2024-01-18,P005,Tshirt,Clothing,Kolkata,East,10,800,8000,No,No
108,2024-01-18,P006,Mixer,Home Appliances,Bengaluru,South,17,3500,59500,No,No
109,2024-01-19,P001,Laptop,Electronics,Bengaluru,South,15,60000,900000,No,No
110,2024-01-19,P002,Phone,Electronics,Bengaluru,South,17,30000,510000,No,No
111,2024-01-19,P003,Chair,Furniture,Bengaluru,South,15,5000,75000,No,No
112,2024-01-19,P004,Rice,Grocery,Bengaluru,South,30,60,1800,No,No
113,2024-01-19,P005,Tshirt,Clothing,Kolkata,East,24,800,19200,No,No
114,2024-01-19,P006,Mixer,Home Appliances,Hyderabad,South,37,3500,129500,No,No
115,2024-01-20,P001,Laptop,Electronics,Hyderabad,South,20,60000,1200000,No,No
116,2024-01-20,P002,Phone,Electronics,Bengaluru,South,12,30000,360000,No,No
117,2024-01-20,P003,Chair,Furniture,Kolkata,East,10,5000,50000,No,No
118,2024-01-20,P004,Rice,Grocery,Bengaluru,South,13,60,780,No,No
119,2024-01-20,P005,Tshirt,Clothing,Delhi,North,34,800,27200,No,No
120,2024-01-20,P006,Mixer,Home Appliances,Hyderabad,South,14,3500,49000,No,No
121,2024-01-21,P001,Laptop,Electronics,Bengaluru,South,23,60000,1380000,No,No
122,2024-01-21,P002,Phone,Electronics,Hyderabad,South,30,30000,900000,No,No
123,2024-01-21,P003,Chair,Furniture,Bengaluru,South,35,5000,175000,No,No
124,2024-01-21,P004,Rice,Grocery,Delhi,North,18,60,1080,No,No
125,2024-01-21,P005,Tshirt,Clothing,Hyderabad,South,19,800,15200,No,No
126,2024-01-21,P006,Mixer,Home Appliances,Bengaluru,South,33,3500,115500,No,No
127,2024-01-22,P001,Laptop,Electronics,Delhi,North,22,60000,1320000,No,No
128,2024-01-22,P002,Phone,Electronics,Delhi,North,32,30000,960000,No,No
129,2024-01-22,P003,Chair,Furniture,Kolkata,East,9,5000,45000,No,No
130,2024-01-22,P004,Rice,Grocery,Hyderabad,South,22,60,1320,No,No
131,2024-01-22,P005,Tshirt,Clothing,Kolkata,East,39,800,31200,No,No
132,2024-01-22,P006,Mixer,Home Appliances,Mumbai,West,28,3500,98000,No,No
133,2024-01-23,P001,Laptop,Electronics,Mumbai,West,37,60000,2220000,No,No
134,2024-01-23,P002,Phone,Electronics,Kolkata,East,18,30000,540000,No,No
135,2024-01-23,P003,Chair,Furniture,Bengaluru,South,15,5000,75000,No,No
136,2024-01-23,P004,Rice,Grocery,Hyderabad,South,36,60,2160,No,No
137,2024-01-23,P005,Tshirt,Clothing,Mumbai,West,25,800,20000,No,No
138,2024-01-23,P006,Mixer,Home Appliances,Bengaluru,South,27,3500,94500,No,No
139,2024-01-24,P001,Laptop,Electronics,Delhi,North,21,60000,1260000,No,No
140,2024-01-24,P002,Phone,Electronics,Mumbai,West,28,30000,840000,No,No
141,2024-01-24,P003,Chair,Furniture,Mumbai,West,80,5000,400000,Yes,No
142,2024-01-24,P004,Rice,Grocery,Mumbai,West,20,60,1200,No,No
143,2024-01-24,P005,Tshirt,Clothing,Mumbai,West,24,800,19200,No,No
144,2024-01-24,P006,Mixer,Home Appliances,Kolkata,East,33,3500,115500,No,No
145,2024-01-25,P001,Laptop,Electronics,Hyderabad,South,34,60000,2040000,No,No
146,2024-01-25,P002,Phone,Electronics,Bengaluru,South,28,30000,840000,No,No
147,2024-01-25,P003,Chair,Furniture,Kolkata,East,39,5000,195000,No,No
148,2024-01-25,P004,Rice,Grocery,Hyderabad,South,28,60,1680,No,No
149,2024-01-25,P005,Tshirt,Clothing,Delhi,North,37,800,29600,No,No
150,2024-01-25,P006,Mixer,Home Appliances,Delhi,North,32,3500,112000,No,No
151,2024-01-26,P001,Laptop,Electronics,Kolkata,East,11,60000,660000,No,No
152,2024-01-26,P002,Phone,Electronics,Bengaluru,South,6,30000,180000,No,No
153,2024-01-26,P003,Chair,Furniture,Kolkata,East,31,5000,155000,No,No
154,2024-01-26,P004,Rice,Grocery,Kolkata,East,16,60,960,No,No
155,2024-01-26,P005,Tshirt,Clothing,Hyderabad,South,15,800,12000,No,No
156,2024-01-26,P006,Mixer,Home Appliances,Mumbai,West,21,3500,73500,No,No
157,2024-01-27,P001,Laptop,Electronics,Mumbai,West,56,60000,3360000,Yes,No
158,2024-01-27,P002,Phone,Electronics,Delhi,North,11,30000,330000,No,No
159,2024-01-27,P003,Chair,Furniture,Bengaluru,South,20,5000,100000,No,No
160,2024-01-27,P004,Rice,Grocery,Mumbai,West,35,60,2100,No,No
161,2024-01-27,P005,Tshirt,Clothing,Kolkata,East,11,800,8800,No,No
162,2024-01-27,P006,Mixer,Home Appliances,Bengaluru,South,38,3500,133000,No,No
163,2024-01-28,P001,Laptop,Electronics,Kolkata,East,22,60000,1320000,No,No
164,2024-01-28,P002,Phone,Electronics,Mumbai,West,29,30000,870000,No,No
165,2024-01-28,P003,Chair,Furniture,Delhi,North,5,5000,25000,No,No
166,2024-01-28,P004,Rice,Grocery,Hyderabad,South,10,60,600,No,No
167,2024-01-28,P005,Tshirt,Clothing,Kolkata,East,12,800,9600,No,No
168,2024-01-28,P006,Mixer,Home Appliances,Mumbai,West,33,3500,115500,No,No
169,2024-01-29,P001,Laptop,Electronics,Kolkata,East,70,60000,4200000,Yes,No
170,2024-01-29,P002,Phone,Electronics,Kolkata,East,8,30000,240000,No,No
171,2024-01-29,P003,Chair,Furniture,Delhi,North,37,5000,185000,No,No
172,2024-01-29,P004,Rice,Grocery,Hyderabad,South,12,60,720,No,No
173,2024-01-29,P005,Tshirt,Clothing,Hyderabad,South,35,800,28000,No,No
174,2024-01-29,P006,Mixer,Home Appliances,Kolkata,East,39,3500,136500,No,No
175,2024-01-30,P001,Laptop,Electronics,Delhi,North,7,60000,420000,No,No
176,2024-01-30,P002,Phone,Electronics,Delhi,North,11,30000,330000,No,No
177,2024-01-30,P003,Chair,Furniture,Bengaluru,South,38,5000,190000,No,No
178,2024-01-30,P004,Rice,Grocery,Mumbai,West,24,60,1440,No,No
179,2024-01-30,P005,Tshirt,Clothing,Hyderabad,South,40,800,32000,No,No
180,2024-01-30,P006,Mixer,Home Appliances,Hyderabad,South,22,3500,77000,No,No
181,2024-01-31,P001,Laptop,Electronics,Mumbai,West,35,60000,2100000,No,No
182,2024-01-31,P002,Phone,Electronics,Hyderabad,South,20,30000,600000,No,No
183,2024-01-31,P003,Chair,Furniture,Delhi,North,40,5000,200000,No,No
184,2024-01-31,P004,Rice,Grocery,Mumbai,West,24,60,1440,No,No
185,2024-01-31,P005,Tshirt,Clothing,Kolkata,East,38,800,30400,No,No
186,2024-01-31,P006,Mixer,Home Appliances,Mumbai,West,6,3500,21000,No,No
187,2024-02-01,P001,Laptop,Electronics,Mumbai,West,50,60000,3000000,Yes,No
188,2024-02-01,P002,Phone,Electronics,Hyderabad,South,31,30000,930000,No,No
189,2024-02-01,P003,Chair,Furniture,Hyderabad,South,83,5000,415000,Yes,No
190,2024-02-01,P004,Rice,Grocery,Kolkata,East,8,60,480,No,No
191,2024-02-01,P005,Tshirt,Clothing,Delhi,North,19,800,15200,No,No
192,2024-02-01,P006,Mixer,Home Appliances,Mumbai,West,8,3500,28000,No,No
193,2024-02-02,P001,Laptop,Electronics,Kolkata,East,14,60000,840000,No,No
194,2024-02-02,P002,Phone,Electronics,Kolkata,East,12,30000,360000,No,No
195,2024-02-02,P003,Chair,Furniture,Mumbai,West,58,5000,290000,Yes,No
196,2024-02-02,P004,Rice,Grocery,Mumbai,West,60,60,3600,Yes,No
197,2024-02-02,P005,Tshirt,Clothing,Bengaluru,South,36,800,28800,No,No
198,2024-02-02,P006,Mixer,Home Appliances,Delhi,North,7,3500,24500,No,No
199,2024-02-03,P001,Laptop,Electronics,Mumbai,West,17,60000,1020000,No,No
200,2024-02-03,P002,Phone,Electronics,Bengaluru,South,29,30000,870000,No,No
201,2024-02-03,P003,Chair,Furniture,Bengaluru,South,19,5000,95000,No,No
202,2024-02-03,P004,Rice,Grocery,Hyderabad,South,22,60,1320,No,No
203,2024-02-03,P005,Tshirt,Clothing,Mumbai,West,24,800,19200,No,No
204,2024-02-03,P006,Mixer,Home Appliances,Bengaluru,South,13,3500,45500,No,No
205,2024-02-04,P001,Laptop,Electronics,Bengaluru,South,36,60000,2160000,No,No
206,2024-02-04,P002,Phone,Electronics,Kolkata,East,39,30000,1170000,No,No
207,2024-02-04,P003,Chair,Furniture,Delhi,North,24,5000,120000,No,No
208,2024-02-04,P004,Rice,Grocery,Bengaluru,South,23,60,1380,No,No
209,2024-02-04,P005,Tshirt,Clothing,Kolkata,East,22,800,17600,No,No
210,2024-02-04,P006,Mixer,Home Appliances,Kolkata,East,35,3500,122500,No,No
211,2024-02-05,P001,Laptop,Electronics,Mumbai,West,21,60000,1260000,No,No
212,2024-02-05,P002,Phone,Electronics,Mumbai,West,10,30000,300000,No,No
213,2024-02-05,P003,Chair,Furniture,Mumbai,West,22,5000,110000,No,No
214,2024-02-05,P004,Rice,Grocery,Hyderabad,South,76,60,4560,Yes,No
215,2024-02-05,P005,Tshirt,Clothing,Bengaluru,South,24,800,19200,No,No
216,2024-02-05,P006,Mixer,Home Appliances,Kolkata,East,23,3500,80500,No,No
217,2024-02-06,P001,Laptop,Electronics,Hyderabad,South,40,60000,2400000,No,No
218,2024-02-06,P002,Phone,Electronics,Delhi,North,31,30000,930000,No,No
219,2024-02-06,P003,Chair,Furniture,Mumbai,West,13,5000,65000,No,No
220,2024-02-06,P004,Rice,Grocery,Delhi,North,32,60,1920,No,No
221,2024-02-06,P005,Tshirt,Clothing,Kolkata,East,18,800,14400,No,No
222,2024-02-06,P006,Mixer,Home Appliances,Delhi,North,18,3500,63000,No,No
223,2024-02-07,P001,Laptop,Electronics,Mumbai,West,26,60000,1560000,No,No
224,2024-02-07,P002,Phone,Electronics,Kolkata,East,8,30000,240000,No,No
225,2024-02-07,P003,Chair,Furniture,Delhi,North,21,5000,105000,No,No
226,2024-02-07,P004,Rice,Grocery,Kolkata,East,18,60,1080,No,No
227,2024-02-07,P005,Tshirt,Clothing,Delhi,North,23,800,18400,No,No
228,2024-02-07,P006,Mixer,Home Appliances,Mumbai,West,40,3500,140000,No,No
229,2024-02-08,P001,Laptop,Electronics,Kolkata,East,7,60000,420000,No,No
230,2024-02-08,P002,Phone,Electronics,Bengaluru,South,6,30000,180000,No,No
231,2024-02-08,P003,Chair,Furniture,Mumbai,West,7,5000,35000,No,No
232,2024-02-08,P004,Rice,Grocery,Delhi,North,12,60,720,No,No
233,2024-02-08,P005,Tshirt,Clothing,Mumbai,West,62,800,49600,Yes,No
234,2024-02-08,P006,Mixer,Home Appliances,Bengaluru,South,19,3500,66500,No,No
235,2024-02-09,P001,Laptop,Electronics,Kolkata,East,19,60000,1140000,No,No
236,2024-02-09,P002,Phone,Electronics,Hyderabad,South,5,30000,150000,No,No
237,2024-02-09,P003,Chair,Furniture,Kolkata,East,12,5000,60000,No,No
238,2024-02-09,P004,Rice,Grocery,Mumbai,West,19,60,1140,No,No
239,2024-02-09,P005,Tshirt,Clothing,Kolkata,East,35,800,28000,Yes,No
240,2024-02-09,P006,Mixer,Home Appliances,Kolkata,East,6,3500,21000,No,No
241,2024-02-10,P001,Laptop,Electronics,Bengaluru,South,65,60000,3900000,Yes,No
242,2024-02-10,P002,Phone,Electronics,Bengaluru,South,14,30000,420000,No,No
243,2024-02-10,P003,Chair,Furniture,Delhi,North,13,5000,65000,No,No
244,2024-02-10,P004,Rice,Grocery,Hyderabad,South,16,60,960,No,No
245,2024-02-10,P005,Tshirt,Clothing,Kolkata,East,24,800,19200,No,No
246,2024-02-10,P006,Mixer,Home Appliances,Bengaluru,South,21,3500,73500,No,No
247,2024-02-11,P001,Laptop,Electronics,Mumbai,West,38,60000,2280000,No,No
248,2024-02-11,P002,Phone,Electronics,Kolkata,East,48,30000,1440000,Yes,No
249,2024-02-11,P003,Chair,Furniture,Hyderabad,South,34,5000,170000,No,No
250,2024-02-11,P004,Rice,Grocery,Delhi,North,14,60,840,No,No
251,2024-02-11,P005,Tshirt,Clothing,Mumbai,West,9,800,7200,No,No
252,2024-02-11,P006,Mixer,Home Appliances,Kolkata,East,36,3500,126000,No,No
253,2024-02-12,P001,Laptop,Electronics,Hyderabad,South,19,60000,1140000,No,No
254,2024-02-12,P002,Phone,Electronics,Bengaluru,South,23,30000,690000,No,No
255,2024-02-12,P003,Chair,Furniture,Bengaluru,South,37,5000,185000,No,No
256,2024-02-12,P004,Rice,Grocery,Hyderabad,South,9,60,540,No,No
257,2024-02-12,P005,Tshirt,Clothing,Bengaluru,South,5,800,4000,No,No
258,2024-02-12,P006,Mixer,Home Appliances,Delhi,North,79,3500,276500,Yes,No
259,2024-02-13,P001,Laptop,Electronics,Bengaluru,South,27,60000,1620000,No,No
260,2024-02-13,P002,Phone,Electronics,Hyderabad,South,34,30000,1020000,No,No
261,2024-02-13,P003,Chair,Furniture,Bengaluru,South,12,5000,60000,No,No
262,2024-02-13,P004,Rice,Grocery,Mumbai,West,17,60,1020,No,No
263,2024-02-13,P005,Tshirt,Clothing,Delhi,North,24,800,19200,No,No
264,2024-02-13,P006,Mixer,Home Appliances,Mumbai,West,85,3500,297500,Yes,No
265,2024-02-14,P001,Laptop,Electronics,Delhi,North,40,60000,2400000,No,No
266,2024-02-14,P002,Phone,Electronics,Delhi,North,17,30000,510000,No,No
267,2024-02-14,P003,Chair,Furniture,Kolkata,East,42,5000,210000,Yes,No
268,2024-02-14,P004,Rice,Grocery,Hyderabad,South,16,60,960,No,No
269,2024-02-14,P005,Tshirt,Clothing,Hyderabad,South,27,800,21600,No,No
270,2024-02-14,P006,Mixer,Home Appliances,Hyderabad,South,15,3500,52500,No,No
271,2024-02-15,P001,Laptop,Electronics,Kolkata,East,25,60000,1500000,No,No
272,2024-02-15,P002,Phone,Electronics,Mumbai,West,35,30000,1050000,No,No
273,2024-02-15,P003,Chair,Furniture,Delhi,North,22,5000,110000,No,No
274,2024-02-15,P004,Rice,Grocery,Hyderabad,South,28,60,1680,No,No
275,2024-02-15,P005,Tshirt,Clothing,Kolkata,East,12,800,9600,No,No
276,2024-02-15,P006,Mixer,Home Appliances,Delhi,North,28,3500,98000,No,No
277,2024-02-16,P001,Laptop,Electronics,Bengaluru,South,40,60000,2400000,No,No
278,2024-02-16,P002,Phone,Electronics,Kolkata,East,12,30000,360000,No,No
279,2024-02-16,P003,Chair,Furniture,Delhi,North,35,5000,175000,No,No
280,2024-02-16,P004,Rice,Grocery,Bengaluru,South,27,60,1620,No,No
281,2024-02-16,P005,Tshirt,Clothing,Delhi,North,38,800,30400,No,No
282,2024-02-16,P006,Mixer,Home Appliances,Hyderabad,South,79,3500,276500,Yes,No
283,2024-02-17,P001,Laptop,Electronics,Hyderabad,South,23,60000,1380000,No,No
284,2024-02-17,P002,Phone,Electronics,Kolkata,East,8,30000,240000,No,No
285,2024-02-17,P003,Chair,Furniture,Bengaluru,South,25,5000,125000,No,No
286,2024-02-17,P004,Rice,Grocery,Hyderabad,South,17,60,1020,No,No
287,2024-02-17,P005,Tshirt,Clothing,Delhi,North,18,800,14400,No,No
288,2024-02-17,P006,Mixer,Home Appliances,Bengaluru,South,30,3500,105000,No,No
289,2024-02-18,P001,Laptop,Electronics,Delhi,North,14,60000,840000,No,No
290,2024-02-18,P002,Phone,Electronics,Mumbai,West,17,30000,510000,No,No
291,2024-02-18,P003,Chair,Furniture,Delhi,North,26,5000,130000,No,No
292,2024-02-18,P004,Rice,Grocery,Hyderabad,South,17,60,1020,No,No
293,2024-02-18,P005,Tshirt,Clothing,Kolkata,East,21,800,16800,No,No
294,2024-02-18,P006,Mixer,Home Appliances,Hyderabad,South,25,3500,87500,No,No
295,2024-02-19,P001,Laptop,Electronics,Bengaluru,South,40,60000,2400000,No,No
296,2024-02-19,P002,Phone,Electronics,Mumbai,West,29,30000,870000,No,No
297,2024-02-19,P003,Chair,Furniture,Delhi,North,17,5000,85000,No,No
298,2024-02-19,P004,Rice,Grocery,Delhi,North,8,60,480,No,No
299,2024-02-19,P005,Tshirt,Clothing,Bengaluru,South,20,800,16000,No,No
300,2024-02-19,P006,Mixer,Home Appliances,Bengaluru,South,36,3500,126000,No,No
301,2024-02-20,P001,Laptop,Electronics,Kolkata,East,9,60000,540000,No,No
302,2024-02-20,P002,Phone,Electronics,Hyderabad,South,13,30000,390000,No,No
303,2024-02-20,P003,Chair,Furniture,Hyderabad,South,29,5000,145000,No,No
304,2024-02-20,P004,Rice,Grocery,Hyderabad,South,25,60,1500,No,No
305,2024-02-20,P005,Tshirt,Clothing,Bengaluru,South,28,800,22400,No,No
306,2024-02-20,P006,Mixer,Home Appliances,Bengaluru,South,38,3500,133000,No,No
307,2024-02-21,P001,Laptop,Electronics,Kolkata,East,25,60000,1500000,No,No
308,2024-02-21,P002,Phone,Electronics,Kolkata,East,23,30000,690000,No,No
309,2024-02-21,P003,Chair,Furniture,Mumbai,West,12,5000,60000,No,No
310,2024-02-21,P004,Rice,Grocery,Delhi,North,30,60,1800,No,No
311,2024-02-21,P005,Tshirt,Clothing,Hyderabad,South,22,800,17600,No,No
312,2024-02-21,P006,Mixer,Home Appliances,Hyderabad,South,14,3500,49000,No,No
313,2024-02-22,P001,Laptop,Electronics,Mumbai,West,36,60000,2160000,No,No
314,2024-02-22,P002,Phone,Electronics,Kolkata,East,7,30000,210000,No,No
315,2024-02-22,P003,Chair,Furniture,Delhi,North,9,5000,45000,No,No
316,2024-02-22,P004,Rice,Grocery,Mumbai,West,68,60,4080,Yes,No
317,2024-02-22,P005,Tshirt,Clothing,Kolkata,East,21,800,16800,No,No
318,2024-02-22,P006,Mixer,Home Appliances,Hyderabad,South,34,3500,119000,No,No
319,2024-02-23,P001,Laptop,Electronics,Bengaluru,South,25,60000,1500000,No,No
320,2024-02-23,P002,Phone,Electronics,Hyderabad,South,6,30000,180000,No,No
321,2024-02-23,P003,Chair,Furniture,Mumbai,West,11,5000,55000,No,No
322,2024-02-23,P004,Rice,Grocery,Mumbai,West,39,60,2340,No,No
323,2024-02-23,P005,Tshirt,Clothing,Mumbai,West,49,800,39200,Yes,No
324,2024-02-23,P006,Mixer,Home Appliances,Kolkata,East,30,3500,105000,No,No
325,2024-02-24,P001,Laptop,Electronics,Hyderabad,South,39,60000,2340000,No,No
326,2024-02-24,P002,Phone,Electronics,Kolkata,East,14,30000,420000,No,No
327,2024-02-24,P003,Chair,Furniture,Bengaluru,South,76,5000,380000,Yes,No
328,2024-02-24,P004,Rice,Grocery,Hyderabad,South,8,60,480,No,No
329,2024-02-24,P005,Tshirt,Clothing,Bengaluru,South,5,800,4000,No,No
330,2024-02-24,P006,Mixer,Home Appliances,Hyderabad,South,38,3500,133000,No,No
331,2024-02-25,P001,Laptop,Electronics,Mumbai,West,31,60000,1860000,No,No
332,2024-02-25,P002,Phone,Electronics,Delhi,North,31,30000,930000,No,No
333,2024-02-25,P003,Chair,Furniture,Hyderabad,South,8,5000,40000,No,No
334,2024-02-25,P004,Rice,Grocery,Bengaluru,South,23,60,1380,No,No
335,2024-02-25,P005,Tshirt,Clothing,Kolkata,East,30,800,24000,No,No
336,2024-02-25,P006,Mixer,Home Appliances,Hyderabad,South,7,3500,24500,No,No
337,2024-02-26,P001,Laptop,Electronics,Kolkata,East,14,60000,840000,No,No
338,2024-02-26,P002,Phone,Electronics,Hyderabad,South,31,30000,930000,No,No
339,2024-02-26,P003,Chair,Furniture,Kolkata,East,31,5000,155000,No,No
340,2024-02-26,P004,Rice,Grocery,Mumbai,West,9,60,540,No,No
341,2024-02-26,P005,Tshirt,Clothing,Kolkata,East,15,800,12000,No,No
342,2024-02-26,P006,Mixer,Home Appliances,Bengaluru,South,26,3500,91000,No,No
343,2024-02-27,P001,Laptop,Electronics,Bengaluru,South,38,60000,2280000,No,No
344,2024-02-27,P002,Phone,Electronics,Delhi,North,27,30000,810000,No,No
345,2024-02-27,P003,Chair,Furniture,Mumbai,West,21,5000,105000,No,No
346,2024-02-27,P004,Rice,Grocery,Delhi,North,7,60,420,No,No
347,2024-02-27,P005,Tshirt,Clothing,Bengaluru,South,27,800,21600,No,No
348,2024-02-27,P006,Mixer,Home Appliances,Kolkata,East,23,3500,80500,No,No
349,2024-02-28,P001,Laptop,Electronics,Bengaluru,South,29,60000,1740000,No,No
350,2024-02-28,P002,Phone,Electronics,Mumbai,West,36,30000,1080000,No,No
351,2024-02-28,P003,Chair,Furniture,Bengaluru,South,74,5000,370000,Yes,No
352,2024-02-28,P004,Rice,Grocery,Kolkata,East,39,60,2340,No,No
353,2024-02-28,P005,Tshirt,Clothing,Kolkata,East,25,800,20000,No,No
354,2024-02-28,P006,Mixer,Home Appliances,Mumbai,West,7,3500,24500,No,No
355,2024-02-29,P001,Laptop,Electronics,Bengaluru,South,37,60000,2220000,No,No
356,2024-02-29,P002,Phone,Electronics,Mumbai,West,32,30000,960000,No,No
357,2024-02-29,P003,Chair,Furniture,Hyderabad,South,16,5000,80000,No,No
358,2024-02-29,P004,Rice,Grocery,Delhi,North,16,60,960,No,No
359,2024-02-29,P005,Tshirt,Clothing,Mumbai,West,15,800,12000,No,No
360,2024-02-29,P006,Mixer,Home Appliances,Mumbai,West,20,3500,70000,No,No
361,2024-03-01,P001,Laptop,Electronics,Mumbai,West,32,60000,1920000,No,No
362,2024-03-01,P002,Phone,Electronics,Mumbai,West,6,30000,180000,No,No
363,2024-03-01,P003,Chair,Furniture,Bengaluru,South,10,5000,50000,No,No
364,2024-03-01,P004,Rice,Grocery,Bengaluru,South,32,60,1920,No,No
365,2024-03-01,P005,Tshirt,Clothing,Bengaluru,South,29,800,23200,No,No
366,2024-03-01,P006,Mixer,Home Appliances,Mumbai,West,28,3500,98000,No,No
367,2024-03-02,P001,Laptop,Electronics,Delhi,North,27,60000,1620000,No,No
368,2024-03-02,P002,Phone,Electronics,Delhi,North,25,30000,750000,No,No
369,2024-03-02,P003,Chair,Furniture,Kolkata,East,38,5000,190000,No,No
370,2024-03-02,P004,Rice,Grocery,Kolkata,East,20,60,1200,No,No
371,2024-03-02,P005,Tshirt,Clothing,Bengaluru,South,17,800,13600,No,No
372,2024-03-02,P006,Mixer,Home Appliances,Kolkata,East,65,3500,227500,Yes,No
373,2024-03-03,P001,Laptop,Electronics,Mumbai,West,5,60000,300000,No,No
374,2024-03-03,P002,Phone,Electronics,Delhi,North,30,30000,900000,No,No
375,2024-03-03,P003,Chair,Furniture,Mumbai,West,12,5000,60000,No,No
376,2024-03-03,P004,Rice,Grocery,Kolkata,East,27,60,1620,No,No
377,2024-03-03,P005,Tshirt,Clothing,Bengaluru,South,7,800,5600,No,No
378,2024-03-03,P006,Mixer,Home Appliances,Kolkata,East,38,3500,133000,No,No
379,2024-03-04,P001,Laptop,Electronics,Bengaluru,South,32,60000,1920000,No,No
380,2024-03-04,P002,Phone,Electronics,Mumbai,West,10,30000,300000,No,No
381,2024-03-04,P003,Chair,Furniture,Delhi,North,32,5000,160000,No,No
382,2024-03-04,P004,Rice,Grocery,Hyderabad,South,34,60,2040,No,No
383,2024-03-04,P005,Tshirt,Clothing,Kolkata,East,22,800,17600,No,No
384,2024-03-04,P006,Mixer,Home Appliances,Kolkata,East,25,3500,87500,No,No
385,2024-03-05,P001,Laptop,Electronics,Mumbai,West,37,60000,2220000,No,No
386,2024-03-05,P002,Phone,Electronics,Kolkata,East,28,30000,840000,No,No
387,2024-03-05,P003,Chair,Furniture,Mumbai,West,58,5000,290000,Yes,No
388,2024-03-05,P004,Rice,Grocery,Delhi,North,37,60,2220,No,No
389,2024-03-05,P005,Tshirt,Clothing,Hyderabad,South,27,800,21600,No,No
390,2024-03-05,P006,Mixer,Home Appliances,Kolkata,East,18,3500,63000,No,No
391,2024-03-06,P001,Laptop,Electronics,Bengaluru,South,13,60000,780000,No,No
392,2024-03-06,P002,Phone,Electronics,Hyderabad,South,16,30000,480000,No,No
393,2024-03-06,P003,Chair,Furniture,Delhi,North,8,5000,40000,No,No
394,2024-03-06,P004,Rice,Grocery,Kolkata,East,36,60,2160,No,No
395,2024-03-06,P005,Tshirt,Clothing,Delhi,North,9,800,7200,No,No
396,2024-03-06,P006,Mixer,Home Appliances,Hyderabad,South,19,3500,66500,No,No
397,2024-03-07,P001,Laptop,Electronics,Mumbai,West,7,60000,420000,No,No
398,2024-03-07,P002,Phone,Electronics,Kolkata,East,29,30000,870000,No,No
399,2024-03-07,P003,Chair,Furniture,Hyderabad,South,22,5000,110000,No,No
400,2024-03-07,P004,Rice,Grocery,Delhi,North,19,60,1140,No,No
401,2024-03-07,P005,Tshirt,Clothing,Bengaluru,South,32,800,25600,No,No
402,2024-03-07,P006,Mixer,Home Appliances,Hyderabad,South,27,3500,94500,No,No
403,2024-03-08,P001,Laptop,Electronics,Delhi,North,16,60000,960000,No,No
404,2024-03-08,P002,Phone,Electronics,Mumbai,West,39,30000,1170000,No,No
405,2024-03-08,P003,Chair,Furniture,Kolkata,East,38,5000,190000,No,No
406,2024-03-08,P004,Rice,Grocery,Delhi,North,23,60,1380,No,No
407,2024-03-08,P005,Tshirt,Clothing,Kolkata,East,40,800,32000,No,No
408,2024-03-08,P006,Mixer,Home Appliances,Delhi,North,67,3500,234500,Yes,No
409,2024-03-09,P001,Laptop,Electronics,Delhi,North,18,60000,1080000,No,No
410,2024-03-09,P002,Phone,Electronics,Mumbai,West,25,30000,750000,No,No
411,2024-03-09,P003,Chair,Furniture,Mumbai,West,17,5000,85000,No,No
412,2024-03-09,P004,Rice,Grocery,Mumbai,West,35,60,2100,No,No
413,2024-03-09,P005,Tshirt,Clothing,Kolkata,East,13,800,10400,No,No
414,2024-03-09,P006,Mixer,Home Appliances,Kolkata,East,24,3500,84000,No,No
415,2024-03-10,P001,Laptop,Electronics,Kolkata,East,40,60000,2400000,No,No
416,2024-03-10,P002,Phone,Electronics,Kolkata,East,35,30000,1050000,No,No
417,2024-03-10,P003,Chair,Furniture,Delhi,North,26,5000,130000,No,No
418,2024-03-10,P004,Rice,Grocery,Kolkata,East,6,60,360,No,No
419,2024-03-10,P005,Tshirt,Clothing,Delhi,North,20,800,16000,No,No
420,2024-03-10,P006,Mixer,Home Appliances,Kolkata,East,15,3500,52500,No,No
421,2024-03-11,P001,Laptop,Electronics,Bengaluru,South,32,60000,1920000,No,No
422,2024-03-11,P002,Phone,Electronics,Delhi,North,9,30000,270000,No,No
423,2024-03-11,P003,Chair,Furniture,Mumbai,West,11,5000,55000,No,No
424,2024-03-11,P004,Rice,Grocery,Kolkata,East,20,60,1200,No,No
425,2024-03-11,P005,Tshirt,Clothing,Bengaluru,South,6,800,4800,No,No
426,2024-03-11,P006,Mixer,Home Appliances,Delhi,North,40,3500,140000,No,No
427,2024-03-12,P001,Laptop,Electronics,Hyderabad,South,31,60000,1860000,No,No
428,2024-03-12,P002,Phone,Electronics,Hyderabad,South,24,30000,720000,No,No
429,2024-03-12,P003,Chair,Furniture,Delhi,North,23,5000,115000,No,No
430,2024-03-12,P004,Rice,Grocery,Kolkata,East,27,60,1620,No,No
431,2024-03-12,P005,Tshirt,Clothing,Bengaluru,South,27,800,21600,No,No
432,2024-03-12,P006,Mixer,Home Appliances,Delhi,North,35,3500,122500,No,No
433,2024-03-13,P001,Laptop,Electronics,Hyderabad,South,15,60000,900000,No,No
434,2024-03-13,P002,Phone,Electronics,Bengaluru,South,21,30000,630000,No,No
435,2024-03-13,P003,Chair,Furniture,Kolkata,East,26,5000,130000,No,No
436,2024-03-13,P004,Rice,Grocery,Kolkata,East,14,60,840,No,No
437,2024-03-13,P005,Tshirt,Clothing,Kolkata,East,6,800,4800,No,No
438,2024-03-13,P006,Mixer,Home Appliances,Hyderabad,South,13,3500,45500,No,No
439,2024-03-14,P001,Laptop,Electronics,Delhi,North,16,60000,960000,No,No
440,2024-03-14,P002,Phone,Electronics,Bengaluru,South,14,30000,420000,No,No
441,2024-03-14,P003,Chair,Furniture,Delhi,North,10,5000,50000,No,No
442,2024-03-14,P004,Rice,Grocery,Hyderabad,South,16,60,960,No,No
443,2024-03-14,P005,Tshirt,Clothing,Mumbai,West,15,800,12000,No,No
444,2024-03-14,P006,Mixer,Home Appliances,Kolkata,East,24,3500,84000,No,No
445,2024-03-15,P001,Laptop,Electronics,Kolkata,East,21,60000,1260000,No,No
446,2024-03-15,P002,Phone,Electronics,Kolkata,East,24,30000,720000,No,No
447,2024-03-15,P003,Chair,Furniture,Bengaluru,South,20,5000,100000,No,No
448,2024-03-15,P004,Rice,Grocery,Hyderabad,South,37,60,2220,No,No
449,2024-03-15,P005,Tshirt,Clothing,Kolkata,East,27,800,21600,No,No
450,2024-03-15,P006,Mixer,Home Appliances,Hyderabad,South,5,3500,17500,No,No
451,2024-03-16,P001,Laptop,Electronics,Delhi,North,40,60000,2400000,No,No
452,2024-03-16,P002,Phone,Electronics,Kolkata,East,40,30000,1200000,No,No
453,2024-03-16,P003,Chair,Furniture,Hyderabad,South,74,5000,370000,Yes,No
454,2024-03-16,P004,Rice,Grocery,Bengaluru,South,27,60,1620,No,No
455,2024-03-16,P005,Tshirt,Clothing,Kolkata,East,29,800,23200,No,No
456,2024-03-16,P006,Mixer,Home Appliances,Kolkata,East,8,3500,28000,No,No
457,2024-03-17,P001,Laptop,Electronics,Bengaluru,South,14,60000,840000,No,No
458,2024-03-17,P002,Phone,Electronics,Hyderabad,South,35,30000,1050000,No,No
459,2024-03-17,P003,Chair,Furniture,Kolkata,East,12,5000,60000,No,No
460,2024-03-17,P004,Rice,Grocery,Delhi,North,11,60,660,No,No
461,2024-03-17,P005,Tshirt,Clothing,Hyderabad,South,19,800,15200,No,No
462,2024-03-17,P006,Mixer,Home Appliances,Delhi,North,21,3500,73500,No,No
463,2024-03-18,P001,Laptop,Electronics,Hyderabad,South,28,60000,1680000,No,No
464,2024-03-18,P002,Phone,Electronics,Bengaluru,South,19,30000,570000,No,No
465,2024-03-18,P003,Chair,Furniture,Bengaluru,South,9,5000,45000,No,No
466,2024-03-18,P004,Rice,Grocery,Bengaluru,South,34,60,2040,No,No
467,2024-03-18,P005,Tshirt,Clothing,Bengaluru,South,23,800,18400,No,No
468,2024-03-18,P006,Mixer,Home Appliances,Hyderabad,South,26,3500,91000,No,No
469,2024-03-19,P001,Laptop,Electronics,Bengaluru,South,33,60000,1980000,No,No
470,2024-03-19,P002,Phone,Electronics,Delhi,North,10,30000,300000,No,No
471,2024-03-19,P003,Chair,Furniture,Kolkata,East,36,5000,180000,No,No
472,2024-03-19,P004,Rice,Grocery,Kolkata,East,7,60,420,No,No
473,2024-03-19,P005,Tshirt,Clothing,Bengaluru,South,21,800,16800,No,No
474,2024-03-19,P006,Mixer,Home Appliances,Bengaluru,South,37,3500,129500,No,No
475,2024-03-20,P001,Laptop,Electronics,Kolkata,East,19,60000,1140000,No,No
476,2024-03-20,P002,Phone,Electronics,Kolkata,East,27,30000,810000,No,No
477,2024-03-20,P003,Chair,Furniture,Mumbai,West,20,5000,100000,No,No
478,2024-03-20,P004,Rice,Grocery,Delhi,North,11,60,660,No,No
479,2024-03-20,P005,Tshirt,Clothing,Bengaluru,South,15,800,12000,No,No
480,2024-03-20,P006,Mixer,Home Appliances,Mumbai,West,11,3500,38500,No,No
481,2024-03-21,P001,Laptop,Electronics,Hyderabad,South,33,60000,1980000,No,No
482,2024-03-21,P002,Phone,Electronics,Mumbai,West,15,30000,450000,No,No
483,2024-03-21,P003,Chair,Furniture,Hyderabad,South,39,5000,195000,No,No
484,2024-03-21,P004,Rice,Grocery,Mumbai,West,16,60,960,No,No
485,2024-03-21,P005,Tshirt,Clothing,Bengaluru,South,9,800,7200,No,No
486,2024-03-21,P006,Mixer,Home Appliances,Hyderabad,South,21,3500,73500,No,No
487,2024-03-22,P001,Laptop,Electronics,Kolkata,East,38,60000,2280000,No,No
488,2024-03-22,P002,Phone,Electronics,Kolkata,East,29,30000,870000,No,No
489,2024-03-22,P003,Chair,Furniture,Bengaluru,South,16,5000,80000,No,No
490,2024-03-22,P004,Rice,Grocery,Hyderabad,South,29,60,1740,No,No
491,2024-03-22,P005,Tshirt,Clothing,Bengaluru,South,37,800,29600,No,No
492,2024-03-22,P006,Mixer,Home Appliances,Kolkata,East,13,3500,45500,No,No
493,2024-03-23,P001,Laptop,Electronics,Hyderabad,South,50,60000,3000000,Yes,No
494,2024-03-23,P002,Phone,Electronics,Mumbai,West,22,30000,660000,No,No
495,2024-03-23,P003,Chair,Furniture,Mumbai,West,26,5000,130000,No,No
496,2024-03-23,P004,Rice,Grocery,Bengaluru,South,20,60,1200,No,No
497,2024-03-23,P005,Tshirt,Clothing,Kolkata,East,31,800,24800,No,No
498,2024-03-23,P006,Mixer,Home Appliances,Hyderabad,South,17,3500,59500,No,No
499,2024-03-24,P001,Laptop,Electronics,Bengaluru,South,31,60000,1860000,No,No
500,2024-03-24,P002,Phone,Electronics,Mumbai,West,38,30000,1140000,No,No
501,2024-03-24,P003,Chair,Furniture,Mumbai,West,12,5000,60000,No,No
502,2024-03-24,P004,Rice,Grocery,Bengaluru,South,26,60,1560,No,No
503,2024-03-24,P005,Tshirt,Clothing,Hyderabad,South,7,800,5600,No,No
504,2024-03-24,P006,Mixer,Home Appliances,Kolkata,East,52,3500,182000,Yes,No
505,2024-03-25,P001,Laptop,Electronics,Kolkata,East,34,60000,2040000,No,No
506,2024-03-25,P002,Phone,Electronics,Hyderabad,South,36,30000,1080000,No,No
507,2024-03-25,P003,Chair,Furniture,Bengaluru,South,29,5000,145000,No,No
508,2024-03-25,P004,Rice,Grocery,Hyderabad,South,14,60,840,No,No
509,2024-03-25,P005,Tshirt,Clothing,Kolkata,East,18,800,14400,No,No
510,2024-03-25,P006,Mixer,Home Appliances,Mumbai,West,7,3500,24500,No,No
511,2024-03-26,P001,Laptop,Electronics,Delhi,North,34,60000,2040000,No,No
512,2024-03-26,P002,Phone,Electronics,Delhi,North,31,30000,930000,No,No
513,2024-03-26,P003,Chair,Furniture,Kolkata,East,9,5000,45000,No,No
514,2024-03-26,P004,Rice,Grocery,Bengaluru,South,21,60,1260,No,No
515,2024-03-26,P005,Tshirt,Clothing,Kolkata,East,30,800,24000,No,No
516,2024-03-26,P006,Mixer,Home Appliances,Delhi,North,22,3500,77000,No,No
517,2024-03-27,P001,Laptop,Electronics,Bengaluru,South,19,60000,1140000,No,No
518,2024-03-27,P002,Phone,Electronics,Bengaluru,South,31,30000,930000,No,No
519,2024-03-27,P003,Chair,Furniture,Kolkata,East,12,5000,60000,No,No
520,2024-03-27,P004,Rice,Grocery,Kolkata,East,38,60,2280,No,No
521,2024-03-27,P005,Tshirt,Clothing,Kolkata,East,35,800,28000,No,No
522,2024-03-27,P006,Mixer,Home Appliances,Delhi,North,14,3500,49000,No,No
523,2024-03-28,P001,Laptop,Electronics,Mumbai,West,33,60000,1980000,No,No
524,2024-03-28,P002,Phone,Electronics,Bengaluru,South,34,30000,1020000,No,No
525,2024-03-28,P003,Chair,Furniture,Kolkata,East,33,5000,165000,No,No
526,2024-03-28,P004,Rice,Grocery,Kolkata,East,20,60,1200,No,No
527,2024-03-28,P005,Tshirt,Clothing,Delhi,North,32,800,25600,No,No
528,2024-03-28,P006,Mixer,Home Appliances,Delhi,North,13,3500,45500,No,No
529,2024-03-29,P001,Laptop,Electronics,Kolkata,East,31,60000,1860000,No,No
530,2024-03-29,P002,Phone,Electronics,Hyderabad,South,32,30000,960000,No,No
531,2024-03-29,P003,Chair,Furniture,Bengaluru,South,30,5000,150000,No,No
532,2024-03-29,P004,Rice,Grocery,Kolkata,East,30,60,1800,No,No
533,2024-03-29,P005,Tshirt,Clothing,Kolkata,East,21,800,16800,No,No
534,2024-03-29,P006,Mixer,Home Appliances,Kolkata,East,56,3500,196000,Yes,No
535,2024-03-30,P001,Laptop,Electronics,Kolkata,East,7,60000,420000,No,No
536,2024-03-30,P002,Phone,Electronics,Kolkata,East,75,30000,2250000,Yes,No
537,2024-03-30,P003,Chair,Furniture,Delhi,North,30,5000,150000,No,No
538,2024-03-30,P004,Rice,Grocery,Mumbai,West,26,60,1560,No,No
539,2024-03-30,P005,Tshirt,Clothing,Bengaluru,South,8,800,6400,No,No
540,2024-03-30,P006,Mixer,Home Appliances,Delhi,North,38,3500,133000,No,No
541,2024-03-31,P001,Laptop,Electronics,Mumbai,West,26,60000,1560000,No,No
542,2024-03-31,P002,Phone,Electronics,Delhi,North,30,30000,900000,No,No
543,2024-03-31,P003,Chair,Furniture,Bengaluru,South,18,5000,90000,No,No
544,2024-03-31,P004,Rice,Grocery,Kolkata,East,39,60,2340,No,No
545,2024-03-31,P005,Tshirt,Clothing,Delhi,North,16,800,12800,No,No
546,2024-03-31,P006,Mixer,Home Appliances,Mumbai,West,15,3500,52500,No,No
547,2024-04-01,P001,Laptop,Electronics,Hyderabad,South,95,60000,5700000,Yes,No
548,2024-04-01,P002,Phone,Electronics,Mumbai,West,38,30000,1140000,No,No
549,2024-04-01,P003,Chair,Furniture,Delhi,North,31,5000,155000,No,No
550,2024-04-01,P004,Rice,Grocery,Mumbai,West,62,60,3720,Yes,No
551,2024-04-01,P005,Tshirt,Clothing,Delhi,North,33,800,26400,No,No
552,2024-04-01,P006,Mixer,Home Appliances,Bengaluru,South,14,3500,49000,No,No
553,2024-04-02,P001,Laptop,Electronics,Kolkata,East,7,60000,420000,No,No
554,2024-04-02,P002,Phone,Electronics,Hyderabad,South,40,30000,1200000,No,No
555,2024-04-02,P003,Chair,Furniture,Bengaluru,South,29,5000,145000,No,No
556,2024-04-02,P004,Rice,Grocery,Bengaluru,South,21,60,1260,No,No
557,2024-04-02,P005,Tshirt,Clothing,Kolkata,East,35,800,28000,No,No
558,2024-04-02,P006,Mixer,Home Appliances,Mumbai,West,23,3500,80500,No,No
559,2024-04-03,P001,Laptop,Electronics,Delhi,North,23,60000,1380000,No,No
560,2024-04-03,P002,Phone,Electronics,Mumbai,West,66,30000,1980000,Yes,No
561,2024-04-03,P003,Chair,Furniture,Hyderabad,South,13,5000,65000,No,No
562,2024-04-03,P004,Rice,Grocery,Bengaluru,South,9,60,540,No,No
563,2024-04-03,P005,Tshirt,Clothing,Bengaluru,South,71,800,56800,Yes,No
564,2024-04-03,P006,Mixer,Home Appliances,Mumbai,West,32,3500,112000,No,No
565,2024-04-04,P001,Laptop,Electronics,Hyderabad,South,34,60000,2040000,No,No
566,2024-04-04,P002,Phone,Electronics,Bengaluru,South,27,30000,810000,No,No
567,2024-04-04,P003,Chair,Furniture,Kolkata,East,21,5000,105000,No,No
568,2024-04-04,P004,Rice,Grocery,Mumbai,West,9,60,540,No,No
569,2024-04-04,P005,Tshirt,Clothing,Kolkata,East,40,800,32000,No,No
570,2024-04-04,P006,Mixer,Home Appliances,Bengaluru,South,36,3500,126000,No,No
571,2024-04-05,P001,Laptop,Electronics,Kolkata,East,8,60000,480000,No,No
572,2024-04-05,P002,Phone,Electronics,Bengaluru,South,7,30000,210000,No,No
573,2024-04-05,P003,Chair,Furniture,Bengaluru,South,14,5000,70000,No,No
574,2024-04-05,P004,Rice,Grocery,Hyderabad,South,20,60,1200,No,No
575,2024-04-05,P005,Tshirt,Clothing,Mumbai,West,53,800,42400,Yes,No
576,2024-04-05,P006,Mixer,Home Appliances,Kolkata,East,28,3500,98000,No,No
577,2024-04-06,P001,Laptop,Electronics,Mumbai,West,31,60000,1860000,No,No
578,2024-04-06,P002,Phone,Electronics,Hyderabad,South,23,30000,690000,No,No
579,2024-04-06,P003,Chair,Furniture,Mumbai,West,33,5000,165000,No,No
580,2024-04-06,P004,Rice,Grocery,Mumbai,West,19,60,1140,No,No
581,2024-04-06,P005,Tshirt,Clothing,Bengaluru,South,10,800,8000,No,No
582,2024-04-06,P006,Mixer,Home Appliances,Mumbai,West,8,3500,28000,No,No
583,2024-04-07,P001,Laptop,Electronics,Delhi,North,16,60000,960000,No,No
584,2024-04-07,P002,Phone,Electronics,Mumbai,West,9,30000,270000,No,No
585,2024-04-07,P003,Chair,Furniture,Delhi,North,14,5000,70000,No,No
586,2024-04-07,P004,Rice,Grocery,Hyderabad,South,33,60,1980,No,No
587,2024-04-07,P005,Tshirt,Clothing,Bengaluru,South,7,800,5600,No,No
588,2024-04-07,P006,Mixer,Home Appliances,Delhi,North,24,3500,84000,No,No
589,2024-04-08,P001,Laptop,Electronics,Bengaluru,South,40,60000,2400000,No,No
590,2024-04-08,P002,Phone,Electronics,Mumbai,West,34,30000,1020000,Yes,No
591,2024-04-08,P003,Chair,Furniture,Mumbai,West,12,5000,60000,No,No
592,2024-04-08,P004,Rice,Grocery,Delhi,North,7,60,420,No,No
593,2024-04-08,P005,Tshirt,Clothing,Kolkata,East,28,800,22400,No,No
594,2024-04-08,P006,Mixer,Home Appliances,Kolkata,East,57,3500,199500,Yes,No
595,2024-04-09,P001,Laptop,Electronics,Delhi,North,12,60000,720000,No,No
596,2024-04-09,P002,Phone,Electronics,Kolkata,East,24,30000,720000,No,No
597,2024-04-09,P003,Chair,Furniture,Delhi,North,22,5000,110000,No,No
598,2024-04-09,P004,Rice,Grocery,Hyderabad,South,29,60,1740,No,No
599,2024-04-09,P005,Tshirt,Clothing,Bengaluru,South,58,800,46400,Yes,No
600,2024-04-09,P006,Mixer,Home Appliances,Bengaluru,South,21,3500,73500,No,No
601,2024-04-10,P001,Laptop,Electronics,Bengaluru,South,12,60000,720000,No,No
602,2024-04-10,P002,Phone,Electronics,Bengaluru,South,32,30000,960000,No,No
603,2024-04-10,P003,Chair,Furniture,Kolkata,East,13,5000,65000,No,No
604,2024-04-10,P004,Rice,Grocery,Bengaluru,South,7,60,420,No,No
605,2024-04-10,P005,Tshirt,Clothing,Bengaluru,South,11,800,8800,No,No
606,2024-04-10,P006,Mixer,Home Appliances,Delhi,North,24,3500,84000,No,No
607,2024-04-11,P001,Laptop,Electronics,Mumbai,West,27,60000,1620000,No,No
608,2024-04-11,P002,Phone,Electronics,Delhi,North,18,30000,540000,No,No
609,2024-04-11,P003,Chair,Furniture,Bengaluru,South,28,5000,140000,Yes,No
610,2024-04-11,P004,Rice,Grocery,Kolkata,East,6,60,360,No,No
611,2024-04-11,P005,Tshirt,Clothing,Hyderabad,South,37,800,29600,No,No
612,2024-04-11,P006,Mixer,Home Appliances,Delhi,North,39,3500,136500,No,No
613,2024-04-12,P001,Laptop,Electronics,Hyderabad,South,57,60000,3420000,Yes,No
614,2024-04-12,P002,Phone,Electronics,Kolkata,East,27,30000,810000,No,No
615,2024-04-12,P003,Chair,Furniture,Delhi,North,32,5000,160000,No,No
616,2024-04-12,P004,Rice,Grocery,Bengaluru,South,6,60,360,No,No
617,2024-04-12,P005,Tshirt,Clothing,Mumbai,West,19,800,15200,No,No
618,2024-04-12,P006,Mixer,Home Appliances,Kolkata,East,25,3500,87500,No,No
619,2024-04-13,P001,Laptop,Electronics,Kolkata,East,40,60000,2400000,No,No
620,2024-04-13,P002,Phone,Electronics,Delhi,North,7,30000,210000,No,No
621,2024-04-13,P003,Chair,Furniture,Delhi,North,10,5000,50000,No,No
622,2024-04-13,P004,Rice,Grocery,Hyderabad,South,7,60,420,No,No
623,2024-04-13,P005,Tshirt,Clothing,Delhi,North,7,800,5600,No,No
624,2024-04-13,P006,Mixer,Home Appliances,Kolkata,East,28,3500,98000,No,No
625,2024-04-14,P001,Laptop,Electronics,Mumbai,West,28,60000,1680000,No,No
626,2024-04-14,P002,Phone,Electronics,Delhi,North,14,30000,420000,No,No
627,2024-04-14,P003,Chair,Furniture,Bengaluru,South,9,5000,45000,No,No
628,2024-04-14,P004,Rice,Grocery,Mumbai,West,30,60,1800,No,No
629,2024-04-14,P005,Tshirt,Clothing,Delhi,North,36,800,28800,No,No
630,2024-04-14,P006,Mixer,Home Appliances,Hyderabad,South,32,3500,112000,No,No
631,2024-04-15,P001,Laptop,Electronics,Kolkata,East,35,60000,2100000,No,No
632,2024-04-15,P002,Phone,Electronics,Delhi,North,26,30000,780000,No,No
633,2024-04-15,P003,Chair,Furniture,Delhi,North,23,5000,115000,No,No
634,2024-04-15,P004,Rice,Grocery,Delhi,North,30,60,1800,No,No
635,2024-04-15,P005,Tshirt,Clothing,Bengaluru,South,14,800,11200,No,No
636,2024-04-15,P006,Mixer,Home Appliances,Hyderabad,South,17,3500,59500,No,No
637,2024-04-16,P001,Laptop,Electronics,Mumbai,West,58,60000,3480000,Yes,No
638,2024-04-16,P002,Phone,Electronics,Mumbai,West,22,30000,660000,No,No
639,2024-04-16,P003,Chair,Furniture,Kolkata,East,29,5000,145000,No,No
640,2024-04-16,P004,Rice,Grocery,Hyderabad,South,8,60,480,No,No
641,2024-04-16,P005,Tshirt,Clothing,Mumbai,West,37,800,29600,No,No
642,2024-04-16,P006,Mixer,Home Appliances,Kolkata,East,29,3500,101500,No,No
643,2024-04-17,P001,Laptop,Electronics,Mumbai,West,23,60000,1380000,No,No
644,2024-04-17,P002,Phone,Electronics,Mumbai,West,75,30000,2250000,Yes,No
645,2024-04-17,P003,Chair,Furniture,Bengaluru,South,35,5000,175000,No,No
646,2024-04-17,P004,Rice,Grocery,Mumbai,West,21,60,1260,No,No
647,2024-04-17,P005,Tshirt,Clothing,Delhi,North,30,800,24000,No,No
648,2024-04-17,P006,Mixer,Home Appliances,Bengaluru,South,25,3500,87500,No,No
649,2024-04-18,P001,Laptop,Electronics,Delhi,North,31,60000,1860000,No,No
650,2024-04-18,P002,Phone,Electronics,Bengaluru,South,22,30000,660000,No,No
651,2024-04-18,P003,Chair,Furniture,Hyderabad,South,27,5000,135000,No,No
652,2024-04-18,P004,Rice,Grocery,Kolkata,East,35,60,2100,No,No
653,2024-04-18,P005,Tshirt,Clothing,Delhi,North,5,800,4000,No,No
654,2024-04-18,P006,Mixer,Home Appliances,Delhi,North,11,3500,38500,No,No
655,2024-04-19,P001,Laptop,Electronics,Mumbai,West,34,60000,2040000,No,No
656,2024-04-19,P002,Phone,Electronics,Bengaluru,South,37,30000,1110000,No,No
657,2024-04-19,P003,Chair,Furniture,Delhi,North,20,5000,100000,No,No
658,2024-04-19,P004,Rice,Grocery,Hyderabad,South,14,60,840,No,No
659,2024-04-19,P005,Tshirt,Clothing,Mumbai,West,32,800,25600,No,No
660,2024-04-19,P006,Mixer,Home Appliances,Delhi,North,32,3500,112000,No,No
661,2024-04-20,P001,Laptop,Electronics,Kolkata,East,31,60000,1860000,No,No
662,2024-04-20,P002,Phone,Electronics,Delhi,North,25,30000,750000,No,No
663,2024-04-20,P003,Chair,Furniture,Bengaluru,South,14,5000,70000,No,No
664,2024-04-20,P004,Rice,Grocery,Hyderabad,South,36,60,2160,No,No
665,2024-04-20,P005,Tshirt,Clothing,Delhi,North,7,800,5600,No,No
666,2024-04-20,P006,Mixer,Home Appliances,Kolkata,East,38,3500,133000,No,No
667,2024-04-21,P001,Laptop,Electronics,Kolkata,East,19,60000,1140000,No,No
668,2024-04-21,P002,Phone,Electronics,Bengaluru,South,16,30000,480000,No,No
669,2024-04-21,P003,Chair,Furniture,Hyderabad,South,27,5000,135000,No,No
670,2024-04-21,P004,Rice,Grocery,Mumbai,West,31,60,1860,No,No
671,2024-04-21,P005,Tshirt,Clothing,Kolkata,East,25,800,20000,No,No
672,2024-04-21,P006,Mixer,Home Appliances,Delhi,North,14,3500,49000,No,No
673,2024-04-22,P001,Laptop,Electronics,Hyderabad,South,50,60000,3000000,Yes,No
674,2024-04-22,P002,Phone,Electronics,Bengaluru,South,39,30000,1170000,No,No
675,2024-04-22,P003,Chair,Furniture,Mumbai,West,12,5000,60000,No,No
676,2024-04-22,P004,Rice,Grocery,Bengaluru,South,34,60,2040,No,No
677,2024-04-22,P005,Tshirt,Clothing,Mumbai,West,15,800,12000,No,No
678,2024-04-22,P006,Mixer,Home Appliances,Hyderabad,South,81,3500,283500,Yes,No
679,2024-04-23,P001,Laptop,Electronics,Delhi,North,8,60000,480000,No,No
680,2024-04-23,P002,Phone,Electronics,Mumbai,West,33,30000,990000,No,No
681,2024-04-23,P003,Chair,Furniture,Kolkata,East,32,5000,160000,No,No
682,2024-04-23,P004,Rice,Grocery,Hyderabad,South,5,60,300,No,No
683,2024-04-23,P005,Tshirt,Clothing,Hyderabad,South,39,800,31200,No,No
684,2024-04-23,P006,Mixer,Home Appliances,Hyderabad,South,46,3500,161000,Yes,No
685,2024-04-24,P001,Laptop,Electronics,Delhi,North,22,60000,1320000,No,No
686,2024-04-24,P002,Phone,Electronics,Bengaluru,South,18,30000,540000,No,No
687,2024-04-24,P003,Chair,Furniture,Bengaluru,South,11,5000,55000,No,No
688,2024-04-24,P004,Rice,Grocery,Hyderabad,South,7,60,420,No,No
689,2024-04-24,P005,Tshirt,Clothing,Delhi,North,9,800,7200,No,No
690,2024-04-24,P006,Mixer,Home Appliances,Bengaluru,South,20,3500,70000,No,No
691,2024-04-25,P001,Laptop,Electronics,Mumbai,West,23,60000,1380000,No,No
692,2024-04-25,P002,Phone,Electronics,Mumbai,West,39,30000,1170000,No,No
693,2024-04-25,P003,Chair,Furniture,Mumbai,West,9,5000,45000,No,No
694,2024-04-25,P004,Rice,Grocery,Delhi,North,13,60,780,No,No
695,2024-04-25,P005,Tshirt,Clothing,Kolkata,East,21,800,16800,No,No
696,2024-04-25,P006,Mixer,Home Appliances,Bengaluru,South,15,3500,52500,No,No
697,2024-04-26,P001,Laptop,Electronics,Delhi,North,15,60000,900000,No,No
698,2024-04-26,P002,Phone,Electronics,Kolkata,East,32,30000,960000,No,No
699,2024-04-26,P003,Chair,Furniture,Bengaluru,South,9,5000,45000,No,No
700,2024-04-26,P004,Rice,Grocery,Hyderabad,South,39,60,2340,No,No
701,2024-04-26,P005,Tshirt,Clothing,Bengaluru,South,31,800,24800,No,No
702,2024-04-26,P006,Mixer,Home Appliances,Hyderabad,South,26,3500,91000,No,No
703,2024-04-27,P001,Laptop,Electronics,Hyderabad,South,38,60000,2280000,No,No
704,2024-04-27,P002,Phone,Electronics,Delhi,North,64,30000,1920000,Yes,No
705,2024-04-27,P003,Chair,Furniture,Mumbai,West,39,5000,195000,No,No
706,2024-04-27,P004,Rice,Grocery,Mumbai,West,53,60,3180,Yes,No
707,2024-04-27,P005,Tshirt,Clothing,Hyderabad,South,16,800,12800,No,No
708,2024-04-27,P006,Mixer,Home Appliances,Kolkata,East,40,3500,140000,No,No
709,2024-04-28,P001,Laptop,Electronics,Bengaluru,South,26,60000,1560000,No,No
710,2024-04-28,P002,Phone,Electronics,Kolkata,East,62,30000,1860000,Yes,No
711,2024-04-28,P003,Chair,Furniture,Kolkata,East,16,5000,80000,No,No
712,2024-04-28,P004,Rice,Grocery,Hyderabad,South,28,60,1680,No,No
713,2024-04-28,P005,Tshirt,Clothing,Mumbai,West,47,800,37600,Yes,No
714,2024-04-28,P006,Mixer,Home Appliances,Bengaluru,South,20,3500,70000,No,No
715,2024-04-29,P001,Laptop,Electronics,Kolkata,East,35,60000,2100000,No,No
716,2024-04-29,P002,Phone,Electronics,Delhi,North,29,30000,870000,No,No
717,2024-04-29,P003,Chair,Furniture,Mumbai,West,15,5000,75000,No,No
718,2024-04-29,P004,Rice,Grocery,Hyderabad,South,17,60,1020,No,No
719,2024-04-29,P005,Tshirt,Clothing,Delhi,North,27,800,21600,No,No
720,2024-04-29,P006,Mixer,Home Appliances,Bengaluru,South,18,3500,63000,No,No
721,2024-04-30,P001,Laptop,Electronics,Bengaluru,South,20,60000,1200000,No,No
722,2024-04-30,P002,Phone,Electronics,Kolkata,East,31,30000,930000,No,No
723,2024-04-30,P003,Chair,Furniture,Delhi,North,7,5000,35000,No,No
724,2024-04-30,P004,Rice,Grocery,Delhi,North,18,60,1080,No,No
725,2024-04-30,P005,Tshirt,Clothing,Mumbai,West,32,800,25600,No,No
726,2024-04-30,P006,Mixer,Home Appliances,Hyderabad,South,32,3500,112000,No,No
727,2024-05-01,P001,Laptop,Electronics,Kolkata,East,6,60000,360000,No,No
728,2024-05-01,P002,Phone,Electronics,Mumbai,West,43,30000,1290000,Yes,No
729,2024-05-01,P003,Chair,Furniture,Delhi,North,41,5000,205000,Yes,No
730,2024-05-01,P004,Rice,Grocery,Kolkata,East,7,60,420,No,No
731,2024-05-01,P005,Tshirt,Clothing,Delhi,North,14,800,11200,No,No
732,2024-05-01,P006,Mixer,Home Appliances,Bengaluru,South,9,3500,31500,No,No
733,2024-05-02,P001,Laptop,Electronics,Mumbai,West,12,60000,720000,No,No
734,2024-05-02,P002,Phone,Electronics,Delhi,North,6,30000,180000,No,No
735,2024-05-02,P003,Chair,Furniture,Delhi,North,37,5000,185000,No,No
736,2024-05-02,P004,Rice,Grocery,Mumbai,West,82,60,4920,Yes,No
737,2024-05-02,P005,Tshirt,Clothing,Bengaluru,South,29,800,23200,No,No
738,2024-05-02,P006,Mixer,Home Appliances,Bengaluru,South,32,3500,112000,Yes,No
739,2024-05-03,P001,Laptop,Electronics,Delhi,North,15,60000,900000,No,No
740,2024-05-03,P002,Phone,Electronics,Kolkata,East,13,30000,390000,No,No
741,2024-05-03,P003,Chair,Furniture,Bengaluru,South,16,5000,80000,No,No
742,2024-05-03,P004,Rice,Grocery,Mumbai,West,14,60,840,No,No
743,2024-05-03,P005,Tshirt,Clothing,Hyderabad,South,26,800,20800,No,No
744,2024-05-03,P006,Mixer,Home Appliances,Hyderabad,South,6,3500,21000,No,No
745,2024-05-04,P001,Laptop,Electronics,Delhi,North,38,60000,2280000,No,No
746,2024-05-04,P002,Phone,Electronics,Bengaluru,South,22,30000,660000,No,No
747,2024-05-04,P003,Chair,Furniture,Kolkata,East,31,5000,155000,No,No
748,2024-05-04,P004,Rice,Grocery,Mumbai,West,28,60,1680,No,No
749,2024-05-04,P005,Tshirt,Clothing,Bengaluru,South,14,800,11200,No,No
750,2024-05-04,P006,Mixer,Home Appliances,Mumbai,West,38,3500,133000,No,No
751,2024-05-05,P001,Laptop,Electronics,Kolkata,East,8,60000,480000,No,No
752,2024-05-05,P002,Phone,Electronics,Bengaluru,South,15,30000,450000,No,No
753,2024-05-05,P003,Chair,Furniture,Mumbai,West,38,5000,190000,No,No
754,2024-05-05,P004,Rice,Grocery,Bengaluru,South,14,60,840,No,No
755,2024-05-05,P005,Tshirt,Clothing,Hyderabad,South,13,800,10400,No,No
756,2024-05-05,P006,Mixer,Home Appliances,Hyderabad,South,31,3500,108500,No,No
757,2024-05-06,P001,Laptop,Electronics,Delhi,North,18,60000,1080000,No,No
758,2024-05-06,P002,Phone,Electronics,Mumbai,West,29,30000,870000,No,No
759,2024-05-06,P003,Chair,Furniture,Kolkata,East,12,5000,60000,No,No
760,2024-05-06,P004,Rice,Grocery,Kolkata,East,43,60,2580,Yes,No
761,2024-05-06,P005,Tshirt,Clothing,Bengaluru,South,17,800,13600,No,No
762,2024-05-06,P006,Mixer,Home Appliances,Hyderabad,South,8,3500,28000,No,No
763,2024-05-07,P001,Laptop,Electronics,Bengaluru,South,8,60000,480000,No,No
764,2024-05-07,P002,Phone,Electronics,Mumbai,West,31,30000,930000,No,No
765,2024-05-07,P003,Chair,Furniture,Hyderabad,South,23,5000,115000,No,No
766,2024-05-07,P004,Rice,Grocery,Delhi,North,37,60,2220,No,No
767,2024-05-07,P005,Tshirt,Clothing,Delhi,North,37,800,29600,No,No
768,2024-05-07,P006,Mixer,Home Appliances,Delhi,North,32,3500,112000,No,No
769,2024-05-08,P001,Laptop,Electronics,Mumbai,West,27,60000,1620000,No,No
770,2024-05-08,P002,Phone,Electronics,Delhi,North,15,30000,450000,No,No
771,2024-05-08,P003,Chair,Furniture,Mumbai,West,17,5000,85000,No,No
772,2024-05-08,P004,Rice,Grocery,Hyderabad,South,23,60,1380,No,No
773,2024-05-08,P005,Tshirt,Clothing,Hyderabad,South,14,800,11200,No,No
774,2024-05-08,P006,Mixer,Home Appliances,Kolkata,East,32,3500,112000,No,No
775,2024-05-09,P001,Laptop,Electronics,Delhi,North,56,60000,3360000,Yes,No
776,2024-05-09,P002,Phone,Electronics,Hyderabad,South,23,30000,690000,No,No
777,2024-05-09,P003,Chair,Furniture,Bengaluru,South,40,5000,200000,No,No
778,2024-05-09,P004,Rice,Grocery,Hyderabad,South,16,60,960,No,No
779,2024-05-09,P005,Tshirt,Clothing,Kolkata,East,16,800,12800,No,No
780,2024-05-09,P006,Mixer,Home Appliances,Mumbai,West,30,3500,105000,No,No
781,2024-05-10,P001,Laptop,Electronics,Mumbai,West,84,60000,5040000,Yes,No
782,2024-05-10,P002,Phone,Electronics,Delhi,North,5,30000,150000,No,No
783,2024-05-10,P003,Chair,Furniture,Kolkata,East,36,5000,180000,No,No
784,2024-05-10,P004,Rice,Grocery,Bengaluru,South,30,60,1800,No,No
785,2024-05-10,P005,Tshirt,Clothing,Delhi,North,12,800,9600,No,No
786,2024-05-10,P006,Mixer,Home Appliances,Bengaluru,South,6,3500,21000,No,No
787,2024-05-11,P001,Laptop,Electronics,Kolkata,East,90,60000,5400000,Yes,No
788,2024-05-11,P002,Phone,Electronics,Kolkata,East,38,30000,1140000,No,No
789,2024-05-11,P003,Chair,Furniture,Bengaluru,South,39,5000,195000,No,No
790,2024-05-11,P004,Rice,Grocery,Mumbai,West,11,60,660,No,No
791,2024-05-11,P005,Tshirt,Clothing,Mumbai,West,26,800,20800,No,No
792,2024-05-11,P006,Mixer,Home Appliances,Mumbai,West,15,3500,52500,No,No
793,2024-05-12,P001,Laptop,Electronics,Kolkata,East,71,60000,4260000,Yes,No
794,2024-05-12,P002,Phone,Electronics,Hyderabad,South,21,30000,630000,No,No
795,2024-05-12,P003,Chair,Furniture,Delhi,North,18,5000,90000,No,No
796,2024-05-12,P004,Rice,Grocery,Mumbai,West,88,60,5280,Yes,No
797,2024-05-12,P005,Tshirt,Clothing,Hyderabad,South,17,800,13600,No,No
798,2024-05-12,P006,Mixer,Home Appliances,Bengaluru,South,22,3500,77000,No,No
799,2024-05-13,P001,Laptop,Electronics,Bengaluru,South,20,60000,1200000,No,No
800,2024-05-13,P002,Phone,Electronics,Hyderabad,South,37,30000,1110000,No,No
801,2024-05-13,P003,Chair,Furniture,Mumbai,West,84,5000,420000,Yes,No
802,2024-05-13,P004,Rice,Grocery,Hyderabad,South,34,60,2040,No,No
803,2024-05-13,P005,Tshirt,Clothing,Hyderabad,South,37,800,29600,No,No
804,2024-05-13,P006,Mixer,Home Appliances,Mumbai,West,15,3500,52500,No,No
805,2024-05-14,P001,Laptop,Electronics,Bengaluru,South,22,60000,1320000,No,No
806,2024-05-14,P002,Phone,Electronics,Mumbai,West,16,30000,480000,No,No
807,2024-05-14,P003,Chair,Furniture,Bengaluru,South,9,5000,45000,No,No
808,2024-05-14,P004,Rice,Grocery,Hyderabad,South,36,60,2160,No,No
809,2024-05-14,P005,Tshirt,Clothing,Delhi,North,17,800,13600,No,No
810,2024-05-14,P006,Mixer,Home Appliances,Kolkata,East,17,3500,59500,No,No
811,2024-05-15,P001,Laptop,Electronics,Bengaluru,South,30,60000,1800000,No,No
812,2024-05-15,P002,Phone,Electronics,Bengaluru,South,35,30000,1050000,No,No
813,2024-05-15,P003,Chair,Furniture,Hyderabad,South,26,5000,130000,No,No
814,2024-05-15,P004,Rice,Grocery,Mumbai,West,38,60,2280,No,No
815,2024-05-15,P005,Tshirt,Clothing,Bengaluru,South,21,800,16800,No,No
816,2024-05-15,P006,Mixer,Home Appliances,Hyderabad,South,10,3500,35000,No,No
817,2024-05-16,P001,Laptop,Electronics,Delhi,North,39,60000,2340000,No,No
818,2024-05-16,P002,Phone,Electronics,Mumbai,West,23,30000,690000,No,No
819,2024-05-16,P003,Chair,Furniture,Delhi,North,33,5000,165000,No,No
820,2024-05-16,P004,Rice,Grocery,Delhi,North,27,60,1620,No,No
821,2024-05-16,P005,Tshirt,Clothing,Kolkata,East,69,800,55200,Yes,No
822,2024-05-16,P006,Mixer,Home Appliances,Kolkata,East,38,3500,133000,No,No
823,2024-05-17,P001,Laptop,Electronics,Bengaluru,South,6,60000,360000,No,No
824,2024-05-17,P002,Phone,Electronics,Mumbai,West,10,30000,300000,No,No
825,2024-05-17,P003,Chair,Furniture,Delhi,North,16,5000,80000,No,No
826,2024-05-17,P004,Rice,Grocery,Bengaluru,South,5,60,300,No,No
827,2024-05-17,P005,Tshirt,Clothing,Kolkata,East,14,800,11200,No,No
828,2024-05-17,P006,Mixer,Home Appliances,Hyderabad,South,34,3500,119000,No,No
829,2024-05-18,P001,Laptop,Electronics,Hyderabad,South,48,60000,2880000,Yes,No
830,2024-05-18,P002,Phone,Electronics,Mumbai,West,34,30000,1020000,No,No
831,2024-05-18,P003,Chair,Furniture,Hyderabad,South,33,5000,165000,No,No
832,2024-05-18,P004,Rice,Grocery,Delhi,North,10,60,600,No,No
833,2024-05-18,P005,Tshirt,Clothing,Hyderabad,South,86,800,68800,Yes,No
834,2024-05-18,P006,Mixer,Home Appliances,Delhi,North,26,3500,91000,No,No
835,2024-05-19,P001,Laptop,Electronics,Delhi,North,37,60000,2220000,No,No
836,2024-05-19,P002,Phone,Electronics,Kolkata,East,26,30000,780000,No,No
837,2024-05-19,P003,Chair,Furniture,Delhi,North,29,5000,145000,No,No
838,2024-05-19,P004,Rice,Grocery,Bengaluru,South,37,60,2220,No,No
839,2024-05-19,P005,Tshirt,Clothing,Hyderabad,South,56,800,44800,Yes,No
840,2024-05-19,P006,Mixer,Home Appliances,Mumbai,West,7,3500,24500,No,No
841,2024-05-20,P001,Laptop,Electronics,Hyderabad,South,23,60000,1380000,No,No
842,2024-05-20,P002,Phone,Electronics,Mumbai,West,40,30000,1200000,No,No
843,2024-05-20,P003,Chair,Furniture,Mumbai,West,24,5000,120000,No,No
844,2024-05-20,P004,Rice,Grocery,Hyderabad,South,32,60,1920,No,No
845,2024-05-20,P005,Tshirt,Clothing,Hyderabad,South,44,800,35200,Yes,No
846,2024-05-20,P006,Mixer,Home Appliances,Mumbai,West,18,3500,63000,No,No
847,2024-05-21,P001,Laptop,Electronics,Kolkata,East,29,60000,1740000,No,No
848,2024-05-21,P002,Phone,Electronics,Hyderabad,South,39,30000,1170000,No,No
849,2024-05-21,P003,Chair,Furniture,Kolkata,East,54,5000,270000,Yes,No
850,2024-05-21,P004,Rice,Grocery,Hyderabad,South,12,60,720,No,No
851,2024-05-21,P005,Tshirt,Clothing,Kolkata,East,81,800,64800,Yes,No
852,2024-05-21,P006,Mixer,Home Appliances,Hyderabad,South,20,3500,70000,No,No
853,2024-05-22,P001,Laptop,Electronics,Mumbai,West,13,60000,780000,No,No
854,2024-05-22,P002,Phone,Electronics,Hyderabad,South,12,30000,360000,No,No
855,2024-05-22,P003,Chair,Furniture,Delhi,North,12,5000,60000,No,No
856,2024-05-22,P004,Rice,Grocery,Bengaluru,South,27,60,1620,No,No
857,2024-05-22,P005,Tshirt,Clothing,Hyderabad,South,22,800,17600,No,No
858,2024-05-22,P006,Mixer,Home Appliances,Delhi,North,36,3500,126000,No,No
859,2024-05-23,P001,Laptop,Electronics,Delhi,North,14,60000,840000,No,No
860,2024-05-23,P002,Phone,Electronics,Delhi,North,38,30000,1140000,No,No
861,2024-05-23,P003,Chair,Furniture,Mumbai,West,15,5000,75000,No,No
862,2024-05-23,P004,Rice,Grocery,Kolkata,East,24,60,1440,No,No
863,2024-05-23,P005,Tshirt,Clothing,Hyderabad,South,15,800,12000,No,No
864,2024-05-23,P006,Mixer,Home Appliances,Bengaluru,South,10,3500,35000,No,No
865,2024-05-24,P001,Laptop,Electronics,Delhi,North,21,60000,1260000,No,No
866,2024-05-24,P002,Phone,Electronics,Bengaluru,South,21,30000,630000,No,No
867,2024-05-24,P003,Chair,Furniture,Kolkata,East,30,5000,150000,No,No
868,2024-05-24,P004,Rice,Grocery,Kolkata,East,33,60,1980,No,No
869,2024-05-24,P005,Tshirt,Clothing,Kolkata,East,24,800,19200,No,No
870,2024-05-24,P006,Mixer,Home Appliances,Mumbai,West,27,3500,94500,No,No
871,2024-05-25,P001,Laptop,Electronics,Kolkata,East,36,60000,2160000,No,No
872,2024-05-25,P002,Phone,Electronics,Bengaluru,South,13,30000,390000,No,No
873,2024-05-25,P003,Chair,Furniture,Delhi,North,8,5000,40000,No,No
874,2024-05-25,P004,Rice,Grocery,Bengaluru,South,36,60,2160,No,No
875,2024-05-25,P005,Tshirt,Clothing,Hyderabad,South,32,800,25600,No,No
876,2024-05-25,P006,Mixer,Home Appliances,Hyderabad,South,28,3500,98000,No,No
877,2024-05-26,P001,Laptop,Electronics,Kolkata,East,25,60000,1500000,No,No
878,2024-05-26,P002,Phone,Electronics,Delhi,North,83,30000,2490000,Yes,No
879,2024-05-26,P003,Chair,Furniture,Hyderabad,South,7,5000,35000,No,No
880,2024-05-26,P004,Rice,Grocery,Mumbai,West,15,60,900,No,No
881,2024-05-26,P005,Tshirt,Clothing,Hyderabad,South,60,800,48000,Yes,No
882,2024-05-26,P006,Mixer,Home Appliances,Delhi,North,21,3500,73500,No,No
883,2024-05-27,P001,Laptop,Electronics,Delhi,North,30,60000,1800000,No,No
884,2024-05-27,P002,Phone,Electronics,Bengaluru,South,32,30000,960000,No,No
885,2024-05-27,P003,Chair,Furniture,Kolkata,East,31,5000,155000,No,No
886,2024-05-27,P004,Rice,Grocery,Hyderabad,South,28,60,1680,No,No
887,2024-05-27,P005,Tshirt,Clothing,Mumbai,West,8,800,6400,No,No
888,2024-05-27,P006,Mixer,Home Appliances,Mumbai,West,28,3500,98000,No,No
889,2024-05-28,P001,Laptop,Electronics,Hyderabad,South,12,60000,720000,No,No
890,2024-05-28,P002,Phone,Electronics,Hyderabad,South,37,30000,1110000,No,No
891,2024-05-28,P003,Chair,Furniture,Mumbai,West,17,5000,85000,No,No
892,2024-05-28,P004,Rice,Grocery,Mumbai,West,5,60,300,No,No
893,2024-05-28,P005,Tshirt,Clothing,Delhi,North,8,800,6400,No,No
894,2024-05-28,P006,Mixer,Home Appliances,Delhi,North,32,3500,112000,No,No
895,2024-05-29,P001,Laptop,Electronics,Mumbai,West,18,60000,1080000,No,No
896,2024-05-29,P002,Phone,Electronics,Mumbai,West,18,30000,540000,No,No
897,2024-05-29,P003,Chair,Furniture,Bengaluru,South,7,5000,35000,No,No
898,2024-05-29,P004,Rice,Grocery,Kolkata,East,30,60,1800,No,No
899,2024-05-29,P005,Tshirt,Clothing,Delhi,North,30,800,24000,No,No
900,2024-05-29,P006,Mixer,Home Appliances,Mumbai,West,19,3500,66500,No,No
901,2024-05-30,P001,Laptop,Electronics,Delhi,North,34,60000,2040000,No,No
902,2024-05-30,P002,Phone,Electronics,Mumbai,West,9,30000,270000,No,No
903,2024-05-30,P003,Chair,Furniture,Bengaluru,South,30,5000,150000,No,No
904,2024-05-30,P004,Rice,Grocery,Hyderabad,South,30,60,1800,No,No
905,2024-05-30,P005,Tshirt,Clothing,Kolkata,East,39,800,31200,No,No
906,2024-05-30,P006,Mixer,Home Appliances,Hyderabad,South,18,3500,63000,No,No
907,2024-05-31,P001,Laptop,Electronics,Bengaluru,South,7,60000,420000,No,No
908,2024-05-31,P002,Phone,Electronics,Mumbai,West,37,30000,1110000,No,No
909,2024-05-31,P003,Chair,Furniture,Kolkata,East,60,5000,300000,Yes,No
910,2024-05-31,P004,Rice,Grocery,Kolkata,East,24,60,1440,No,No
911,2024-05-31,P005,Tshirt,Clothing,Bengaluru,South,50,800,40000,Yes,No
912,2024-05-31,P006,Mixer,Home Appliances,Bengaluru,South,6,3500,21000,No,No
913,2024-06-01,P001,Laptop,Electronics,Delhi,North,30,60000,1800000,No,No
914,2024-06-01,P002,Phone,Electronics,Delhi,North,14,30000,420000,No,No
915,2024-06-01,P003,Chair,Furniture,Hyderabad,South,20,5000,100000,No,No
916,2024-06-01,P004,Rice,Grocery,Bengaluru,South,30,60,1800,No,No
917,2024-06-01,P005,Tshirt,Clothing,Bengaluru,South,34,800,27200,No,No
918,2024-06-01,P006,Mixer,Home Appliances,Hyderabad,South,9,3500,31500,No,No
919,2024-06-02,P001,Laptop,Electronics,Bengaluru,South,32,60000,1920000,No,No
920,2024-06-02,P002,Phone,Electronics,Delhi,North,44,30000,1320000,Yes,No
921,2024-06-02,P003,Chair,Furniture,Delhi,North,26,5000,130000,No,No
922,2024-06-02,P004,Rice,Grocery,Hyderabad,South,36,60,2160,No,No
923,2024-06-02,P005,Tshirt,Clothing,Mumbai,West,21,800,16800,No,No
924,2024-06-02,P006,Mixer,Home Appliances,Hyderabad,South,18,3500,63000,No,No
925,2024-06-03,P001,Laptop,Electronics,Hyderabad,South,27,60000,1620000,No,No
926,2024-06-03,P002,Phone,Electronics,Bengaluru,South,9,30000,270000,No,No
927,2024-06-03,P003,Chair,Furniture,Kolkata,East,37,5000,185000,No,No
928,2024-06-03,P004,Rice,Grocery,Hyderabad,South,7,60,420,No,No
929,2024-06-03,P005,Tshirt,Clothing,Hyderabad,South,15,800,12000,No,No
930,2024-06-03,P006,Mixer,Home Appliances,Kolkata,East,36,3500,126000,Yes,No
931,2024-06-04,P001,Laptop,Electronics,Mumbai,West,6,60000,360000,No,No
932,2024-06-04,P002,Phone,Electronics,Delhi,North,30,30000,900000,No,No
933,2024-06-04,P003,Chair,Furniture,Bengaluru,South,12,5000,60000,No,No
934,2024-06-04,P004,Rice,Grocery,Hyderabad,South,26,60,1560,No,No
935,2024-06-04,P005,Tshirt,Clothing,Bengaluru,South,28,800,22400,No,No
936,2024-06-04,P006,Mixer,Home Appliances,Mumbai,West,11,3500,38500,No,No
937,2024-06-05,P001,Laptop,Electronics,Mumbai,West,34,60000,2040000,No,No
938,2024-06-05,P002,Phone,Electronics,Delhi,North,7,30000,210000,No,No
939,2024-06-05,P003,Chair,Furniture,Hyderabad,South,39,5000,195000,No,No
940,2024-06-05,P004,Rice,Grocery,Delhi,North,5,60,300,No,No
941,2024-06-05,P005,Tshirt,Clothing,Kolkata,East,14,800,11200,No,No
942,2024-06-05,P006,Mixer,Home Appliances,Hyderabad,South,6,3500,21000,No,No
943,2024-06-06,P001,Laptop,Electronics,Bengaluru,South,88,60000,5280000,Yes,No
944,2024-06-06,P002,Phone,Electronics,Delhi,North,21,30000,630000,No,No
945,2024-06-06,P003,Chair,Furniture,Kolkata,East,19,5000,95000,No,No
946,2024-06-06,P004,Rice,Grocery,Mumbai,West,6,60,360,No,No
947,2024-06-06,P005,Tshirt,Clothing,Kolkata,East,38,800,30400,No,No
948,2024-06-06,P006,Mixer,Home Appliances,Mumbai,West,8,3500,28000,No,No
949,2024-06-07,P001,Laptop,Electronics,Mumbai,West,31,60000,1860000,No,No
950,2024-06-07,P002,Phone,Electronics,Hyderabad,South,27,30000,810000,No,No
951,2024-06-07,P003,Chair,Furniture,Kolkata,East,71,5000,355000,Yes,No
952,2024-06-07,P004,Rice,Grocery,Mumbai,West,39,60,2340,No,No
953,2024-06-07,P005,Tshirt,Clothing,Mumbai,West,25,800,20000,No,No
954,2024-06-07,P006,Mixer,Home Appliances,Hyderabad,South,13,3500,45500,No,No
955,2024-06-08,P001,Laptop,Electronics,Mumbai,West,9,60000,540000,No,No
956,2024-06-08,P002,Phone,Electronics,Bengaluru,South,27,30000,810000,No,No
957,2024-06-08,P003,Chair,Furniture,Kolkata,East,15,5000,75000,No,No
958,2024-06-08,P004,Rice,Grocery,Kolkata,East,14,60,840,No,No
959,2024-06-08,P005,Tshirt,Clothing,Mumbai,West,27,800,21600,No,No
960,2024-06-08,P006,Mixer,Home Appliances,Bengaluru,South,36,3500,126000,No,No
961,2024-06-09,P001,Laptop,Electronics,Mumbai,West,21,60000,1260000,No,No
962,2024-06-09,P002,Phone,Electronics,Hyderabad,South,74,30000,2220000,Yes,No
963,2024-06-09,P003,Chair,Furniture,Delhi,North,35,5000,175000,No,No
964,2024-06-09,P004,Rice,Grocery,Hyderabad,South,11,60,660,No,No
965,2024-06-09,P005,Tshirt,Clothing,Hyderabad,South,68,800,54400,Yes,No
966,2024-06-09,P006,Mixer,Home Appliances,Kolkata,East,11,3500,38500,No,No
967,2024-06-10,P001,Laptop,Electronics,Delhi,North,26,60000,1560000,No,No
968,2024-06-10,P002,Phone,Electronics,Hyderabad,South,5,30000,150000,No,No
969,2024-06-10,P003,Chair,Furniture,Hyderabad,South,7,5000,35000,No,No
970,2024-06-10,P004,Rice,Grocery,Bengaluru,South,16,60,960,No,No
971,2024-06-10,P005,Tshirt,Clothing,Mumbai,West,22,800,17600,No,No
972,2024-06-10,P006,Mixer,Home Appliances,Kolkata,East,24,3500,84000,No,No
973,2024-06-11,P001,Laptop,Electronics,Mumbai,West,9,60000,540000,No,No
974,2024-06-11,P002,Phone,Electronics,Bengaluru,South,7,30000,210000,No,No
975,2024-06-11,P003,Chair,Furniture,Mumbai,West,33,5000,165000,No,No
976,2024-06-11,P004,Rice,Grocery,Delhi,North,19,60,1140,No,No
977,2024-06-11,P005,Tshirt,Clothing,Mumbai,West,8,800,6400,No,No
978,2024-06-11,P006,Mixer,Home Appliances,Mumbai,West,39,3500,136500,No,No
979,2024-06-12,P001,Laptop,Electronics,Kolkata,East,36,60000,2160000,No,No
980,2024-06-12,P002,Phone,Electronics,Kolkata,East,60,30000,1800000,Yes,No
981,2024-06-12,P003,Chair,Furniture,Mumbai,West,40,5000,200000,No,No
982,2024-06-12,P004,Rice,Grocery,Delhi,North,11,60,660,No,No
983,2024-06-12,P005,Tshirt,Clothing,Hyderabad,South,10,800,8000,No,No
984,2024-06-12,P006,Mixer,Home Appliances,Mumbai,West,7,3500,24500,No,No
985,2024-06-13,P001,Laptop,Electronics,Kolkata,East,10,60000,600000,No,No
986,2024-06-13,P002,Phone,Electronics,Mumbai,West,32,30000,960000,No,No
987,2024-06-13,P003,Chair,Furniture,Delhi,North,49,5000,245000,Yes,No
988,2024-06-13,P004,Rice,Grocery,Delhi,North,15,60,900,No,No
989,2024-06-13,P005,Tshirt,Clothing,Mumbai,West,25,800,20000,No,No
990,2024-06-13,P006,Mixer,Home Appliances,Mumbai,West,34,3500,119000,No,No
991,2024-06-14,P001,Laptop,Electronics,Delhi,North,26,60000,1560000,No,No
992,2024-06-14,P002,Phone,Electronics,Mumbai,West,23,30000,690000,No,No
993,2024-06-14,P003,Chair,Furniture,Delhi,North,14,5000,70000,No,No
994,2024-06-14,P004,Rice,Grocery,Kolkata,East,10,60,600,No,No
995,2024-06-14,P005,Tshirt,Clothing,Kolkata,East,23,800,18400,No,No
996,2024-06-14,P006,Mixer,Home Appliances,Kolkata,East,14,3500,49000,No,No
997,2024-06-15,P001,Laptop,Electronics,Bengaluru,South,50,60000,3000000,Yes,No
998,2024-06-15,P002,Phone,Electronics,Mumbai,West,40,30000,1200000,No,No
999,2024-06-15,P003,Chair,Furniture,Kolkata,East,40,5000,200000,No,No
1000,2024-06-15,P004,Rice,Grocery,Mumbai,West,18,60,1080,No,No
1001,2024-06-15,P005,Tshirt,Clothing,Mumbai,West,16,800,12800,No,No
1002,2024-06-15,P006,Mixer,Home Appliances,Hyderabad,South,8,3500,28000,No,No
1003,2024-06-16,P001,Laptop,Electronics,Delhi,North,11,60000,660000,No,No
1004,2024-06-16,P002,Phone,Electronics,Delhi,North,36,30000,1080000,No,No
1005,2024-06-16,P003,Chair,Furniture,Kolkata,East,8,5000,40000,No,No
1006,2024-06-16,P004,Rice,Grocery,Hyderabad,South,14,60,840,No,No
1007,2024-06-16,P005,Tshirt,Clothing,Bengaluru,South,49,800,39200,Yes,No
1008,2024-06-16,P006,Mixer,Home Appliances,Delhi,North,39,3500,136500,No,No
1009,2024-06-17,P001,Laptop,Electronics,Delhi,North,39,60000,2340000,No,No
1010,2024-06-17,P002,Phone,Electronics,Bengaluru,South,29,30000,870000,No,No
1011,2024-06-17,P003,Chair,Furniture,Mumbai,West,24,5000,120000,No,No
1012,2024-06-17,P004,Rice,Grocery,Mumbai,West,17,60,1020,No,No
1013,2024-06-17,P005,Tshirt,Clothing,Kolkata,East,12,800,9600,No,No
1014,2024-06-17,P006,Mixer,Home Appliances,Kolkata,East,25,3500,87500,No,No
1015,2024-06-18,P001,Laptop,Electronics,Delhi,North,8,60000,480000,No,No
1016,2024-06-18,P002,Phone,Electronics,Mumbai,West,24,30000,720000,No,No
1017,2024-06-18,P003,Chair,Furniture,Mumbai,West,5,5000,25000,No,No
1018,2024-06-18,P004,Rice,Grocery,Kolkata,East,59,60,3540,Yes,No
1019,2024-06-18,P005,Tshirt,Clothing,Hyderabad,South,13,800,10400,No,No
1020,2024-06-18,P006,Mixer,Home Appliances,Delhi,North,27,3500,94500,No,No
1021,2024-06-19,P001,Laptop,Electronics,Kolkata,East,6,60000,360000,No,No
1022,2024-06-19,P002,Phone,Electronics,Bengaluru,South,35,30000,1050000,No,No
1023,2024-06-19,P003,Chair,Furniture,Hyderabad,South,25,5000,125000,No,No
1024,2024-06-19,P004,Rice,Grocery,Delhi,North,73,60,4380,Yes,No
1025,2024-06-19,P005,Tshirt,Clothing,Bengaluru,South,31,800,24800,No,No
1026,2024-06-19,P006,Mixer,Home Appliances,Bengaluru,South,14,3500,49000,No,No
1027,2024-06-20,P001,Laptop,Electronics,Bengaluru,South,30,60000,1800000,No,No
1028,2024-06-20,P002,Phone,Electronics,Delhi,North,33,30000,990000,No,No
1029,2024-06-20,P003,Chair,Furniture,Kolkata,East,83,5000,415000,Yes,No
1030,2024-06-20,P004,Rice,Grocery,Hyderabad,South,40,60,2400,No,No
1031,2024-06-20,P005,Tshirt,Clothing,Kolkata,East,21,800,16800,No,No
1032,2024-06-20,P006,Mixer,Home Appliances,Mumbai,West,52,3500,182000,Yes,No
1033,2024-06-21,P001,Laptop,Electronics,Delhi,North,39,60000,2340000,No,No
1034,2024-06-21,P002,Phone,Electronics,Bengaluru,South,37,30000,1110000,No,No
1035,2024-06-21,P003,Chair,Furniture,Delhi,North,6,5000,30000,No,No
1036,2024-06-21,P004,Rice,Grocery,Mumbai,West,32,60,1920,No,No
1037,2024-06-21,P005,Tshirt,Clothing,Bengaluru,South,34,800,27200,No,No
1038,2024-06-21,P006,Mixer,Home Appliances,Delhi,North,15,3500,52500,No,No
1039,2024-06-22,P001,Laptop,Electronics,Kolkata,East,31,60000,1860000,No,No
1040,2024-06-22,P002,Phone,Electronics,Bengaluru,South,51,30000,1530000,Yes,No
1041,2024-06-22,P003,Chair,Furniture,Mumbai,West,22,5000,110000,No,No
1042,2024-06-22,P004,Rice,Grocery,Kolkata,East,16,60,960,No,No
1043,2024-06-22,P005,Tshirt,Clothing,Delhi,North,26,800,20800,No,No
1044,2024-06-22,P006,Mixer,Home Appliances,Delhi,North,9,3500,31500,No,No
1045,2024-06-23,P001,Laptop,Electronics,Hyderabad,South,37,60000,2220000,No,No
1046,2024-06-23,P002,Phone,Electronics,Mumbai,West,87,30000,2610000,Yes,No
1047,2024-06-23,P003,Chair,Furniture,Delhi,North,38,5000,190000,No,No
1048,2024-06-23,P004,Rice,Grocery,Bengaluru,South,38,60,2280,No,No
1049,2024-06-23,P005,Tshirt,Clothing,Delhi,North,5,800,4000,No,No
1050,2024-06-23,P006,Mixer,Home Appliances,Bengaluru,South,34,3500,119000,No,No
1051,2024-06-24,P001,Laptop,Electronics,Hyderabad,South,31,60000,1860000,No,No
1052,2024-06-24,P002,Phone,Electronics,Hyderabad,South,5,30000,150000,No,No
1053,2024-06-24,P003,Chair,Furniture,Hyderabad,South,76,5000,380000,Yes,No
1054,2024-06-24,P004,Rice,Grocery,Kolkata,East,39,60,2340,No,No
1055,2024-06-24,P005,Tshirt,Clothing,Delhi,North,32,800,25600,No,No
1056,2024-06-24,P006,Mixer,Home Appliances,Hyderabad,South,21,3500,73500,No,No
1057,2024-06-25,P001,Laptop,Electronics,Delhi,North,69,60000,4140000,Yes,No
1058,2024-06-25,P002,Phone,Electronics,Kolkata,East,22,30000,660000,No,No
1059,2024-06-25,P003,Chair,Furniture,Bengaluru,South,28,5000,140000,No,No
1060,2024-06-25,P004,Rice,Grocery,Bengaluru,South,37,60,2220,No,No
1061,2024-06-25,P005,Tshirt,Clothing,Bengaluru,South,7,800,5600,No,No
1062,2024-06-25,P006,Mixer,Home Appliances,Delhi,North,26,3500,91000,No,No
1063,2024-06-26,P001,Laptop,Electronics,Kolkata,East,17,60000,1020000,No,No
1064,2024-06-26,P002,Phone,Electronics,Bengaluru,South,27,30000,810000,No,No
1065,2024-06-26,P003,Chair,Furniture,Mumbai,West,28,5000,140000,No,No
1066,2024-06-26,P004,Rice,Grocery,Bengaluru,South,19,60,1140,No,No
1067,2024-06-26,P005,Tshirt,Clothing,Bengaluru,South,5,800,4000,No,No
1068,2024-06-26,P006,Mixer,Home Appliances,Kolkata,East,30,3500,105000,No,No
1069,2024-06-27,P001,Laptop,Electronics,Hyderabad,South,14,60000,840000,No,No
1070,2024-06-27,P002,Phone,Electronics,Hyderabad,South,39,30000,1170000,No,No
1071,2024-06-27,P003,Chair,Furniture,Bengaluru,South,13,5000,65000,No,No
1072,2024-06-27,P004,Rice,Grocery,Bengaluru,South,7,60,420,No,No
1073,2024-06-27,P005,Tshirt,Clothing,Mumbai,West,11,800,8800,No,No
1074,2024-06-27,P006,Mixer,Home Appliances,Hyderabad,South,20,3500,70000,No,No
1075,2024-06-28,P001,Laptop,Electronics,Mumbai,West,29,60000,1740000,No,No
1076,2024-06-28,P002,Phone,Electronics,Hyderabad,South,28,30000,840000,No,No
1077,2024-06-28,P003,Chair,Furniture,Hyderabad,South,17,5000,85000,No,No
1078,2024-06-28,P004,Rice,Grocery,Bengaluru,South,35,60,2100,No,No
1079,2024-06-28,P005,Tshirt,Clothing,Hyderabad,South,34,800,27200,Yes,No
1080,2024-06-28,P006,Mixer,Home Appliances,Mumbai,West,73,3500,255500,Yes,No
1081,2024-06-29,P001,Laptop,Electronics,Hyderabad,South,9,60000,540000,No,No
1082,2024-06-29,P002,Phone,Electronics,Hyderabad,South,25,30000,750000,No,No
1083,2024-06-29,P003,Chair,Furniture,Delhi,North,39,5000,195000,No,No
1084,2024-06-29,P004,Rice,Grocery,Kolkata,East,25,60,1500,No,No
1085,2024-06-29,P005,Tshirt,Clothing,Hyderabad,South,31,800,24800,No,No
1086,2024-06-29,P006,Mixer,Home Appliances,Kolkata,East,27,3500,94500,No,No
1087,2024-06-30,P001,Laptop,Electronics,Mumbai,West,39,60000,2340000,No,No
1088,2024-06-30,P002,Phone,Electronics,Hyderabad,South,12,30000,360000,No,No
1089,2024-06-30,P003,Chair,Furniture,Kolkata,East,15,5000,75000,No,No
1090,2024-06-30,P004,Rice,Grocery,Delhi,North,5,60,300,No,No
1091,2024-06-30,P005,Tshirt,Clothing,Delhi,North,20,800,16000,No,No
1092,2024-06-30,P006,Mixer,Home Appliances,Hyderabad,South,15,3500,52500,No,No
1093,2024-07-01,P001,Laptop,Electronics,Hyderabad,South,24,60000,1440000,No,No
1094,2024-07-01,P002,Phone,Electronics,Hyderabad,South,34,30000,1020000,No,No
1095,2024-07-01,P003,Chair,Furniture,Delhi,North,34,5000,170000,No,No
1096,2024-07-01,P004,Rice,Grocery,Mumbai,West,10,60,600,No,No
1097,2024-07-01,P005,Tshirt,Clothing,Hyderabad,South,75,800,60000,Yes,No
1098,2024-07-01,P006,Mixer,Home Appliances,Kolkata,East,30,3500,105000,No,No
1099,2024-07-02,P001,Laptop,Electronics,Delhi,North,19,60000,1140000,No,No
1100,2024-07-02,P002,Phone,Electronics,Mumbai,West,25,30000,750000,No,No
1101,2024-07-02,P003,Chair,Furniture,Mumbai,West,9,5000,45000,No,No
1102,2024-07-02,P004,Rice,Grocery,Bengaluru,South,9,60,540,No,No
1103,2024-07-02,P005,Tshirt,Clothing,Hyderabad,South,28,800,22400,No,No
1104,2024-07-02,P006,Mixer,Home Appliances,Delhi,North,69,3500,241500,Yes,No
1105,2024-07-03,P001,Laptop,Electronics,Hyderabad,South,16,60000,960000,No,No
1106,2024-07-03,P002,Phone,Electronics,Mumbai,West,22,30000,660000,No,No
1107,2024-07-03,P003,Chair,Furniture,Kolkata,East,40,5000,200000,No,No
1108,2024-07-03,P004,Rice,Grocery,Hyderabad,South,10,60,600,No,No
1109,2024-07-03,P005,Tshirt,Clothing,Mumbai,West,14,800,11200,No,No
1110,2024-07-03,P006,Mixer,Home Appliances,Kolkata,East,35,3500,122500,No,No
1111,2024-07-04,P001,Laptop,Electronics,Kolkata,East,39,60000,2340000,No,No
1112,2024-07-04,P002,Phone,Electronics,Mumbai,West,16,30000,480000,No,No
1113,2024-07-04,P003,Chair,Furniture,Bengaluru,South,14,5000,70000,No,No
1114,2024-07-04,P004,Rice,Grocery,Kolkata,East,9,60,540,No,No
1115,2024-07-04,P005,Tshirt,Clothing,Mumbai,West,22,800,17600,No,No
1116,2024-07-04,P006,Mixer,Home Appliances,Hyderabad,South,38,3500,133000,No,No
1117,2024-07-05,P001,Laptop,Electronics,Delhi,North,8,60000,480000,No,No
1118,2024-07-05,P002,Phone,Electronics,Hyderabad,South,35,30000,1050000,No,No
1119,2024-07-05,P003,Chair,Furniture,Mumbai,West,36,5000,180000,No,No
1120,2024-07-05,P004,Rice,Grocery,Bengaluru,South,35,60,2100,No,No
1121,2024-07-05,P005,Tshirt,Clothing,Bengaluru,South,37,800,29600,No,No
1122,2024-07-05,P006,Mixer,Home Appliances,Bengaluru,South,10,3500,35000,No,No
1123,2024-07-06,P001,Laptop,Electronics,Kolkata,East,40,60000,2400000,No,No
1124,2024-07-06,P002,Phone,Electronics,Hyderabad,South,25,30000,750000,No,No
1125,2024-07-06,P003,Chair,Furniture,Kolkata,East,15,5000,75000,No,No
1126,2024-07-06,P004,Rice,Grocery,Mumbai,West,38,60,2280,No,No
1127,2024-07-06,P005,Tshirt,Clothing,Bengaluru,South,11,800,8800,No,No
1128,2024-07-06,P006,Mixer,Home Appliances,Delhi,North,30,3500,105000,No,No
1129,2024-07-07,P001,Laptop,Electronics,Delhi,North,10,60000,600000,No,No
1130,2024-07-07,P002,Phone,Electronics,Mumbai,West,16,30000,480000,No,No
1131,2024-07-07,P003,Chair,Furniture,Hyderabad,South,30,5000,150000,No,No
1132,2024-07-07,P004,Rice,Grocery,Delhi,North,8,60,480,No,No
1133,2024-07-07,P005,Tshirt,Clothing,Bengaluru,South,13,800,10400,No,No
1134,2024-07-07,P006,Mixer,Home Appliances,Kolkata,East,16,3500,56000,No,No
1135,2024-07-08,P001,Laptop,Electronics,Kolkata,East,24,60000,1440000,No,No
1136,2024-07-08,P002,Phone,Electronics,Delhi,North,10,30000,300000,No,No
1137,2024-07-08,P003,Chair,Furniture,Hyderabad,South,8,5000,40000,No,No
1138,2024-07-08,P004,Rice,Grocery,Kolkata,East,35,60,2100,No,No
1139,2024-07-08,P005,Tshirt,Clothing,Delhi,North,32,800,25600,No,No
1140,2024-07-08,P006,Mixer,Home Appliances,Bengaluru,South,28,3500,98000,No,No
1141,2024-07-09,P001,Laptop,Electronics,Mumbai,West,29,60000,1740000,No,No
1142,2024-07-09,P002,Phone,Electronics,Bengaluru,South,32,30000,960000,No,No
1143,2024-07-09,P003,Chair,Furniture,Bengaluru,South,14,5000,70000,No,No
1144,2024-07-09,P004,Rice,Grocery,Delhi,North,37,60,2220,No,No
1145,2024-07-09,P005,Tshirt,Clothing,Kolkata,East,83,800,66400,Yes,No
1146,2024-07-09,P006,Mixer,Home Appliances,Bengaluru,South,38,3500,133000,No,No
1147,2024-07-10,P001,Laptop,Electronics,Mumbai,West,34,60000,2040000,No,No
1148,2024-07-10,P002,Phone,Electronics,Delhi,North,19,30000,570000,No,No
1149,2024-07-10,P003,Chair,Furniture,Delhi,North,16,5000,80000,No,No
1150,2024-07-10,P004,Rice,Grocery,Mumbai,West,22,60,1320,No,No
1151,2024-07-10,P005,Tshirt,Clothing,Mumbai,West,31,800,24800,No,No
1152,2024-07-10,P006,Mixer,Home Appliances,Mumbai,West,29,3500,101500,No,No
1153,2024-07-11,P001,Laptop,Electronics,Hyderabad,South,19,60000,1140000,No,No
1154,2024-07-11,P002,Phone,Electronics,Delhi,North,57,30000,1710000,Yes,No
1155,2024-07-11,P003,Chair,Furniture,Bengaluru,South,40,5000,200000,No,No
1156,2024-07-11,P004,Rice,Grocery,Bengaluru,South,29,60,1740,Yes,No
1157,2024-07-11,P005,Tshirt,Clothing,Delhi,North,30,800,24000,No,No
1158,2024-07-11,P006,Mixer,Home Appliances,Mumbai,West,11,3500,38500,No,No
1159,2024-07-12,P001,Laptop,Electronics,Hyderabad,South,26,60000,1560000,No,No
1160,2024-07-12,P002,Phone,Electronics,Kolkata,East,16,30000,480000,No,No
1161,2024-07-12,P003,Chair,Furniture,Mumbai,West,30,5000,150000,No,No
1162,2024-07-12,P004,Rice,Grocery,Delhi,North,34,60,2040,No,No
1163,2024-07-12,P005,Tshirt,Clothing,Kolkata,East,22,800,17600,No,No
1164,2024-07-12,P006,Mixer,Home Appliances,Delhi,North,10,3500,35000,No,No
1165,2024-07-13,P001,Laptop,Electronics,Bengaluru,South,27,60000,1620000,No,No
1166,2024-07-13,P002,Phone,Electronics,Bengaluru,South,39,30000,1170000,No,No
1167,2024-07-13,P003,Chair,Furniture,Mumbai,West,7,5000,35000,No,No
1168,2024-07-13,P004,Rice,Grocery,Bengaluru,South,40,60,2400,No,No
1169,2024-07-13,P005,Tshirt,Clothing,Hyderabad,South,29,800,23200,No,No
1170,2024-07-13,P006,Mixer,Home Appliances,Mumbai,West,6,3500,21000,No,No
1171,2024-07-14,P001,Laptop,Electronics,Delhi,North,28,60000,1680000,No,No
1172,2024-07-14,P002,Phone,Electronics,Mumbai,West,34,30000,1020000,No,No
1173,2024-07-14,P003,Chair,Furniture,Delhi,North,15,5000,75000,No,No
1174,2024-07-14,P004,Rice,Grocery,Bengaluru,South,33,60,1980,No,No
1175,2024-07-14,P005,Tshirt,Clothing,Delhi,North,34,800,27200,No,No
1176,2024-07-14,P006,Mixer,Home Appliances,Kolkata,East,21,3500,73500,No,No
1177,2024-07-15,P001,Laptop,Electronics,Kolkata,East,34,60000,2040000,No,No
1178,2024-07-15,P002,Phone,Electronics,Kolkata,East,36,30000,1080000,No,No
1179,2024-07-15,P003,Chair,Furniture,Bengaluru,South,39,5000,195000,No,No
1180,2024-07-15,P004,Rice,Grocery,Delhi,North,20,60,1200,No,No
1181,2024-07-15,P005,Tshirt,Clothing,Hyderabad,South,26,800,20800,No,No
1182,2024-07-15,P006,Mixer,Home Appliances,Mumbai,West,28,3500,98000,No,No
1183,2024-07-16,P001,Laptop,Electronics,Kolkata,East,38,60000,2280000,No,No
1184,2024-07-16,P002,Phone,Electronics,Mumbai,West,72,30000,2160000,Yes,No
1185,2024-07-16,P003,Chair,Furniture,Mumbai,West,32,5000,160000,No,No
1186,2024-07-16,P004,Rice,Grocery,Delhi,North,28,60,1680,No,No
1187,2024-07-16,P005,Tshirt,Clothing,Delhi,North,10,800,8000,No,No
1188,2024-07-16,P006,Mixer,Home Appliances,Bengaluru,South,22,3500,77000,No,No
1189,2024-07-17,P001,Laptop,Electronics,Hyderabad,South,28,60000,1680000,No,No
1190,2024-07-17,P002,Phone,Electronics,Kolkata,East,55,30000,1650000,Yes,No
1191,2024-07-17,P003,Chair,Furniture,Mumbai,West,17,5000,85000,No,No
1192,2024-07-17,P004,Rice,Grocery,Hyderabad,South,35,60,2100,No,No
1193,2024-07-17,P005,Tshirt,Clothing,Bengaluru,South,34,800,27200,No,No
1194,2024-07-17,P006,Mixer,Home Appliances,Kolkata,East,51,3500,178500,Yes,No
1195,2024-07-18,P001,Laptop,Electronics,Hyderabad,South,19,60000,1140000,No,No
1196,2024-07-18,P002,Phone,Electronics,Hyderabad,South,12,30000,360000,No,No
1197,2024-07-18,P003,Chair,Furniture,Delhi,North,31,5000,155000,No,No
1198,2024-07-18,P004,Rice,Grocery,Bengaluru,South,37,60,2220,No,No
1199,2024-07-18,P005,Tshirt,Clothing,Bengaluru,South,23,800,18400,No,No
1200,2024-07-18,P006,Mixer,Home Appliances,Kolkata,East,37,3500,129500,No,No
1201,2024-07-19,P001,Laptop,Electronics,Mumbai,West,18,60000,1080000,No,No
1202,2024-07-19,P002,Phone,Electronics,Mumbai,West,23,30000,690000,No,No
1203,2024-07-19,P003,Chair,Furniture,Hyderabad,South,16,5000,80000,No,No
1204,2024-07-19,P004,Rice,Grocery,Delhi,North,22,60,1320,No,No
1205,2024-07-19,P005,Tshirt,Clothing,Bengaluru,South,13,800,10400,No,No
1206,2024-07-19,P006,Mixer,Home Appliances,Hyderabad,South,7,3500,24500,No,No
1207,2024-07-20,P001,Laptop,Electronics,Mumbai,West,27,60000,1620000,No,No
1208,2024-07-20,P002,Phone,Electronics,Mumbai,West,10,30000,300000,No,No
1209,2024-07-20,P003,Chair,Furniture,Delhi,North,26,5000,130000,No,No
1210,2024-07-20,P004,Rice,Grocery,Hyderabad,South,30,60,1800,No,No
1211,2024-07-20,P005,Tshirt,Clothing,Bengaluru,South,12,800,9600,No,No
1212,2024-07-20,P006,Mixer,Home Appliances,Hyderabad,South,55,3500,192500,Yes,No
1213,2024-07-21,P001,Laptop,Electronics,Bengaluru,South,20,60000,1200000,No,No
1214,2024-07-21,P002,Phone,Electronics,Hyderabad,South,5,30000,150000,No,No
1215,2024-07-21,P003,Chair,Furniture,Mumbai,West,90,5000,450000,Yes,No
1216,2024-07-21,P004,Rice,Grocery,Mumbai,West,18,60,1080,No,No
1217,2024-07-21,P005,Tshirt,Clothing,Delhi,North,23,800,18400,No,No
1218,2024-07-21,P006,Mixer,Home Appliances,Bengaluru,South,22,3500,77000,No,No
1219,2024-07-22,P001,Laptop,Electronics,Bengaluru,South,36,60000,2160000,No,No
1220,2024-07-22,P002,Phone,Electronics,Kolkata,East,36,30000,1080000,No,No
1221,2024-07-22,P003,Chair,Furniture,Kolkata,East,36,5000,180000,No,No
1222,2024-07-22,P004,Rice,Grocery,Delhi,North,31,60,1860,No,No
1223,2024-07-22,P005,Tshirt,Clothing,Bengaluru,South,25,800,20000,No,No
1224,2024-07-22,P006,Mixer,Home Appliances,Mumbai,West,26,3500,91000,No,No
1225,2024-07-23,P001,Laptop,Electronics,Mumbai,West,35,60000,2100000,No,No
1226,2024-07-23,P002,Phone,Electronics,Hyderabad,South,38,30000,1140000,No,No
1227,2024-07-23,P003,Chair,Furniture,Kolkata,East,87,5000,435000,Yes,No
1228,2024-07-23,P004,Rice,Grocery,Delhi,North,29,60,1740,No,No
1229,2024-07-23,P005,Tshirt,Clothing,Mumbai,West,32,800,25600,No,No
1230,2024-07-23,P006,Mixer,Home Appliances,Kolkata,East,10,3500,35000,No,No
1231,2024-07-24,P001,Laptop,Electronics,Hyderabad,South,24,60000,1440000,No,No
1232,2024-07-24,P002,Phone,Electronics,Hyderabad,South,28,30000,840000,No,No
1233,2024-07-24,P003,Chair,Furniture,Hyderabad,South,25,5000,125000,No,No
1234,2024-07-24,P004,Rice,Grocery,Hyderabad,South,24,60,1440,No,No
1235,2024-07-24,P005,Tshirt,Clothing,Hyderabad,South,9,800,7200,No,No
1236,2024-07-24,P006,Mixer,Home Appliances,Delhi,North,20,3500,70000,No,No
1237,2024-07-25,P001,Laptop,Electronics,Hyderabad,South,30,60000,1800000,No,No
1238,2024-07-25,P002,Phone,Electronics,Mumbai,West,7,30000,210000,No,No
1239,2024-07-25,P003,Chair,Furniture,Kolkata,East,9,5000,45000,No,No
1240,2024-07-25,P004,Rice,Grocery,Bengaluru,South,7,60,420,No,No
1241,2024-07-25,P005,Tshirt,Clothing,Mumbai,West,22,800,17600,No,No
1242,2024-07-25,P006,Mixer,Home Appliances,Mumbai,West,22,3500,77000,No,No
1243,2024-07-26,P001,Laptop,Electronics,Bengaluru,South,14,60000,840000,No,No
1244,2024-07-26,P002,Phone,Electronics,Bengaluru,South,31,30000,930000,No,No
1245,2024-07-26,P003,Chair,Furniture,Kolkata,East,39,5000,195000,No,No
1246,2024-07-26,P004,Rice,Grocery,Delhi,North,14,60,840,No,No
1247,2024-07-26,P005,Tshirt,Clothing,Hyderabad,South,30,800,24000,No,No
1248,2024-07-26,P006,Mixer,Home Appliances,Delhi,North,5,3500,17500,No,No
1249,2024-07-27,P001,Laptop,Electronics,Hyderabad,South,31,60000,1860000,Yes,No
1250,2024-07-27,P002,Phone,Electronics,Bengaluru,South,25,30000,750000,No,No
1251,2024-07-27,P003,Chair,Furniture,Bengaluru,South,94,5000,470000,Yes,No
1252,2024-07-27,P004,Rice,Grocery,Delhi,North,29,60,1740,No,No
1253,2024-07-27,P005,Tshirt,Clothing,Kolkata,East,23,800,18400,No,No
1254,2024-07-27,P006,Mixer,Home Appliances,Delhi,North,29,3500,101500,No,No
1255,2024-07-28,P001,Laptop,Electronics,Kolkata,East,10,60000,600000,No,No
1256,2024-07-28,P002,Phone,Electronics,Mumbai,West,27,30000,810000,No,No
1257,2024-07-28,P003,Chair,Furniture,Hyderabad,South,6,5000,30000,No,No
1258,2024-07-28,P004,Rice,Grocery,Delhi,North,27,60,1620,No,No
1259,2024-07-28,P005,Tshirt,Clothing,Bengaluru,South,39,800,31200,No,No
1260,2024-07-28,P006,Mixer,Home Appliances,Kolkata,East,33,3500,115500,No,No
1261,2024-07-29,P001,Laptop,Electronics,Delhi,North,37,60000,2220000,No,No
1262,2024-07-29,P002,Phone,Electronics,Kolkata,East,21,30000,630000,No,No
1263,2024-07-29,P003,Chair,Furniture,Kolkata,East,25,5000,125000,No,No
1264,2024-07-29,P004,Rice,Grocery,Delhi,North,15,60,900,No,No
1265,2024-07-29,P005,Tshirt,Clothing,Bengaluru,South,25,800,20000,No,No
1266,2024-07-29,P006,Mixer,Home Appliances,Kolkata,East,65,3500,227500,Yes,No
1267,2024-07-30,P001,Laptop,Electronics,Hyderabad,South,30,60000,1800000,No,No
1268,2024-07-30,P002,Phone,Electronics,Kolkata,East,40,30000,1200000,No,No
1269,2024-07-30,P003,Chair,Furniture,Kolkata,East,24,5000,120000,No,No
1270,2024-07-30,P004,Rice,Grocery,Kolkata,East,27,60,1620,No,No
1271,2024-07-30,P005,Tshirt,Clothing,Kolkata,East,5,800,4000,No,No
1272,2024-07-30,P006,Mixer,Home Appliances,Mumbai,West,16,3500,56000,No,No
1273,2024-07-31,P001,Laptop,Electronics,Kolkata,East,14,60000,840000,No,No
1274,2024-07-31,P002,Phone,Electronics,Mumbai,West,9,30000,270000,No,No
1275,2024-07-31,P003,Chair,Furniture,Hyderabad,South,35,5000,175000,No,No
1276,2024-07-31,P004,Rice,Grocery,Hyderabad,South,94,60,5640,Yes,No
1277,2024-07-31,P005,Tshirt,Clothing,Bengaluru,South,40,800,32000,No,No
1278,2024-07-31,P006,Mixer,Home Appliances,Mumbai,West,19,3500,66500,No,No
1279,2024-08-01,P001,Laptop,Electronics,Bengaluru,South,29,60000,1740000,No,No
1280,2024-08-01,P002,Phone,Electronics,Mumbai,West,63,30000,1890000,Yes,No
1281,2024-08-01,P003,Chair,Furniture,Delhi,North,32,5000,160000,No,No
1282,2024-08-01,P004,Rice,Grocery,Delhi,North,69,60,4140,Yes,No
1283,2024-08-01,P005,Tshirt,Clothing,Hyderabad,South,14,800,11200,No,No
1284,2024-08-01,P006,Mixer,Home Appliances,Bengaluru,South,85,3500,297500,Yes,No
1285,2024-08-02,P001,Laptop,Electronics,Hyderabad,South,7,60000,420000,No,No
1286,2024-08-02,P002,Phone,Electronics,Hyderabad,South,15,30000,450000,No,No
1287,2024-08-02,P003,Chair,Furniture,Kolkata,East,14,5000,70000,No,No
1288,2024-08-02,P004,Rice,Grocery,Kolkata,East,28,60,1680,No,No
1289,2024-08-02,P005,Tshirt,Clothing,Delhi,North,5,800,4000,No,No
1290,2024-08-02,P006,Mixer,Home Appliances,Kolkata,East,37,3500,129500,No,No
1291,2024-08-03,P001,Laptop,Electronics,Kolkata,East,26,60000,1560000,No,No
1292,2024-08-03,P002,Phone,Electronics,Bengaluru,South,10,30000,300000,No,No
1293,2024-08-03,P003,Chair,Furniture,Delhi,North,8,5000,40000,No,No
1294,2024-08-03,P004,Rice,Grocery,Kolkata,East,22,60,1320,No,No
1295,2024-08-03,P005,Tshirt,Clothing,Kolkata,East,36,800,28800,No,No
1296,2024-08-03,P006,Mixer,Home Appliances,Delhi,North,33,3500,115500,No,No
1297,2024-08-04,P001,Laptop,Electronics,Delhi,North,34,60000,2040000,No,No
1298,2024-08-04,P002,Phone,Electronics,Mumbai,West,31,30000,930000,No,No
1299,2024-08-04,P003,Chair,Furniture,Kolkata,East,21,5000,105000,No,No
1300,2024-08-04,P004,Rice,Grocery,Mumbai,West,39,60,2340,No,No
1301,2024-08-04,P005,Tshirt,Clothing,Bengaluru,South,20,800,16000,No,No
1302,2024-08-04,P006,Mixer,Home Appliances,Hyderabad,South,38,3500,133000,No,No
1303,2024-08-05,P001,Laptop,Electronics,Bengaluru,South,37,60000,2220000,Yes,No
1304,2024-08-05,P002,Phone,Electronics,Kolkata,East,9,30000,270000,No,No
1305,2024-08-05,P003,Chair,Furniture,Hyderabad,South,31,5000,155000,Yes,No
1306,2024-08-05,P004,Rice,Grocery,Delhi,North,51,60,3060,Yes,No
1307,2024-08-05,P005,Tshirt,Clothing,Bengaluru,South,29,800,23200,No,No
1308,2024-08-05,P006,Mixer,Home Appliances,Bengaluru,South,9,3500,31500,No,No
1309,2024-08-06,P001,Laptop,Electronics,Mumbai,West,93,60000,5580000,Yes,No
1310,2024-08-06,P002,Phone,Electronics,Kolkata,East,9,30000,270000,No,No
1311,2024-08-06,P003,Chair,Furniture,Kolkata,East,40,5000,200000,No,No
1312,2024-08-06,P004,Rice,Grocery,Delhi,North,12,60,720,No,No
1313,2024-08-06,P005,Tshirt,Clothing,Mumbai,West,32,800,25600,No,No
1314,2024-08-06,P006,Mixer,Home Appliances,Bengaluru,South,23,3500,80500,No,No
1315,2024-08-07,P001,Laptop,Electronics,Hyderabad,South,29,60000,1740000,No,No
1316,2024-08-07,P002,Phone,Electronics,Delhi,North,57,30000,1710000,Yes,No
1317,2024-08-07,P003,Chair,Furniture,Delhi,North,66,5000,330000,Yes,No
1318,2024-08-07,P004,Rice,Grocery,Mumbai,West,5,60,300,No,No
1319,2024-08-07,P005,Tshirt,Clothing,Hyderabad,South,34,800,27200,No,No
1320,2024-08-07,P006,Mixer,Home Appliances,Hyderabad,South,40,3500,140000,No,No
1321,2024-08-08,P001,Laptop,Electronics,Kolkata,East,40,60000,2400000,No,No
1322,2024-08-08,P002,Phone,Electronics,Kolkata,East,31,30000,930000,No,No
1323,2024-08-08,P003,Chair,Furniture,Kolkata,East,27,5000,135000,No,No
1324,2024-08-08,P004,Rice,Grocery,Kolkata,East,18,60,1080,No,No
1325,2024-08-08,P005,Tshirt,Clothing,Delhi,North,13,800,10400,No,No
1326,2024-08-08,P006,Mixer,Home Appliances,Hyderabad,South,20,3500,70000,No,No
1327,2024-08-09,P001,Laptop,Electronics,Bengaluru,South,17,60000,1020000,No,No
1328,2024-08-09,P002,Phone,Electronics,Bengaluru,South,39,30000,1170000,No,No
1329,2024-08-09,P003,Chair,Furniture,Kolkata,East,20,5000,100000,No,No
1330,2024-08-09,P004,Rice,Grocery,Kolkata,East,32,60,1920,No,No
1331,2024-08-09,P005,Tshirt,Clothing,Delhi,North,30,800,24000,No,No
1332,2024-08-09,P006,Mixer,Home Appliances,Bengaluru,South,31,3500,108500,No,No
1333,2024-08-10,P001,Laptop,Electronics,Mumbai,West,9,60000,540000,No,No
1334,2024-08-10,P002,Phone,Electronics,Kolkata,East,34,30000,1020000,No,No
1335,2024-08-10,P003,Chair,Furniture,Delhi,North,14,5000,70000,No,No
1336,2024-08-10,P004,Rice,Grocery,Delhi,North,34,60,2040,No,No
1337,2024-08-10,P005,Tshirt,Clothing,Kolkata,East,27,800,21600,No,No
1338,2024-08-10,P006,Mixer,Home Appliances,Delhi,North,7,3500,24500,No,No
1339,2024-08-11,P001,Laptop,Electronics,Hyderabad,South,7,60000,420000,No,No
1340,2024-08-11,P002,Phone,Electronics,Delhi,North,14,30000,420000,No,No
1341,2024-08-11,P003,Chair,Furniture,Hyderabad,South,19,5000,95000,No,No
1342,2024-08-11,P004,Rice,Grocery,Kolkata,East,6,60,360,No,No
1343,2024-08-11,P005,Tshirt,Clothing,Hyderabad,South,38,800,30400,No,No
1344,2024-08-11,P006,Mixer,Home Appliances,Delhi,North,8,3500,28000,No,No
1345,2024-08-12,P001,Laptop,Electronics,Mumbai,West,38,60000,2280000,No,No
1346,2024-08-12,P002,Phone,Electronics,Bengaluru,South,18,30000,540000,No,No
1347,2024-08-12,P003,Chair,Furniture,Bengaluru,South,10,5000,50000,No,No
1348,2024-08-12,P004,Rice,Grocery,Mumbai,West,38,60,2280,No,No
1349,2024-08-12,P005,Tshirt,Clothing,Bengaluru,South,31,800,24800,No,No
1350,2024-08-12,P006,Mixer,Home Appliances,Mumbai,West,18,3500,63000,No,No
1351,2024-08-13,P001,Laptop,Electronics,Kolkata,East,32,60000,1920000,No,No
1352,2024-08-13,P002,Phone,Electronics,Hyderabad,South,14,30000,420000,No,No
1353,2024-08-13,P003,Chair,Furniture,Mumbai,West,17,5000,85000,No,No
1354,2024-08-13,P004,Rice,Grocery,Bengaluru,South,14,60,840,No,No
1355,2024-08-13,P005,Tshirt,Clothing,Bengaluru,South,23,800,18400,No,No
1356,2024-08-13,P006,Mixer,Home Appliances,Kolkata,East,37,3500,129500,No,No
1357,2024-08-14,P001,Laptop,Electronics,Kolkata,East,24,60000,1440000,No,No
1358,2024-08-14,P002,Phone,Electronics,Mumbai,West,37,30000,1110000,No,No
1359,2024-08-14,P003,Chair,Furniture,Mumbai,West,11,5000,55000,No,No
1360,2024-08-14,P004,Rice,Grocery,Kolkata,East,21,60,1260,No,No
1361,2024-08-14,P005,Tshirt,Clothing,Kolkata,East,40,800,32000,No,No
1362,2024-08-14,P006,Mixer,Home Appliances,Kolkata,East,37,3500,129500,No,No
1363,2024-08-15,P001,Laptop,Electronics,Delhi,North,14,60000,840000,No,No
1364,2024-08-15,P002,Phone,Electronics,Delhi,North,15,30000,450000,No,No
1365,2024-08-15,P003,Chair,Furniture,Mumbai,West,18,5000,90000,No,No
1366,2024-08-15,P004,Rice,Grocery,Hyderabad,South,36,60,2160,No,No
1367,2024-08-15,P005,Tshirt,Clothing,Mumbai,West,14,800,11200,No,No
1368,2024-08-15,P006,Mixer,Home Appliances,Delhi,North,16,3500,56000,No,No
1369,2024-08-16,P001,Laptop,Electronics,Kolkata,East,40,60000,2400000,No,No
1370,2024-08-16,P002,Phone,Electronics,Mumbai,West,6,30000,180000,No,No
1371,2024-08-16,P003,Chair,Furniture,Bengaluru,South,11,5000,55000,No,No
1372,2024-08-16,P004,Rice,Grocery,Hyderabad,South,20,60,1200,No,No
1373,2024-08-16,P005,Tshirt,Clothing,Mumbai,West,22,800,17600,No,No
1374,2024-08-16,P006,Mixer,Home Appliances,Mumbai,West,62,3500,217000,Yes,No
1375,2024-08-17,P001,Laptop,Electronics,Bengaluru,South,39,60000,2340000,No,No
1376,2024-08-17,P002,Phone,Electronics,Mumbai,West,16,30000,480000,No,No
1377,2024-08-17,P003,Chair,Furniture,Kolkata,East,6,5000,30000,No,No
1378,2024-08-17,P004,Rice,Grocery,Mumbai,West,9,60,540,No,No
1379,2024-08-17,P005,Tshirt,Clothing,Kolkata,East,29,800,23200,No,No
1380,2024-08-17,P006,Mixer,Home Appliances,Kolkata,East,33,3500,115500,No,No
1381,2024-08-18,P001,Laptop,Electronics,Mumbai,West,88,60000,5280000,Yes,No
1382,2024-08-18,P002,Phone,Electronics,Mumbai,West,30,30000,900000,No,No
1383,2024-08-18,P003,Chair,Furniture,Mumbai,West,23,5000,115000,No,No
1384,2024-08-18,P004,Rice,Grocery,Hyderabad,South,5,60,300,No,No
1385,2024-08-18,P005,Tshirt,Clothing,Delhi,North,33,800,26400,No,No
1386,2024-08-18,P006,Mixer,Home Appliances,Mumbai,West,15,3500,52500,No,No
1387,2024-08-19,P001,Laptop,Electronics,Hyderabad,South,15,60000,900000,No,No
1388,2024-08-19,P002,Phone,Electronics,Bengaluru,South,93,30000,2790000,Yes,No
1389,2024-08-19,P003,Chair,Furniture,Mumbai,West,25,5000,125000,No,No
1390,2024-08-19,P004,Rice,Grocery,Kolkata,East,24,60,1440,No,No
1391,2024-08-19,P005,Tshirt,Clothing,Hyderabad,South,20,800,16000,No,No
1392,2024-08-19,P006,Mixer,Home Appliances,Bengaluru,South,23,3500,80500,No,No
1393,2024-08-20,P001,Laptop,Electronics,Bengaluru,South,13,60000,780000,No,No
1394,2024-08-20,P002,Phone,Electronics,Mumbai,West,20,30000,600000,No,No
1395,2024-08-20,P003,Chair,Furniture,Mumbai,West,24,5000,120000,No,No
1396,2024-08-20,P004,Rice,Grocery,Hyderabad,South,5,60,300,No,No
1397,2024-08-20,P005,Tshirt,Clothing,Mumbai,West,6,800,4800,No,No
1398,2024-08-20,P006,Mixer,Home Appliances,Kolkata,East,28,3500,98000,No,No
1399,2024-08-21,P001,Laptop,Electronics,Hyderabad,South,40,60000,2400000,No,No
1400,2024-08-21,P002,Phone,Electronics,Hyderabad,South,15,30000,450000,No,No
1401,2024-08-21,P003,Chair,Furniture,Bengaluru,South,37,5000,185000,No,No
1402,2024-08-21,P004,Rice,Grocery,Mumbai,West,19,60,1140,No,No
1403,2024-08-21,P005,Tshirt,Clothing,Delhi,North,22,800,17600,No,No
1404,2024-08-21,P006,Mixer,Home Appliances,Hyderabad,South,8,3500,28000,No,No
1405,2024-08-22,P001,Laptop,Electronics,Mumbai,West,28,60000,1680000,No,No
1406,2024-08-22,P002,Phone,Electronics,Mumbai,West,10,30000,300000,No,No
1407,2024-08-22,P003,Chair,Furniture,Kolkata,East,35,5000,175000,No,No
1408,2024-08-22,P004,Rice,Grocery,Hyderabad,South,13,60,780,No,No
1409,2024-08-22,P005,Tshirt,Clothing,Hyderabad,South,37,800,29600,No,No
1410,2024-08-22,P006,Mixer,Home Appliances,Mumbai,West,25,3500,87500,No,No
1411,2024-08-23,P001,Laptop,Electronics,Bengaluru,South,26,60000,1560000,No,No
1412,2024-08-23,P002,Phone,Electronics,Mumbai,West,35,30000,1050000,No,No
1413,2024-08-23,P003,Chair,Furniture,Kolkata,East,9,5000,45000,No,No
1414,2024-08-23,P004,Rice,Grocery,Kolkata,East,51,60,3060,Yes,No
1415,2024-08-23,P005,Tshirt,Clothing,Delhi,North,32,800,25600,No,No
1416,2024-08-23,P006,Mixer,Home Appliances,Mumbai,West,20,3500,70000,No,No
1417,2024-08-24,P001,Laptop,Electronics,Mumbai,West,37,60000,2220000,No,No
1418,2024-08-24,P002,Phone,Electronics,Delhi,North,75,30000,2250000,Yes,No
1419,2024-08-24,P003,Chair,Furniture,Mumbai,West,25,5000,125000,No,No
1420,2024-08-24,P004,Rice,Grocery,Mumbai,West,37,60,2220,No,No
1421,2024-08-24,P005,Tshirt,Clothing,Bengaluru,South,32,800,25600,No,No
1422,2024-08-24,P006,Mixer,Home Appliances,Bengaluru,South,6,3500,21000,No,No
1423,2024-08-25,P001,Laptop,Electronics,Bengaluru,South,22,60000,1320000,No,No
1424,2024-08-25,P002,Phone,Electronics,Hyderabad,South,11,30000,330000,No,No
1425,2024-08-25,P003,Chair,Furniture,Delhi,North,28,5000,140000,No,No
1426,2024-08-25,P004,Rice,Grocery,Mumbai,West,17,60,1020,No,No
1427,2024-08-25,P005,Tshirt,Clothing,Mumbai,West,21,800,16800,No,No
1428,2024-08-25,P006,Mixer,Home Appliances,Delhi,North,15,3500,52500,No,No
1429,2024-08-26,P001,Laptop,Electronics,Bengaluru,South,6,60000,360000,No,No
1430,2024-08-26,P002,Phone,Electronics,Mumbai,West,16,30000,480000,No,No
1431,2024-08-26,P003,Chair,Furniture,Kolkata,East,16,5000,80000,No,No
1432,2024-08-26,P004,Rice,Grocery,Kolkata,East,5,60,300,No,No
1433,2024-08-26,P005,Tshirt,Clothing,Bengaluru,South,5,800,4000,No,No
1434,2024-08-26,P006,Mixer,Home Appliances,Bengaluru,South,17,3500,59500,No,No
1435,2024-08-27,P001,Laptop,Electronics,Hyderabad,South,15,60000,900000,No,No
1436,2024-08-27,P002,Phone,Electronics,Delhi,North,33,30000,990000,No,No
1437,2024-08-27,P003,Chair,Furniture,Kolkata,East,11,5000,55000,No,No
1438,2024-08-27,P004,Rice,Grocery,Mumbai,West,33,60,1980,No,No
1439,2024-08-27,P005,Tshirt,Clothing,Delhi,North,22,800,17600,No,No
1440,2024-08-27,P006,Mixer,Home Appliances,Bengaluru,South,20,3500,70000,No,No
1441,2024-08-28,P001,Laptop,Electronics,Delhi,North,7,60000,420000,No,No
1442,2024-08-28,P002,Phone,Electronics,Kolkata,East,30,30000,900000,No,No
1443,2024-08-28,P003,Chair,Furniture,Delhi,North,24,5000,120000,No,No
1444,2024-08-28,P004,Rice,Grocery,Kolkata,East,27,60,1620,No,No
1445,2024-08-28,P005,Tshirt,Clothing,Mumbai,West,25,800,20000,No,No
1446,2024-08-28,P006,Mixer,Home Appliances,Hyderabad,South,12,3500,42000,No,No
1447,2024-08-29,P001,Laptop,Electronics,Bengaluru,South,25,60000,1500000,No,No
1448,2024-08-29,P002,Phone,Electronics,Hyderabad,South,34,30000,1020000,No,No
1449,2024-08-29,P003,Chair,Furniture,Mumbai,West,34,5000,170000,No,No
1450,2024-08-29,P004,Rice,Grocery,Kolkata,East,19,60,1140,No,No
1451,2024-08-29,P005,Tshirt,Clothing,Bengaluru,South,24,800,19200,No,No
1452,2024-08-29,P006,Mixer,Home Appliances,Hyderabad,South,19,3500,66500,No,No
1453,2024-08-30,P001,Laptop,Electronics,Kolkata,East,5,60000,300000,No,No
1454,2024-08-30,P002,Phone,Electronics,Delhi,North,22,30000,660000,No,No
1455,2024-08-30,P003,Chair,Furniture,Hyderabad,South,38,5000,190000,No,No
1456,2024-08-30,P004,Rice,Grocery,Kolkata,East,10,60,600,No,No
1457,2024-08-30,P005,Tshirt,Clothing,Bengaluru,South,18,800,14400,No,No
1458,2024-08-30,P006,Mixer,Home Appliances,Hyderabad,South,36,3500,126000,No,No
1459,2024-08-31,P001,Laptop,Electronics,Bengaluru,South,36,60000,2160000,No,No
1460,2024-08-31,P002,Phone,Electronics,Hyderabad,South,9,30000,270000,No,No
1461,2024-08-31,P003,Chair,Furniture,Bengaluru,South,36,5000,180000,No,No
1462,2024-08-31,P004,Rice,Grocery,Mumbai,West,34,60,2040,No,No
1463,2024-08-31,P005,Tshirt,Clothing,Kolkata,East,89,800,71200,Yes,No
1464,2024-08-31,P006,Mixer,Home Appliances,Bengaluru,South,18,3500,63000,No,No
1465,2024-09-01,P001,Laptop,Electronics,Hyderabad,South,21,60000,1260000,No,No
1466,2024-09-01,P002,Phone,Electronics,Delhi,North,8,30000,240000,No,No
1467,2024-09-01,P003,Chair,Furniture,Mumbai,West,38,5000,190000,No,No
1468,2024-09-01,P004,Rice,Grocery,Hyderabad,South,7,60,420,No,No
1469,2024-09-01,P005,Tshirt,Clothing,Mumbai,West,13,800,10400,No,No
1470,2024-09-01,P006,Mixer,Home Appliances,Delhi,North,18,3500,63000,No,No
1471,2024-09-02,P001,Laptop,Electronics,Mumbai,West,28,60000,1680000,No,No
1472,2024-09-02,P002,Phone,Electronics,Bengaluru,South,49,30000,1470000,Yes,No
1473,2024-09-02,P003,Chair,Furniture,Bengaluru,South,35,5000,175000,No,No
1474,2024-09-02,P004,Rice,Grocery,Hyderabad,South,19,60,1140,No,No
1475,2024-09-02,P005,Tshirt,Clothing,Bengaluru,South,28,800,22400,No,No
1476,2024-09-02,P006,Mixer,Home Appliances,Hyderabad,South,26,3500,91000,No,No
1477,2024-09-03,P001,Laptop,Electronics,Hyderabad,South,30,60000,1800000,No,No
1478,2024-09-03,P002,Phone,Electronics,Hyderabad,South,22,30000,660000,No,No
1479,2024-09-03,P003,Chair,Furniture,Delhi,North,12,5000,60000,No,No
1480,2024-09-03,P004,Rice,Grocery,Kolkata,East,49,60,2940,Yes,No
1481,2024-09-03,P005,Tshirt,Clothing,Bengaluru,South,14,800,11200,No,No
1482,2024-09-03,P006,Mixer,Home Appliances,Kolkata,East,32,3500,112000,No,No
1483,2024-09-04,P001,Laptop,Electronics,Hyderabad,South,8,60000,480000,No,No
1484,2024-09-04,P002,Phone,Electronics,Hyderabad,South,13,30000,390000,No,No
1485,2024-09-04,P003,Chair,Furniture,Mumbai,West,12,5000,60000,No,No
1486,2024-09-04,P004,Rice,Grocery,Kolkata,East,89,60,5340,Yes,No
1487,2024-09-04,P005,Tshirt,Clothing,Hyderabad,South,15,800,12000,No,No
1488,2024-09-04,P006,Mixer,Home Appliances,Hyderabad,South,14,3500,49000,No,No
1489,2024-09-05,P001,Laptop,Electronics,Hyderabad,South,28,60000,1680000,No,No
1490,2024-09-05,P002,Phone,Electronics,Bengaluru,South,24,30000,720000,No,No
1491,2024-09-05,P003,Chair,Furniture,Bengaluru,South,11,5000,55000,No,No
1492,2024-09-05,P004,Rice,Grocery,Bengaluru,South,29,60,1740,No,No
1493,2024-09-05,P005,Tshirt,Clothing,Hyderabad,South,18,800,14400,No,No
1494,2024-09-05,P006,Mixer,Home Appliances,Kolkata,East,61,3500,213500,Yes,No
1495,2024-09-06,P001,Laptop,Electronics,Hyderabad,South,26,60000,1560000,No,No
1496,2024-09-06,P002,Phone,Electronics,Delhi,North,39,30000,1170000,No,No
1497,2024-09-06,P003,Chair,Furniture,Hyderabad,South,31,5000,155000,No,No
1498,2024-09-06,P004,Rice,Grocery,Delhi,North,20,60,1200,No,No
1499,2024-09-06,P005,Tshirt,Clothing,Hyderabad,South,70,800,56000,Yes,No
1500,2024-09-06,P006,Mixer,Home Appliances,Delhi,North,12,3500,42000,No,No
1501,2024-09-07,P001,Laptop,Electronics,Hyderabad,South,9,60000,540000,No,No
1502,2024-09-07,P002,Phone,Electronics,Bengaluru,South,5,30000,150000,No,No
1503,2024-09-07,P003,Chair,Furniture,Bengaluru,South,6,5000,30000,No,No
1504,2024-09-07,P004,Rice,Grocery,Kolkata,East,12,60,720,No,No
1505,2024-09-07,P005,Tshirt,Clothing,Delhi,North,9,800,7200,No,No
1506,2024-09-07,P006,Mixer,Home Appliances,Kolkata,East,18,3500,63000,No,No
1507,2024-09-08,P001,Laptop,Electronics,Delhi,North,24,60000,1440000,No,No
1508,2024-09-08,P002,Phone,Electronics,Mumbai,West,8,30000,240000,No,No
1509,2024-09-08,P003,Chair,Furniture,Delhi,North,19,5000,95000,No,No
1510,2024-09-08,P004,Rice,Grocery,Bengaluru,South,30,60,1800,No,No
1511,2024-09-08,P005,Tshirt,Clothing,Kolkata,East,80,800,64000,Yes,No
1512,2024-09-08,P006,Mixer,Home Appliances,Bengaluru,South,24,3500,84000,No,No
1513,2024-09-09,P001,Laptop,Electronics,Bengaluru,South,24,60000,1440000,No,No
1514,2024-09-09,P002,Phone,Electronics,Kolkata,East,37,30000,1110000,No,No
1515,2024-09-09,P003,Chair,Furniture,Bengaluru,South,6,5000,30000,No,No
1516,2024-09-09,P004,Rice,Grocery,Bengaluru,South,15,60,900,No,No
1517,2024-09-09,P005,Tshirt,Clothing,Hyderabad,South,30,800,24000,No,No
1518,2024-09-09,P006,Mixer,Home Appliances,Bengaluru,South,14,3500,49000,No,No
1519,2024-09-10,P001,Laptop,Electronics,Hyderabad,South,24,60000,1440000,No,No
1520,2024-09-10,P002,Phone,Electronics,Hyderabad,South,30,30000,900000,No,No
1521,2024-09-10,P003,Chair,Furniture,Delhi,North,24,5000,120000,No,No
1522,2024-09-10,P004,Rice,Grocery,Hyderabad,South,14,60,840,No,No
1523,2024-09-10,P005,Tshirt,Clothing,Bengaluru,South,19,800,15200,No,No
1524,2024-09-10,P006,Mixer,Home Appliances,Bengaluru,South,69,3500,241500,Yes,No
1525,2024-09-11,P001,Laptop,Electronics,Kolkata,East,15,60000,900000,No,No
1526,2024-09-11,P002,Phone,Electronics,Hyderabad,South,32,30000,960000,No,No
1527,2024-09-11,P003,Chair,Furniture,Delhi,North,5,5000,25000,No,No
1528,2024-09-11,P004,Rice,Grocery,Bengaluru,South,11,60,660,No,No
1529,2024-09-11,P005,Tshirt,Clothing,Kolkata,East,21,800,16800,No,No
1530,2024-09-11,P006,Mixer,Home Appliances,Hyderabad,South,31,3500,108500,No,No
1531,2024-09-12,P001,Laptop,Electronics,Delhi,North,36,60000,2160000,No,No
1532,2024-09-12,P002,Phone,Electronics,Kolkata,East,36,30000,1080000,No,No
1533,2024-09-12,P003,Chair,Furniture,Delhi,North,64,5000,320000,Yes,No
1534,2024-09-12,P004,Rice,Grocery,Hyderabad,South,39,60,2340,No,No
1535,2024-09-12,P005,Tshirt,Clothing,Bengaluru,South,9,800,7200,No,No
1536,2024-09-12,P006,Mixer,Home Appliances,Bengaluru,South,22,3500,77000,No,No
1537,2024-09-13,P001,Laptop,Electronics,Delhi,North,9,60000,540000,No,No
1538,2024-09-13,P002,Phone,Electronics,Bengaluru,South,65,30000,1950000,Yes,No
1539,2024-09-13,P003,Chair,Furniture,Delhi,North,5,5000,25000,No,No
1540,2024-09-13,P004,Rice,Grocery,Hyderabad,South,40,60,2400,No,No
1541,2024-09-13,P005,Tshirt,Clothing,Bengaluru,South,8,800,6400,No,No
1542,2024-09-13,P006,Mixer,Home Appliances,Hyderabad,South,25,3500,87500,No,No
1543,2024-09-14,P001,Laptop,Electronics,Bengaluru,South,10,60000,600000,No,No
1544,2024-09-14,P002,Phone,Electronics,Bengaluru,South,14,30000,420000,No,No
1545,2024-09-14,P003,Chair,Furniture,Kolkata,East,9,5000,45000,No,No
1546,2024-09-14,P004,Rice,Grocery,Hyderabad,South,17,60,1020,No,No
1547,2024-09-14,P005,Tshirt,Clothing,Mumbai,West,30,800,24000,No,No
1548,2024-09-14,P006,Mixer,Home Appliances,Bengaluru,South,28,3500,98000,No,No
1549,2024-09-15,P001,Laptop,Electronics,Delhi,North,20,60000,1200000,No,No
1550,2024-09-15,P002,Phone,Electronics,Hyderabad,South,15,30000,450000,No,No
1551,2024-09-15,P003,Chair,Furniture,Bengaluru,South,31,5000,155000,No,No
1552,2024-09-15,P004,Rice,Grocery,Delhi,North,13,60,780,No,No
1553,2024-09-15,P005,Tshirt,Clothing,Kolkata,East,20,800,16000,No,No
1554,2024-09-15,P006,Mixer,Home Appliances,Mumbai,West,22,3500,77000,No,No
1555,2024-09-16,P001,Laptop,Electronics,Delhi,North,13,60000,780000,No,No
1556,2024-09-16,P002,Phone,Electronics,Hyderabad,South,16,30000,480000,No,No
1557,2024-09-16,P003,Chair,Furniture,Hyderabad,South,9,5000,45000,No,No
1558,2024-09-16,P004,Rice,Grocery,Mumbai,West,12,60,720,No,No
1559,2024-09-16,P005,Tshirt,Clothing,Kolkata,East,8,800,6400,No,No
1560,2024-09-16,P006,Mixer,Home Appliances,Kolkata,East,17,3500,59500,No,No
1561,2024-09-17,P001,Laptop,Electronics,Kolkata,East,35,60000,2100000,No,No
1562,2024-09-17,P002,Phone,Electronics,Delhi,North,30,30000,900000,No,No
1563,2024-09-17,P003,Chair,Furniture,Bengaluru,South,39,5000,195000,No,No
1564,2024-09-17,P004,Rice,Grocery,Mumbai,West,28,60,1680,No,No
1565,2024-09-17,P005,Tshirt,Clothing,Delhi,North,32,800,25600,No,No
1566,2024-09-17,P006,Mixer,Home Appliances,Bengaluru,South,32,3500,112000,No,No
1567,2024-09-18,P001,Laptop,Electronics,Delhi,North,34,60000,2040000,No,No
1568,2024-09-18,P002,Phone,Electronics,Kolkata,East,14,30000,420000,No,No
1569,2024-09-18,P003,Chair,Furniture,Mumbai,West,24,5000,120000,No,No
1570,2024-09-18,P004,Rice,Grocery,Delhi,North,39,60,2340,No,No
1571,2024-09-18,P005,Tshirt,Clothing,Mumbai,West,13,800,10400,No,No
1572,2024-09-18,P006,Mixer,Home Appliances,Hyderabad,South,5,3500,17500,No,No
1573,2024-09-19,P001,Laptop,Electronics,Delhi,North,10,60000,600000,No,No
1574,2024-09-19,P002,Phone,Electronics,Kolkata,East,55,30000,1650000,Yes,No
1575,2024-09-19,P003,Chair,Furniture,Delhi,North,7,5000,35000,No,No
1576,2024-09-19,P004,Rice,Grocery,Hyderabad,South,44,60,2640,Yes,No
1577,2024-09-19,P005,Tshirt,Clothing,Hyderabad,South,26,800,20800,No,No
1578,2024-09-19,P006,Mixer,Home Appliances,Kolkata,East,7,3500,24500,No,No
1579,2024-09-20,P001,Laptop,Electronics,Mumbai,West,28,60000,1680000,No,No
1580,2024-09-20,P002,Phone,Electronics,Delhi,North,7,30000,210000,No,No
1581,2024-09-20,P003,Chair,Furniture,Hyderabad,South,17,5000,85000,No,No
1582,2024-09-20,P004,Rice,Grocery,Delhi,North,15,60,900,No,No
1583,2024-09-20,P005,Tshirt,Clothing,Bengaluru,South,25,800,20000,No,No
1584,2024-09-20,P006,Mixer,Home Appliances,Hyderabad,South,13,3500,45500,No,No
1585,2024-09-21,P001,Laptop,Electronics,Kolkata,East,37,60000,2220000,No,No
1586,2024-09-21,P002,Phone,Electronics,Kolkata,East,19,30000,570000,No,No
1587,2024-09-21,P003,Chair,Furniture,Delhi,North,43,5000,215000,Yes,No
1588,2024-09-21,P004,Rice,Grocery,Hyderabad,South,24,60,1440,No,No
1589,2024-09-21,P005,Tshirt,Clothing,Bengaluru,South,14,800,11200,No,No
1590,2024-09-21,P006,Mixer,Home Appliances,Kolkata,East,34,3500,119000,No,No
1591,2024-09-22,P001,Laptop,Electronics,Mumbai,West,6,60000,360000,No,No
1592,2024-09-22,P002,Phone,Electronics,Bengaluru,South,36,30000,1080000,No,No
1593,2024-09-22,P003,Chair,Furniture,Mumbai,West,39,5000,195000,No,No
1594,2024-09-22,P004,Rice,Grocery,Kolkata,East,23,60,1380,No,No
1595,2024-09-22,P005,Tshirt,Clothing,Mumbai,West,10,800,8000,No,No
1596,2024-09-22,P006,Mixer,Home Appliances,Mumbai,West,26,3500,91000,No,No
1597,2024-09-23,P001,Laptop,Electronics,Kolkata,East,32,60000,1920000,No,No
1598,2024-09-23,P002,Phone,Electronics,Hyderabad,South,28,30000,840000,No,No
1599,2024-09-23,P003,Chair,Furniture,Bengaluru,South,29,5000,145000,No,No
1600,2024-09-23,P004,Rice,Grocery,Delhi,North,13,60,780,No,No
1601,2024-09-23,P005,Tshirt,Clothing,Mumbai,West,37,800,29600,No,No
1602,2024-09-23,P006,Mixer,Home Appliances,Kolkata,East,15,3500,52500,No,No
1603,2024-09-24,P001,Laptop,Electronics,Mumbai,West,22,60000,1320000,No,No
1604,2024-09-24,P002,Phone,Electronics,Mumbai,West,40,30000,1200000,No,No
1605,2024-09-24,P003,Chair,Furniture,Delhi,North,22,5000,110000,No,No
1606,2024-09-24,P004,Rice,Grocery,Mumbai,West,8,60,480,No,No
1607,2024-09-24,P005,Tshirt,Clothing,Delhi,North,40,800,32000,No,No
1608,2024-09-24,P006,Mixer,Home Appliances,Delhi,North,37,3500,129500,No,No
1609,2024-09-25,P001,Laptop,Electronics,Hyderabad,South,10,60000,600000,No,No
1610,2024-09-25,P002,Phone,Electronics,Kolkata,East,48,30000,1440000,Yes,No
1611,2024-09-25,P003,Chair,Furniture,Kolkata,East,36,5000,180000,No,No
1612,2024-09-25,P004,Rice,Grocery,Kolkata,East,38,60,2280,Yes,No
1613,2024-09-25,P005,Tshirt,Clothing,Delhi,North,29,800,23200,No,No
1614,2024-09-25,P006,Mixer,Home Appliances,Delhi,North,9,3500,31500,No,No
1615,2024-09-26,P001,Laptop,Electronics,Delhi,North,39,60000,2340000,No,No
1616,2024-09-26,P002,Phone,Electronics,Kolkata,East,18,30000,540000,No,No
1617,2024-09-26,P003,Chair,Furniture,Hyderabad,South,37,5000,185000,No,No
1618,2024-09-26,P004,Rice,Grocery,Kolkata,East,12,60,720,No,No
1619,2024-09-26,P005,Tshirt,Clothing,Bengaluru,South,23,800,18400,No,No
1620,2024-09-26,P006,Mixer,Home Appliances,Bengaluru,South,12,3500,42000,No,No
1621,2024-09-27,P001,Laptop,Electronics,Bengaluru,South,7,60000,420000,No,No
1622,2024-09-27,P002,Phone,Electronics,Mumbai,West,36,30000,1080000,No,No
1623,2024-09-27,P003,Chair,Furniture,Hyderabad,South,13,5000,65000,No,No
1624,2024-09-27,P004,Rice,Grocery,Bengaluru,South,13,60,780,No,No
1625,2024-09-27,P005,Tshirt,Clothing,Hyderabad,South,7,800,5600,No,No
1626,2024-09-27,P006,Mixer,Home Appliances,Kolkata,East,35,3500,122500,No,No
1627,2024-09-28,P001,Laptop,Electronics,Hyderabad,South,16,60000,960000,No,No
1628,2024-09-28,P002,Phone,Electronics,Hyderabad,South,34,30000,1020000,No,No
1629,2024-09-28,P003,Chair,Furniture,Hyderabad,South,17,5000,85000,No,No
1630,2024-09-28,P004,Rice,Grocery,Kolkata,East,38,60,2280,No,No
1631,2024-09-28,P005,Tshirt,Clothing,Bengaluru,South,14,800,11200,No,No
1632,2024-09-28,P006,Mixer,Home Appliances,Delhi,North,13,3500,45500,No,No
1633,2024-09-29,P001,Laptop,Electronics,Mumbai,West,25,60000,1500000,No,No
1634,2024-09-29,P002,Phone,Electronics,Delhi,North,15,30000,450000,No,No
1635,2024-09-29,P003,Chair,Furniture,Mumbai,West,16,5000,80000,No,No
1636,2024-09-29,P004,Rice,Grocery,Bengaluru,South,7,60,420,No,No
1637,2024-09-29,P005,Tshirt,Clothing,Kolkata,East,10,800,8000,No,No
1638,2024-09-29,P006,Mixer,Home Appliances,Delhi,North,27,3500,94500,No,No
1639,2024-09-30,P001,Laptop,Electronics,Bengaluru,South,10,60000,600000,No,No
1640,2024-09-30,P002,Phone,Electronics,Kolkata,East,25,30000,750000,No,No
1641,2024-09-30,P003,Chair,Furniture,Bengaluru,South,9,5000,45000,No,No
1642,2024-09-30,P004,Rice,Grocery,Delhi,North,37,60,2220,No,No
1643,2024-09-30,P005,Tshirt,Clothing,Mumbai,West,28,800,22400,No,No
1644,2024-09-30,P006,Mixer,Home Appliances,Bengaluru,South,7,3500,24500,No,No
1645,2024-10-01,P001,Laptop,Electronics,Hyderabad,South,100,60000,6000000,No,Yes
1646,2024-10-01,P002,Phone,Electronics,Hyderabad,South,56,30000,1680000,No,Yes
1647,2024-10-01,P003,Chair,Furniture,Delhi,North,93,5000,465000,No,Yes
1648,2024-10-01,P004,Rice,Grocery,Bengaluru,South,91,60,5460,No,Yes
1649,2024-10-01,P005,Tshirt,Clothing,Kolkata,East,79,800,63200,No,Yes
1650,2024-10-01,P006,Mixer,Home Appliances,Bengaluru,South,75,3500,262500,No,Yes
1651,2024-10-02,P001,Laptop,Electronics,Delhi,North,108,60000,6480000,No,Yes
1652,2024-10-02,P002,Phone,Electronics,Kolkata,East,94,30000,2820000,No,Yes
1653,2024-10-02,P003,Chair,Furniture,Mumbai,West,63,5000,315000,No,Yes
1654,2024-10-02,P004,Rice,Grocery,Hyderabad,South,66,60,3960,No,Yes
1655,2024-10-02,P005,Tshirt,Clothing,Hyderabad,South,40,800,32000,No,Yes
1656,2024-10-02,P006,Mixer,Home Appliances,Delhi,North,55,3500,192500,No,Yes
1657,2024-10-03,P001,Laptop,Electronics,Delhi,North,37,60000,2220000,No,No
1658,2024-10-03,P002,Phone,Electronics,Hyderabad,South,24,30000,720000,No,No
1659,2024-10-03,P003,Chair,Furniture,Bengaluru,South,9,5000,45000,No,No
1660,2024-10-03,P004,Rice,Grocery,Hyderabad,South,39,60,2340,No,No
1661,2024-10-03,P005,Tshirt,Clothing,Bengaluru,South,27,800,21600,No,No
1662,2024-10-03,P006,Mixer,Home Appliances,Kolkata,East,10,3500,35000,No,No
1663,2024-10-04,P001,Laptop,Electronics,Mumbai,West,38,60000,2280000,No,No
1664,2024-10-04,P002,Phone,Electronics,Mumbai,West,40,30000,1200000,Yes,No
1665,2024-10-04,P003,Chair,Furniture,Mumbai,West,32,5000,160000,No,No
1666,2024-10-04,P004,Rice,Grocery,Mumbai,West,31,60,1860,No,No
1667,2024-10-04,P005,Tshirt,Clothing,Delhi,North,16,800,12800,No,No
1668,2024-10-04,P006,Mixer,Home Appliances,Mumbai,West,33,3500,115500,No,No
1669,2024-10-05,P001,Laptop,Electronics,Delhi,North,17,60000,1020000,No,No
1670,2024-10-05,P002,Phone,Electronics,Kolkata,East,27,30000,810000,No,No
1671,2024-10-05,P003,Chair,Furniture,Delhi,North,33,5000,165000,No,No
1672,2024-10-05,P004,Rice,Grocery,Kolkata,East,20,60,1200,No,No
1673,2024-10-05,P005,Tshirt,Clothing,Bengaluru,South,6,800,4800,No,No
1674,2024-10-05,P006,Mixer,Home Appliances,Hyderabad,South,9,3500,31500,No,No
1675,2024-10-06,P001,Laptop,Electronics,Delhi,North,92,60000,5520000,Yes,No
1676,2024-10-06,P002,Phone,Electronics,Bengaluru,South,10,30000,300000,No,No
1677,2024-10-06,P003,Chair,Furniture,Delhi,North,24,5000,120000,No,No
1678,2024-10-06,P004,Rice,Grocery,Delhi,North,30,60,1800,No,No
1679,2024-10-06,P005,Tshirt,Clothing,Kolkata,East,38,800,30400,No,No
1680,2024-10-06,P006,Mixer,Home Appliances,Hyderabad,South,8,3500,28000,No,No
1681,2024-10-07,P001,Laptop,Electronics,Kolkata,East,37,60000,2220000,No,No
1682,2024-10-07,P002,Phone,Electronics,Bengaluru,South,15,30000,450000,No,No
1683,2024-10-07,P003,Chair,Furniture,Bengaluru,South,17,5000,85000,No,No
1684,2024-10-07,P004,Rice,Grocery,Kolkata,East,9,60,540,No,No
1685,2024-10-07,P005,Tshirt,Clothing,Mumbai,West,29,800,23200,No,No
1686,2024-10-07,P006,Mixer,Home Appliances,Hyderabad,South,38,3500,133000,No,No
1687,2024-10-08,P001,Laptop,Electronics,Delhi,North,6,60000,360000,No,No
1688,2024-10-08,P002,Phone,Electronics,Mumbai,West,35,30000,1050000,No,No
1689,2024-10-08,P003,Chair,Furniture,Bengaluru,South,26,5000,130000,No,No
1690,2024-10-08,P004,Rice,Grocery,Kolkata,East,12,60,720,No,No
1691,2024-10-08,P005,Tshirt,Clothing,Hyderabad,South,16,800,12800,No,No
1692,2024-10-08,P006,Mixer,Home Appliances,Mumbai,West,32,3500,112000,No,No
1693,2024-10-09,P001,Laptop,Electronics,Kolkata,East,30,60000,1800000,No,No
1694,2024-10-09,P002,Phone,Electronics,Delhi,North,8,30000,240000,No,No
1695,2024-10-09,P003,Chair,Furniture,Bengaluru,South,35,5000,175000,No,No
1696,2024-10-09,P004,Rice,Grocery,Bengaluru,South,12,60,720,No,No
1697,2024-10-09,P005,Tshirt,Clothing,Mumbai,West,30,800,24000,No,No
1698,2024-10-09,P006,Mixer,Home Appliances,Hyderabad,South,33,3500,115500,No,No
1699,2024-10-10,P001,Laptop,Electronics,Kolkata,East,15,60000,900000,No,No
1700,2024-10-10,P002,Phone,Electronics,Kolkata,East,10,30000,300000,No,No
1701,2024-10-10,P003,Chair,Furniture,Kolkata,East,6,5000,30000,No,No
1702,2024-10-10,P004,Rice,Grocery,Bengaluru,South,16,60,960,No,No
1703,2024-10-10,P005,Tshirt,Clothing,Kolkata,East,21,800,16800,No,No
1704,2024-10-10,P006,Mixer,Home Appliances,Bengaluru,South,46,3500,161000,Yes,No
1705,2024-10-11,P001,Laptop,Electronics,Delhi,North,26,60000,1560000,No,No
1706,2024-10-11,P002,Phone,Electronics,Bengaluru,South,20,30000,600000,No,No
1707,2024-10-11,P003,Chair,Furniture,Mumbai,West,33,5000,165000,No,No
1708,2024-10-11,P004,Rice,Grocery,Mumbai,West,7,60,420,No,No
1709,2024-10-11,P005,Tshirt,Clothing,Kolkata,East,18,800,14400,No,No
1710,2024-10-11,P006,Mixer,Home Appliances,Bengaluru,South,20,3500,70000,No,No
1711,2024-10-12,P001,Laptop,Electronics,Kolkata,East,36,60000,2160000,No,No
1712,2024-10-12,P002,Phone,Electronics,Mumbai,West,13,30000,390000,No,No
1713,2024-10-12,P003,Chair,Furniture,Mumbai,West,7,5000,35000,No,No
1714,2024-10-12,P004,Rice,Grocery,Bengaluru,South,36,60,2160,No,No
1715,2024-10-12,P005,Tshirt,Clothing,Mumbai,West,19,800,15200,No,No
1716,2024-10-12,P006,Mixer,Home Appliances,Bengaluru,South,31,3500,108500,No,No
1717,2024-10-13,P001,Laptop,Electronics,Delhi,North,43,60000,2580000,Yes,No
1718,2024-10-13,P002,Phone,Electronics,Hyderabad,South,29,30000,870000,No,No
1719,2024-10-13,P003,Chair,Furniture,Hyderabad,South,26,5000,130000,No,No
1720,2024-10-13,P004,Rice,Grocery,Bengaluru,South,19,60,1140,No,No
1721,2024-10-13,P005,Tshirt,Clothing,Bengaluru,South,35,800,28000,No,No
1722,2024-10-13,P006,Mixer,Home Appliances,Mumbai,West,9,3500,31500,No,No
1723,2024-10-14,P001,Laptop,Electronics,Mumbai,West,15,60000,900000,No,No
1724,2024-10-14,P002,Phone,Electronics,Mumbai,West,21,30000,630000,No,No
1725,2024-10-14,P003,Chair,Furniture,Delhi,North,67,5000,335000,Yes,No
1726,2024-10-14,P004,Rice,Grocery,Kolkata,East,21,60,1260,No,No
1727,2024-10-14,P005,Tshirt,Clothing,Hyderabad,South,7,800,5600,No,No
1728,2024-10-14,P006,Mixer,Home Appliances,Bengaluru,South,7,3500,24500,No,No
1729,2024-10-15,P001,Laptop,Electronics,Delhi,North,11,60000,660000,No,No
1730,2024-10-15,P002,Phone,Electronics,Bengaluru,South,12,30000,360000,No,No
1731,2024-10-15,P003,Chair,Furniture,Bengaluru,South,35,5000,175000,No,No
1732,2024-10-15,P004,Rice,Grocery,Kolkata,East,22,60,1320,No,No
1733,2024-10-15,P005,Tshirt,Clothing,Bengaluru,South,72,800,57600,Yes,No
1734,2024-10-15,P006,Mixer,Home Appliances,Delhi,North,35,3500,122500,No,No
1735,2024-10-16,P001,Laptop,Electronics,Delhi,North,40,60000,2400000,No,No
1736,2024-10-16,P002,Phone,Electronics,Kolkata,East,13,30000,390000,No,No
1737,2024-10-16,P003,Chair,Furniture,Kolkata,East,24,5000,120000,No,No
1738,2024-10-16,P004,Rice,Grocery,Bengaluru,South,8,60,480,No,No
1739,2024-10-16,P005,Tshirt,Clothing,Mumbai,West,38,800,30400,No,No
1740,2024-10-16,P006,Mixer,Home Appliances,Mumbai,West,34,3500,119000,No,No
1741,2024-10-17,P001,Laptop,Electronics,Kolkata,East,17,60000,1020000,No,No
1742,2024-10-17,P002,Phone,Electronics,Mumbai,West,23,30000,690000,No,No
1743,2024-10-17,P003,Chair,Furniture,Delhi,North,11,5000,55000,No,No
1744,2024-10-17,P004,Rice,Grocery,Kolkata,East,11,60,660,No,No
1745,2024-10-17,P005,Tshirt,Clothing,Delhi,North,10,800,8000,No,No
1746,2024-10-17,P006,Mixer,Home Appliances,Kolkata,East,21,3500,73500,No,No
1747,2024-10-18,P001,Laptop,Electronics,Kolkata,East,32,60000,1920000,No,No
1748,2024-10-18,P002,Phone,Electronics,Bengaluru,South,13,30000,390000,No,No
1749,2024-10-18,P003,Chair,Furniture,Mumbai,West,22,5000,110000,No,No
1750,2024-10-18,P004,Rice,Grocery,Bengaluru,South,20,60,1200,No,No
1751,2024-10-18,P005,Tshirt,Clothing,Mumbai,West,27,800,21600,No,No
1752,2024-10-18,P006,Mixer,Home Appliances,Delhi,North,20,3500,70000,No,No
1753,2024-10-19,P001,Laptop,Electronics,Kolkata,East,38,60000,2280000,No,No
1754,2024-10-19,P002,Phone,Electronics,Delhi,North,33,30000,990000,No,No
1755,2024-10-19,P003,Chair,Furniture,Mumbai,West,13,5000,65000,No,No
1756,2024-10-19,P004,Rice,Grocery,Mumbai,West,9,60,540,No,No
1757,2024-10-19,P005,Tshirt,Clothing,Delhi,North,19,800,15200,No,No
1758,2024-10-19,P006,Mixer,Home Appliances,Delhi,North,11,3500,38500,No,No
1759,2024-10-20,P001,Laptop,Electronics,Bengaluru,South,11,60000,660000,No,No
1760,2024-10-20,P002,Phone,Electronics,Mumbai,West,25,30000,750000,No,No
1761,2024-10-20,P003,Chair,Furniture,Delhi,North,11,5000,55000,No,No
1762,2024-10-20,P004,Rice,Grocery,Mumbai,West,8,60,480,No,No
1763,2024-10-20,P005,Tshirt,Clothing,Mumbai,West,99,800,79200,Yes,No
1764,2024-10-20,P006,Mixer,Home Appliances,Bengaluru,South,28,3500,98000,No,No
1765,2024-10-21,P001,Laptop,Electronics,Hyderabad,South,61,60000,3660000,Yes,No
1766,2024-10-21,P002,Phone,Electronics,Mumbai,West,28,30000,840000,No,No
1767,2024-10-21,P003,Chair,Furniture,Delhi,North,58,5000,290000,Yes,No
1768,2024-10-21,P004,Rice,Grocery,Bengaluru,South,21,60,1260,No,No
1769,2024-10-21,P005,Tshirt,Clothing,Kolkata,East,6,800,4800,No,No
1770,2024-10-21,P006,Mixer,Home Appliances,Mumbai,West,23,3500,80500,No,No
1771,2024-10-22,P001,Laptop,Electronics,Bengaluru,South,6,60000,360000,No,No
1772,2024-10-22,P002,Phone,Electronics,Hyderabad,South,14,30000,420000,No,No
1773,2024-10-22,P003,Chair,Furniture,Kolkata,East,17,5000,85000,No,No
1774,2024-10-22,P004,Rice,Grocery,Delhi,North,15,60,900,No,No
1775,2024-10-22,P005,Tshirt,Clothing,Hyderabad,South,24,800,19200,No,No
1776,2024-10-22,P006,Mixer,Home Appliances,Mumbai,West,66,3500,231000,Yes,No
1777,2024-10-23,P001,Laptop,Electronics,Hyderabad,South,12,60000,720000,No,No
1778,2024-10-23,P002,Phone,Electronics,Bengaluru,South,31,30000,930000,No,No
1779,2024-10-23,P003,Chair,Furniture,Bengaluru,South,9,5000,45000,No,No
1780,2024-10-23,P004,Rice,Grocery,Kolkata,East,31,60,1860,No,No
1781,2024-10-23,P005,Tshirt,Clothing,Mumbai,West,5,800,4000,No,No
1782,2024-10-23,P006,Mixer,Home Appliances,Kolkata,East,25,3500,87500,No,No
1783,2024-10-24,P001,Laptop,Electronics,Kolkata,East,39,60000,2340000,No,No
1784,2024-10-24,P002,Phone,Electronics,Bengaluru,South,38,30000,1140000,No,No
1785,2024-10-24,P003,Chair,Furniture,Mumbai,West,12,5000,60000,No,No
1786,2024-10-24,P004,Rice,Grocery,Bengaluru,South,34,60,2040,No,No
1787,2024-10-24,P005,Tshirt,Clothing,Delhi,North,11,800,8800,No,No
1788,2024-10-24,P006,Mixer,Home Appliances,Mumbai,West,33,3500,115500,No,No
1789,2024-10-25,P001,Laptop,Electronics,Mumbai,West,5,60000,300000,No,No
1790,2024-10-25,P002,Phone,Electronics,Bengaluru,South,10,30000,300000,No,No
1791,2024-10-25,P003,Chair,Furniture,Hyderabad,South,33,5000,165000,No,No
1792,2024-10-25,P004,Rice,Grocery,Hyderabad,South,8,60,480,No,No
1793,2024-10-25,P005,Tshirt,Clothing,Mumbai,West,21,800,16800,No,No
1794,2024-10-25,P006,Mixer,Home Appliances,Hyderabad,South,15,3500,52500,No,No
1795,2024-10-26,P001,Laptop,Electronics,Hyderabad,South,20,60000,1200000,No,No
1796,2024-10-26,P002,Phone,Electronics,Hyderabad,South,6,30000,180000,No,No
1797,2024-10-26,P003,Chair,Furniture,Kolkata,East,17,5000,85000,No,No
1798,2024-10-26,P004,Rice,Grocery,Kolkata,East,14,60,840,No,No
1799,2024-10-26,P005,Tshirt,Clothing,Delhi,North,33,800,26400,No,No
1800,2024-10-26,P006,Mixer,Home Appliances,Kolkata,East,10,3500,35000,No,No
1801,2024-10-27,P001,Laptop,Electronics,Mumbai,West,40,60000,2400000,No,No
1802,2024-10-27,P002,Phone,Electronics,Bengaluru,South,14,30000,420000,No,No
1803,2024-10-27,P003,Chair,Furniture,Hyderabad,South,7,5000,35000,No,No
1804,2024-10-27,P004,Rice,Grocery,Mumbai,West,19,60,1140,No,No
1805,2024-10-27,P005,Tshirt,Clothing,Hyderabad,South,14,800,11200,No,No
1806,2024-10-27,P006,Mixer,Home Appliances,Bengaluru,South,34,3500,119000,No,No
1807,2024-10-28,P001,Laptop,Electronics,Hyderabad,South,5,60000,300000,No,No
1808,2024-10-28,P002,Phone,Electronics,Delhi,North,31,30000,930000,No,No
1809,2024-10-28,P003,Chair,Furniture,Kolkata,East,37,5000,185000,No,No
1810,2024-10-28,P004,Rice,Grocery,Mumbai,West,33,60,1980,No,No
1811,2024-10-28,P005,Tshirt,Clothing,Bengaluru,South,39,800,31200,No,No
1812,2024-10-28,P006,Mixer,Home Appliances,Delhi,North,19,3500,66500,No,No
1813,2024-10-29,P001,Laptop,Electronics,Kolkata,East,29,60000,1740000,No,No
1814,2024-10-29,P002,Phone,Electronics,Hyderabad,South,66,30000,1980000,Yes,No
1815,2024-10-29,P003,Chair,Furniture,Kolkata,East,16,5000,80000,No,No
1816,2024-10-29,P004,Rice,Grocery,Hyderabad,South,34,60,2040,No,No
1817,2024-10-29,P005,Tshirt,Clothing,Mumbai,West,25,800,20000,No,No
1818,2024-10-29,P006,Mixer,Home Appliances,Bengaluru,South,7,3500,24500,No,No
1819,2024-10-30,P001,Laptop,Electronics,Delhi,North,68,60000,4080000,No,Yes
1820,2024-10-30,P002,Phone,Electronics,Delhi,North,77,30000,2310000,No,Yes
1821,2024-10-30,P003,Chair,Furniture,Hyderabad,South,101,5000,505000,No,Yes
1822,2024-10-30,P004,Rice,Grocery,Mumbai,West,133,60,7980,Yes,Yes
1823,2024-10-30,P005,Tshirt,Clothing,Hyderabad,South,85,800,68000,No,Yes
1824,2024-10-30,P006,Mixer,Home Appliances,Bengaluru,South,125,3500,437500,Yes,Yes
1825,2024-10-31,P001,Laptop,Electronics,Hyderabad,South,75,60000,4500000,No,Yes
1826,2024-10-31,P002,Phone,Electronics,Mumbai,West,54,30000,1620000,No,Yes
1827,2024-10-31,P003,Chair,Furniture,Hyderabad,South,81,5000,405000,No,Yes
1828,2024-10-31,P004,Rice,Grocery,Mumbai,West,79,60,4740,No,Yes
1829,2024-10-31,P005,Tshirt,Clothing,Kolkata,East,66,800,52800,No,Yes
1830,2024-10-31,P006,Mixer,Home Appliances,Bengaluru,South,73,3500,255500,No,Yes
1831,2024-11-01,P001,Laptop,Electronics,Hyderabad,South,108,60000,6480000,No,Yes
1832,2024-11-01,P002,Phone,Electronics,Delhi,North,81,30000,2430000,No,Yes
1833,2024-11-01,P003,Chair,Furniture,Bengaluru,South,83,5000,415000,No,Yes
1834,2024-11-01,P004,Rice,Grocery,Delhi,North,96,60,5760,No,Yes
1835,2024-11-01,P005,Tshirt,Clothing,Kolkata,East,58,800,46400,No,Yes
1836,2024-11-01,P006,Mixer,Home Appliances,Mumbai,West,110,3500,385000,No,Yes
1837,2024-11-02,P001,Laptop,Electronics,Mumbai,West,121,60000,7260000,Yes,Yes
1838,2024-11-02,P002,Phone,Electronics,Hyderabad,South,79,30000,2370000,No,Yes
1839,2024-11-02,P003,Chair,Furniture,Hyderabad,South,70,5000,350000,No,Yes
1840,2024-11-02,P004,Rice,Grocery,Delhi,North,40,60,2400,No,Yes
1841,2024-11-02,P005,Tshirt,Clothing,Mumbai,West,102,800,81600,No,Yes
1842,2024-11-02,P006,Mixer,Home Appliances,Delhi,North,113,3500,395500,No,Yes
1843,2024-11-03,P001,Laptop,Electronics,Kolkata,East,12,60000,720000,No,No
1844,2024-11-03,P002,Phone,Electronics,Kolkata,East,18,30000,540000,No,No
1845,2024-11-03,P003,Chair,Furniture,Kolkata,East,29,5000,145000,No,No
1846,2024-11-03,P004,Rice,Grocery,Mumbai,West,75,60,4500,Yes,No
1847,2024-11-03,P005,Tshirt,Clothing,Mumbai,West,10,800,8000,No,No
1848,2024-11-03,P006,Mixer,Home Appliances,Hyderabad,South,34,3500,119000,No,No
1849,2024-11-04,P001,Laptop,Electronics,Mumbai,West,38,60000,2280000,No,No
1850,2024-11-04,P002,Phone,Electronics,Kolkata,East,5,30000,150000,No,No
1851,2024-11-04,P003,Chair,Furniture,Delhi,North,7,5000,35000,No,No
1852,2024-11-04,P004,Rice,Grocery,Hyderabad,South,38,60,2280,No,No
1853,2024-11-04,P005,Tshirt,Clothing,Kolkata,East,40,800,32000,No,No
1854,2024-11-04,P006,Mixer,Home Appliances,Hyderabad,South,25,3500,87500,No,No
1855,2024-11-05,P001,Laptop,Electronics,Bengaluru,South,27,60000,1620000,No,No
1856,2024-11-05,P002,Phone,Electronics,Delhi,North,14,30000,420000,No,No
1857,2024-11-05,P003,Chair,Furniture,Hyderabad,South,5,5000,25000,No,No
1858,2024-11-05,P004,Rice,Grocery,Mumbai,West,38,60,2280,No,No
1859,2024-11-05,P005,Tshirt,Clothing,Delhi,North,7,800,5600,No,No
1860,2024-11-05,P006,Mixer,Home Appliances,Mumbai,West,18,3500,63000,No,No
1861,2024-11-06,P001,Laptop,Electronics,Mumbai,West,26,60000,1560000,No,No
1862,2024-11-06,P002,Phone,Electronics,Bengaluru,South,31,30000,930000,No,No
1863,2024-11-06,P003,Chair,Furniture,Hyderabad,South,17,5000,85000,No,No
1864,2024-11-06,P004,Rice,Grocery,Delhi,North,16,60,960,No,No
1865,2024-11-06,P005,Tshirt,Clothing,Delhi,North,9,800,7200,No,No
1866,2024-11-06,P006,Mixer,Home Appliances,Mumbai,West,40,3500,140000,No,No
1867,2024-11-07,P001,Laptop,Electronics,Hyderabad,South,34,60000,2040000,No,No
1868,2024-11-07,P002,Phone,Electronics,Delhi,North,9,30000,270000,No,No
1869,2024-11-07,P003,Chair,Furniture,Hyderabad,South,19,5000,95000,No,No
1870,2024-11-07,P004,Rice,Grocery,Kolkata,East,26,60,1560,No,No
1871,2024-11-07,P005,Tshirt,Clothing,Hyderabad,South,25,800,20000,No,No
1872,2024-11-07,P006,Mixer,Home Appliances,Hyderabad,South,26,3500,91000,No,No
1873,2024-11-08,P001,Laptop,Electronics,Bengaluru,South,57,60000,3420000,Yes,No
1874,2024-11-08,P002,Phone,Electronics,Delhi,North,13,30000,390000,No,No
1875,2024-11-08,P003,Chair,Furniture,Bengaluru,South,12,5000,60000,No,No
1876,2024-11-08,P004,Rice,Grocery,Delhi,North,13,60,780,No,No
1877,2024-11-08,P005,Tshirt,Clothing,Kolkata,East,20,800,16000,No,No
1878,2024-11-08,P006,Mixer,Home Appliances,Hyderabad,South,21,3500,73500,No,No
1879,2024-11-09,P001,Laptop,Electronics,Kolkata,East,34,60000,2040000,No,No
1880,2024-11-09,P002,Phone,Electronics,Delhi,North,27,30000,810000,No,No
1881,2024-11-09,P003,Chair,Furniture,Mumbai,West,37,5000,185000,No,No
1882,2024-11-09,P004,Rice,Grocery,Mumbai,West,33,60,1980,No,No
1883,2024-11-09,P005,Tshirt,Clothing,Bengaluru,South,40,800,32000,No,No
1884,2024-11-09,P006,Mixer,Home Appliances,Bengaluru,South,20,3500,70000,No,No
1885,2024-11-10,P001,Laptop,Electronics,Hyderabad,South,11,60000,660000,No,No
1886,2024-11-10,P002,Phone,Electronics,Mumbai,West,20,30000,600000,No,No
1887,2024-11-10,P003,Chair,Furniture,Hyderabad,South,7,5000,35000,No,No
1888,2024-11-10,P004,Rice,Grocery,Mumbai,West,24,60,1440,No,No
1889,2024-11-10,P005,Tshirt,Clothing,Bengaluru,South,32,800,25600,No,No
1890,2024-11-10,P006,Mixer,Home Appliances,Hyderabad,South,12,3500,42000,No,No
1891,2024-11-11,P001,Laptop,Electronics,Bengaluru,South,62,60000,3720000,Yes,No
1892,2024-11-11,P002,Phone,Electronics,Delhi,North,22,30000,660000,No,No
1893,2024-11-11,P003,Chair,Furniture,Mumbai,West,35,5000,175000,No,No
1894,2024-11-11,P004,Rice,Grocery,Mumbai,West,11,60,660,No,No
1895,2024-11-11,P005,Tshirt,Clothing,Mumbai,West,5,800,4000,No,No
1896,2024-11-11,P006,Mixer,Home Appliances,Mumbai,West,19,3500,66500,No,No
1897,2024-11-12,P001,Laptop,Electronics,Kolkata,East,39,60000,2340000,No,No
1898,2024-11-12,P002,Phone,Electronics,Hyderabad,South,22,30000,660000,No,No
1899,2024-11-12,P003,Chair,Furniture,Delhi,North,34,5000,170000,No,No
1900,2024-11-12,P004,Rice,Grocery,Mumbai,West,35,60,2100,No,No
1901,2024-11-12,P005,Tshirt,Clothing,Kolkata,East,30,800,24000,No,No
1902,2024-11-12,P006,Mixer,Home Appliances,Bengaluru,South,12,3500,42000,No,No
1903,2024-11-13,P001,Laptop,Electronics,Bengaluru,South,16,60000,960000,No,No
1904,2024-11-13,P002,Phone,Electronics,Kolkata,East,7,30000,210000,No,No
1905,2024-11-13,P003,Chair,Furniture,Hyderabad,South,19,5000,95000,No,No
1906,2024-11-13,P004,Rice,Grocery,Kolkata,East,25,60,1500,No,No
1907,2024-11-13,P005,Tshirt,Clothing,Mumbai,West,7,800,5600,No,No
1908,2024-11-13,P006,Mixer,Home Appliances,Delhi,North,38,3500,133000,No,No
1909,2024-11-14,P001,Laptop,Electronics,Bengaluru,South,6,60000,360000,No,No
1910,2024-11-14,P002,Phone,Electronics,Mumbai,West,67,30000,2010000,Yes,No
1911,2024-11-14,P003,Chair,Furniture,Mumbai,West,35,5000,175000,No,No
1912,2024-11-14,P004,Rice,Grocery,Delhi,North,49,60,2940,Yes,No
1913,2024-11-14,P005,Tshirt,Clothing,Kolkata,East,33,800,26400,No,No
1914,2024-11-14,P006,Mixer,Home Appliances,Bengaluru,South,7,3500,24500,No,No
1915,2024-11-15,P001,Laptop,Electronics,Bengaluru,South,21,60000,1260000,No,No
1916,2024-11-15,P002,Phone,Electronics,Mumbai,West,29,30000,870000,No,No
1917,2024-11-15,P003,Chair,Furniture,Bengaluru,South,30,5000,150000,No,No
1918,2024-11-15,P004,Rice,Grocery,Delhi,North,27,60,1620,No,No
1919,2024-11-15,P005,Tshirt,Clothing,Kolkata,East,6,800,4800,No,No
1920,2024-11-15,P006,Mixer,Home Appliances,Delhi,North,20,3500,70000,No,No
1921,2024-11-16,P001,Laptop,Electronics,Hyderabad,South,38,60000,2280000,No,No
1922,2024-11-16,P002,Phone,Electronics,Kolkata,East,20,30000,600000,No,No
1923,2024-11-16,P003,Chair,Furniture,Kolkata,East,24,5000,120000,No,No
1924,2024-11-16,P004,Rice,Grocery,Hyderabad,South,24,60,1440,No,No
1925,2024-11-16,P005,Tshirt,Clothing,Hyderabad,South,11,800,8800,No,No
1926,2024-11-16,P006,Mixer,Home Appliances,Kolkata,East,7,3500,24500,No,No
1927,2024-11-17,P001,Laptop,Electronics,Bengaluru,South,12,60000,720000,No,No
1928,2024-11-17,P002,Phone,Electronics,Bengaluru,South,21,30000,630000,No,No
1929,2024-11-17,P003,Chair,Furniture,Delhi,North,7,5000,35000,No,No
1930,2024-11-17,P004,Rice,Grocery,Delhi,North,28,60,1680,No,No
1931,2024-11-17,P005,Tshirt,Clothing,Delhi,North,19,800,15200,No,No
1932,2024-11-17,P006,Mixer,Home Appliances,Kolkata,East,32,3500,112000,No,No
1933,2024-11-18,P001,Laptop,Electronics,Mumbai,West,6,60000,360000,No,No
1934,2024-11-18,P002,Phone,Electronics,Delhi,North,27,30000,810000,No,No
1935,2024-11-18,P003,Chair,Furniture,Mumbai,West,33,5000,165000,No,No
1936,2024-11-18,P004,Rice,Grocery,Hyderabad,South,31,60,1860,No,No
1937,2024-11-18,P005,Tshirt,Clothing,Kolkata,East,5,800,4000,No,No
1938,2024-11-18,P006,Mixer,Home Appliances,Kolkata,East,28,3500,98000,No,No
1939,2024-11-19,P001,Laptop,Electronics,Hyderabad,South,18,60000,1080000,No,No
1940,2024-11-19,P002,Phone,Electronics,Delhi,North,29,30000,870000,No,No
1941,2024-11-19,P003,Chair,Furniture,Bengaluru,South,10,5000,50000,No,No
1942,2024-11-19,P004,Rice,Grocery,Mumbai,West,33,60,1980,No,No
1943,2024-11-19,P005,Tshirt,Clothing,Kolkata,East,5,800,4000,No,No
1944,2024-11-19,P006,Mixer,Home Appliances,Bengaluru,South,9,3500,31500,No,No
1945,2024-11-20,P001,Laptop,Electronics,Kolkata,East,11,60000,660000,No,No
1946,2024-11-20,P002,Phone,Electronics,Mumbai,West,9,30000,270000,No,No
1947,2024-11-20,P003,Chair,Furniture,Hyderabad,South,20,5000,100000,No,No
1948,2024-11-20,P004,Rice,Grocery,Delhi,North,28,60,1680,No,No
1949,2024-11-20,P005,Tshirt,Clothing,Hyderabad,South,79,800,63200,Yes,No
1950,2024-11-20,P006,Mixer,Home Appliances,Bengaluru,South,12,3500,42000,No,No
1951,2024-11-21,P001,Laptop,Electronics,Kolkata,East,27,60000,1620000,No,No
1952,2024-11-21,P002,Phone,Electronics,Kolkata,East,67,30000,2010000,Yes,No
1953,2024-11-21,P003,Chair,Furniture,Delhi,North,18,5000,90000,No,No
1954,2024-11-21,P004,Rice,Grocery,Hyderabad,South,18,60,1080,No,No
1955,2024-11-21,P005,Tshirt,Clothing,Hyderabad,South,27,800,21600,No,No
1956,2024-11-21,P006,Mixer,Home Appliances,Bengaluru,South,9,3500,31500,No,No
1957,2024-11-22,P001,Laptop,Electronics,Delhi,North,8,60000,480000,No,No
1958,2024-11-22,P002,Phone,Electronics,Hyderabad,South,14,30000,420000,No,No
1959,2024-11-22,P003,Chair,Furniture,Bengaluru,South,24,5000,120000,No,No
1960,2024-11-22,P004,Rice,Grocery,Kolkata,East,11,60,660,No,No
1961,2024-11-22,P005,Tshirt,Clothing,Kolkata,East,18,800,14400,No,No
1962,2024-11-22,P006,Mixer,Home Appliances,Kolkata,East,15,3500,52500,No,No
1963,2024-11-23,P001,Laptop,Electronics,Mumbai,West,7,60000,420000,No,No
1964,2024-11-23,P002,Phone,Electronics,Bengaluru,South,32,30000,960000,No,No
1965,2024-11-23,P003,Chair,Furniture,Delhi,North,24,5000,120000,No,No
1966,2024-11-23,P004,Rice,Grocery,Kolkata,East,29,60,1740,No,No
1967,2024-11-23,P005,Tshirt,Clothing,Kolkata,East,40,800,32000,No,No
1968,2024-11-23,P006,Mixer,Home Appliances,Bengaluru,South,19,3500,66500,No,No
1969,2024-11-24,P001,Laptop,Electronics,Hyderabad,South,16,60000,960000,No,No
1970,2024-11-24,P002,Phone,Electronics,Kolkata,East,13,30000,390000,No,No
1971,2024-11-24,P003,Chair,Furniture,Mumbai,West,26,5000,130000,No,No
1972,2024-11-24,P004,Rice,Grocery,Bengaluru,South,37,60,2220,No,No
1973,2024-11-24,P005,Tshirt,Clothing,Mumbai,West,31,800,24800,No,No
1974,2024-11-24,P006,Mixer,Home Appliances,Hyderabad,South,27,3500,94500,No,No
1975,2024-11-25,P001,Laptop,Electronics,Hyderabad,South,35,60000,2100000,No,No
1976,2024-11-25,P002,Phone,Electronics,Mumbai,West,20,30000,600000,No,No
1977,2024-11-25,P003,Chair,Furniture,Mumbai,West,25,5000,125000,No,No
1978,2024-11-25,P004,Rice,Grocery,Mumbai,West,14,60,840,No,No
1979,2024-11-25,P005,Tshirt,Clothing,Bengaluru,South,32,800,25600,No,No
1980,2024-11-25,P006,Mixer,Home Appliances,Delhi,North,21,3500,73500,No,No
1981,2024-11-26,P001,Laptop,Electronics,Kolkata,East,28,60000,1680000,No,No
1982,2024-11-26,P002,Phone,Electronics,Bengaluru,South,12,30000,360000,No,No
1983,2024-11-26,P003,Chair,Furniture,Mumbai,West,14,5000,70000,No,No
1984,2024-11-26,P004,Rice,Grocery,Delhi,North,37,60,2220,No,No
1985,2024-11-26,P005,Tshirt,Clothing,Delhi,North,26,800,20800,No,No
1986,2024-11-26,P006,Mixer,Home Appliances,Bengaluru,South,23,3500,80500,No,No
1987,2024-11-27,P001,Laptop,Electronics,Mumbai,West,40,60000,2400000,No,No
1988,2024-11-27,P002,Phone,Electronics,Delhi,North,12,30000,360000,No,No
1989,2024-11-27,P003,Chair,Furniture,Delhi,North,34,5000,170000,No,No
1990,2024-11-27,P004,Rice,Grocery,Hyderabad,South,17,60,1020,No,No
1991,2024-11-27,P005,Tshirt,Clothing,Mumbai,West,11,800,8800,No,No
1992,2024-11-27,P006,Mixer,Home Appliances,Delhi,North,11,3500,38500,No,No
1993,2024-11-28,P001,Laptop,Electronics,Kolkata,East,77,60000,4620000,Yes,No
1994,2024-11-28,P002,Phone,Electronics,Bengaluru,South,33,30000,990000,No,No
1995,2024-11-28,P003,Chair,Furniture,Hyderabad,South,32,5000,160000,No,No
1996,2024-11-28,P004,Rice,Grocery,Hyderabad,South,21,60,1260,No,No
1997,2024-11-28,P005,Tshirt,Clothing,Delhi,North,5,800,4000,No,No
1998,2024-11-28,P006,Mixer,Home Appliances,Mumbai,West,34,3500,119000,No,No
1999,2024-11-29,P001,Laptop,Electronics,Delhi,North,38,60000,2280000,No,No
2000,2024-11-29,P002,Phone,Electronics,Delhi,North,36,30000,1080000,No,No
2001,2024-11-29,P003,Chair,Furniture,Kolkata,East,9,5000,45000,No,No
2002,2024-11-29,P004,Rice,Grocery,Bengaluru,South,14,60,840,No,No
2003,2024-11-29,P005,Tshirt,Clothing,Mumbai,West,17,800,13600,No,No
2004,2024-11-29,P006,Mixer,Home Appliances,Bengaluru,South,20,3500,70000,No,No
2005,2024-11-30,P001,Laptop,Electronics,Delhi,North,64,60000,3840000,No,Yes
2006,2024-11-30,P002,Phone,Electronics,Kolkata,East,79,30000,2370000,No,Yes
2007,2024-11-30,P003,Chair,Furniture,Kolkata,East,59,5000,295000,No,Yes
2008,2024-11-30,P004,Rice,Grocery,Hyderabad,South,72,60,4320,No,Yes
2009,2024-11-30,P005,Tshirt,Clothing,Delhi,North,99,800,79200,No,Yes
2010,2024-11-30,P006,Mixer,Home Appliances,Delhi,North,54,3500,189000,No,Yes
2011,2024-12-01,P001,Laptop,Electronics,Delhi,North,8,60000,480000,No,No
2012,2024-12-01,P002,Phone,Electronics,Delhi,North,12,30000,360000,No,No
2013,2024-12-01,P003,Chair,Furniture,Bengaluru,South,14,5000,70000,No,No
2014,2024-12-01,P004,Rice,Grocery,Hyderabad,South,14,60,840,No,No
2015,2024-12-01,P005,Tshirt,Clothing,Hyderabad,South,15,800,12000,No,No
2016,2024-12-01,P006,Mixer,Home Appliances,Kolkata,East,8,3500,28000,No,No
2017,2024-12-02,P001,Laptop,Electronics,Delhi,North,16,60000,960000,No,No
2018,2024-12-02,P002,Phone,Electronics,Delhi,North,28,30000,840000,No,No
2019,2024-12-02,P003,Chair,Furniture,Mumbai,West,24,5000,120000,No,No
2020,2024-12-02,P004,Rice,Grocery,Mumbai,West,37,60,2220,No,No
2021,2024-12-02,P005,Tshirt,Clothing,Bengaluru,South,37,800,29600,No,No
2022,2024-12-02,P006,Mixer,Home Appliances,Bengaluru,South,28,3500,98000,No,No
2023,2024-12-03,P001,Laptop,Electronics,Kolkata,East,25,60000,1500000,No,No
2024,2024-12-03,P002,Phone,Electronics,Hyderabad,South,30,30000,900000,No,No
2025,2024-12-03,P003,Chair,Furniture,Bengaluru,South,38,5000,190000,No,No
2026,2024-12-03,P004,Rice,Grocery,Delhi,North,34,60,2040,No,No
2027,2024-12-03,P005,Tshirt,Clothing,Kolkata,East,35,800,28000,No,No
2028,2024-12-03,P006,Mixer,Home Appliances,Bengaluru,South,22,3500,77000,No,No
2029,2024-12-04,P001,Laptop,Electronics,Kolkata,East,30,60000,1800000,No,No
2030,2024-12-04,P002,Phone,Electronics,Bengaluru,South,10,30000,300000,No,No
2031,2024-12-04,P003,Chair,Furniture,Mumbai,West,16,5000,80000,No,No
2032,2024-12-04,P004,Rice,Grocery,Kolkata,East,16,60,960,No,No
2033,2024-12-04,P005,Tshirt,Clothing,Hyderabad,South,36,800,28800,No,No
2034,2024-12-04,P006,Mixer,Home Appliances,Kolkata,East,9,3500,31500,No,No
2035,2024-12-05,P001,Laptop,Electronics,Kolkata,East,11,60000,660000,No,No
2036,2024-12-05,P002,Phone,Electronics,Kolkata,East,16,30000,480000,No,No
2037,2024-12-05,P003,Chair,Furniture,Delhi,North,14,5000,70000,No,No
2038,2024-12-05,P004,Rice,Grocery,Bengaluru,South,10,60,600,No,No
2039,2024-12-05,P005,Tshirt,Clothing,Hyderabad,South,5,800,4000,No,No
2040,2024-12-05,P006,Mixer,Home Appliances,Bengaluru,South,10,3500,35000,No,No
2041,2024-12-06,P001,Laptop,Electronics,Bengaluru,South,35,60000,2100000,No,No
2042,2024-12-06,P002,Phone,Electronics,Bengaluru,South,25,30000,750000,No,No
2043,2024-12-06,P003,Chair,Furniture,Hyderabad,South,74,5000,370000,Yes,No
2044,2024-12-06,P004,Rice,Grocery,Bengaluru,South,15,60,900,No,No
2045,2024-12-06,P005,Tshirt,Clothing,Kolkata,East,37,800,29600,No,No
2046,2024-12-06,P006,Mixer,Home Appliances,Mumbai,West,9,3500,31500,No,No
2047,2024-12-07,P001,Laptop,Electronics,Delhi,North,31,60000,1860000,No,No
2048,2024-12-07,P002,Phone,Electronics,Hyderabad,South,7,30000,210000,No,No
2049,2024-12-07,P003,Chair,Furniture,Bengaluru,South,18,5000,90000,No,No
2050,2024-12-07,P004,Rice,Grocery,Kolkata,East,19,60,1140,No,No
2051,2024-12-07,P005,Tshirt,Clothing,Hyderabad,South,30,800,24000,No,No
2052,2024-12-07,P006,Mixer,Home Appliances,Bengaluru,South,39,3500,136500,No,No
2053,2024-12-08,P001,Laptop,Electronics,Bengaluru,South,23,60000,1380000,No,No
2054,2024-12-08,P002,Phone,Electronics,Kolkata,East,15,30000,450000,No,No
2055,2024-12-08,P003,Chair,Furniture,Kolkata,East,40,5000,200000,No,No
2056,2024-12-08,P004,Rice,Grocery,Mumbai,West,7,60,420,No,No
2057,2024-12-08,P005,Tshirt,Clothing,Kolkata,East,24,800,19200,No,No
2058,2024-12-08,P006,Mixer,Home Appliances,Bengaluru,South,10,3500,35000,No,No
2059,2024-12-09,P001,Laptop,Electronics,Delhi,North,73,60000,4380000,Yes,No
2060,2024-12-09,P002,Phone,Electronics,Delhi,North,28,30000,840000,No,No
2061,2024-12-09,P003,Chair,Furniture,Hyderabad,South,15,5000,75000,No,No
2062,2024-12-09,P004,Rice,Grocery,Delhi,North,7,60,420,No,No
2063,2024-12-09,P005,Tshirt,Clothing,Bengaluru,South,29,800,23200,No,No
2064,2024-12-09,P006,Mixer,Home Appliances,Kolkata,East,23,3500,80500,No,No
2065,2024-12-10,P001,Laptop,Electronics,Delhi,North,31,60000,1860000,No,No
2066,2024-12-10,P002,Phone,Electronics,Kolkata,East,20,30000,600000,No,No
2067,2024-12-10,P003,Chair,Furniture,Delhi,North,62,5000,310000,Yes,No
2068,2024-12-10,P004,Rice,Grocery,Bengaluru,South,26,60,1560,No,No
2069,2024-12-10,P005,Tshirt,Clothing,Mumbai,West,38,800,30400,No,No
2070,2024-12-10,P006,Mixer,Home Appliances,Kolkata,East,39,3500,136500,No,No
2071,2024-12-11,P001,Laptop,Electronics,Bengaluru,South,29,60000,1740000,No,No
2072,2024-12-11,P002,Phone,Electronics,Mumbai,West,33,30000,990000,No,No
2073,2024-12-11,P003,Chair,Furniture,Hyderabad,South,22,5000,110000,No,No
2074,2024-12-11,P004,Rice,Grocery,Kolkata,East,19,60,1140,No,No
2075,2024-12-11,P005,Tshirt,Clothing,Mumbai,West,31,800,24800,No,No
2076,2024-12-11,P006,Mixer,Home Appliances,Hyderabad,South,5,3500,17500,No,No
2077,2024-12-12,P001,Laptop,Electronics,Hyderabad,South,31,60000,1860000,No,No
2078,2024-12-12,P002,Phone,Electronics,Mumbai,West,32,30000,960000,No,No
2079,2024-12-12,P003,Chair,Furniture,Delhi,North,19,5000,95000,No,No
2080,2024-12-12,P004,Rice,Grocery,Delhi,North,31,60,1860,No,No
2081,2024-12-12,P005,Tshirt,Clothing,Kolkata,East,31,800,24800,No,No
2082,2024-12-12,P006,Mixer,Home Appliances,Hyderabad,South,70,3500,245000,Yes,No
2083,2024-12-13,P001,Laptop,Electronics,Bengaluru,South,27,60000,1620000,No,No
2084,2024-12-13,P002,Phone,Electronics,Hyderabad,South,7,30000,210000,No,No
2085,2024-12-13,P003,Chair,Furniture,Delhi,North,13,5000,65000,No,No
2086,2024-12-13,P004,Rice,Grocery,Mumbai,West,20,60,1200,No,No
2087,2024-12-13,P005,Tshirt,Clothing,Mumbai,West,35,800,28000,No,No
2088,2024-12-13,P006,Mixer,Home Appliances,Kolkata,East,26,3500,91000,No,No
2089,2024-12-14,P001,Laptop,Electronics,Mumbai,West,38,60000,2280000,No,No
2090,2024-12-14,P002,Phone,Electronics,Hyderabad,South,14,30000,420000,No,No
2091,2024-12-14,P003,Chair,Furniture,Mumbai,West,27,5000,135000,No,No
2092,2024-12-14,P004,Rice,Grocery,Mumbai,West,32,60,1920,No,No
2093,2024-12-14,P005,Tshirt,Clothing,Mumbai,West,20,800,16000,No,No
2094,2024-12-14,P006,Mixer,Home Appliances,Hyderabad,South,30,3500,105000,No,No
2095,2024-12-15,P001,Laptop,Electronics,Delhi,North,77,60000,4620000,Yes,No
2096,2024-12-15,P002,Phone,Electronics,Delhi,North,32,30000,960000,No,No
2097,2024-12-15,P003,Chair,Furniture,Bengaluru,South,30,5000,150000,No,No
2098,2024-12-15,P004,Rice,Grocery,Hyderabad,South,19,60,1140,No,No
2099,2024-12-15,P005,Tshirt,Clothing,Delhi,North,21,800,16800,No,No
2100,2024-12-15,P006,Mixer,Home Appliances,Delhi,North,17,3500,59500,No,No
2101,2024-12-16,P001,Laptop,Electronics,Delhi,North,24,60000,1440000,No,No
2102,2024-12-16,P002,Phone,Electronics,Bengaluru,South,17,30000,510000,No,No
2103,2024-12-16,P003,Chair,Furniture,Kolkata,East,31,5000,155000,No,No
2104,2024-12-16,P004,Rice,Grocery,Bengaluru,South,30,60,1800,No,No
2105,2024-12-16,P005,Tshirt,Clothing,Mumbai,West,39,800,31200,No,No
2106,2024-12-16,P006,Mixer,Home Appliances,Kolkata,East,87,3500,304500,Yes,No
2107,2024-12-17,P001,Laptop,Electronics,Hyderabad,South,7,60000,420000,No,No
2108,2024-12-17,P002,Phone,Electronics,Mumbai,West,19,30000,570000,No,No
2109,2024-12-17,P003,Chair,Furniture,Kolkata,East,31,5000,155000,No,No
2110,2024-12-17,P004,Rice,Grocery,Delhi,North,19,60,1140,No,No
2111,2024-12-17,P005,Tshirt,Clothing,Bengaluru,South,19,800,15200,No,No
2112,2024-12-17,P006,Mixer,Home Appliances,Kolkata,East,21,3500,73500,No,No
2113,2024-12-18,P001,Laptop,Electronics,Bengaluru,South,7,60000,420000,No,No
2114,2024-12-18,P002,Phone,Electronics,Delhi,North,11,30000,330000,No,No
2115,2024-12-18,P003,Chair,Furniture,Kolkata,East,23,5000,115000,No,No
2116,2024-12-18,P004,Rice,Grocery,Bengaluru,South,17,60,1020,No,No
2117,2024-12-18,P005,Tshirt,Clothing,Kolkata,East,40,800,32000,No,No
2118,2024-12-18,P006,Mixer,Home Appliances,Bengaluru,South,21,3500,73500,No,No
2119,2024-12-19,P001,Laptop,Electronics,Bengaluru,South,32,60000,1920000,No,No
2120,2024-12-19,P002,Phone,Electronics,Kolkata,East,37,30000,1110000,No,No
2121,2024-12-19,P003,Chair,Furniture,Kolkata,East,33,5000,165000,No,No
2122,2024-12-19,P004,Rice,Grocery,Delhi,North,14,60,840,No,No
2123,2024-12-19,P005,Tshirt,Clothing,Bengaluru,South,25,800,20000,No,No
2124,2024-12-19,P006,Mixer,Home Appliances,Bengaluru,South,6,3500,21000,No,No
2125,2024-12-20,P001,Laptop,Electronics,Hyderabad,South,38,60000,2280000,No,No
2126,2024-12-20,P002,Phone,Electronics,Bengaluru,South,13,30000,390000,No,No
2127,2024-12-20,P003,Chair,Furniture,Kolkata,East,60,5000,300000,Yes,No
2128,2024-12-20,P004,Rice,Grocery,Mumbai,West,9,60,540,No,No
2129,2024-12-20,P005,Tshirt,Clothing,Bengaluru,South,24,800,19200,No,No
2130,2024-12-20,P006,Mixer,Home Appliances,Hyderabad,South,31,3500,108500,No,No
2131,2024-12-21,P001,Laptop,Electronics,Bengaluru,South,36,60000,2160000,No,No
2132,2024-12-21,P002,Phone,Electronics,Mumbai,West,77,30000,2310000,Yes,No
2133,2024-12-21,P003,Chair,Furniture,Delhi,North,75,5000,375000,Yes,No
2134,2024-12-21,P004,Rice,Grocery,Bengaluru,South,12,60,720,No,No
2135,2024-12-21,P005,Tshirt,Clothing,Hyderabad,South,30,800,24000,No,No
2136,2024-12-21,P006,Mixer,Home Appliances,Bengaluru,South,22,3500,77000,No,No
2137,2024-12-22,P001,Laptop,Electronics,Bengaluru,South,22,60000,1320000,No,No
2138,2024-12-22,P002,Phone,Electronics,Bengaluru,South,24,30000,720000,No,No
2139,2024-12-22,P003,Chair,Furniture,Mumbai,West,19,5000,95000,No,No
2140,2024-12-22,P004,Rice,Grocery,Mumbai,West,32,60,1920,No,No
2141,2024-12-22,P005,Tshirt,Clothing,Kolkata,East,25,800,20000,No,No
2142,2024-12-22,P006,Mixer,Home Appliances,Mumbai,West,33,3500,115500,No,No
2143,2024-12-23,P001,Laptop,Electronics,Delhi,North,8,60000,480000,No,No
2144,2024-12-23,P002,Phone,Electronics,Delhi,North,37,30000,1110000,Yes,No
2145,2024-12-23,P003,Chair,Furniture,Bengaluru,South,13,5000,65000,No,No
2146,2024-12-23,P004,Rice,Grocery,Kolkata,East,48,60,2880,Yes,No
2147,2024-12-23,P005,Tshirt,Clothing,Mumbai,West,29,800,23200,No,No
2148,2024-12-23,P006,Mixer,Home Appliances,Delhi,North,38,3500,133000,No,No
2149,2024-12-24,P001,Laptop,Electronics,Delhi,North,22,60000,1320000,No,No
2150,2024-12-24,P002,Phone,Electronics,Delhi,North,9,30000,270000,No,No
2151,2024-12-24,P003,Chair,Furniture,Mumbai,West,40,5000,200000,Yes,No
2152,2024-12-24,P004,Rice,Grocery,Mumbai,West,7,60,420,No,No
2153,2024-12-24,P005,Tshirt,Clothing,Bengaluru,South,30,800,24000,No,No
2154,2024-12-24,P006,Mixer,Home Appliances,Bengaluru,South,24,3500,84000,No,No
2155,2024-12-25,P001,Laptop,Electronics,Hyderabad,South,24,60000,1440000,No,No
2156,2024-12-25,P002,Phone,Electronics,Hyderabad,South,15,30000,450000,No,No
2157,2024-12-25,P003,Chair,Furniture,Delhi,North,21,5000,105000,No,No
2158,2024-12-25,P004,Rice,Grocery,Mumbai,West,9,60,540,No,No
2159,2024-12-25,P005,Tshirt,Clothing,Bengaluru,South,15,800,12000,No,No
2160,2024-12-25,P006,Mixer,Home Appliances,Kolkata,East,15,3500,52500,No,No
2161,2024-12-26,P001,Laptop,Electronics,Bengaluru,South,30,60000,1800000,No,No
2162,2024-12-26,P002,Phone,Electronics,Bengaluru,South,39,30000,1170000,No,No
2163,2024-12-26,P003,Chair,Furniture,Bengaluru,South,10,5000,50000,No,No
2164,2024-12-26,P004,Rice,Grocery,Hyderabad,South,37,60,2220,No,No
2165,2024-12-26,P005,Tshirt,Clothing,Hyderabad,South,6,800,4800,No,No
2166,2024-12-26,P006,Mixer,Home Appliances,Hyderabad,South,17,3500,59500,No,No
2167,2024-12-27,P001,Laptop,Electronics,Kolkata,East,31,60000,1860000,No,No
2168,2024-12-27,P002,Phone,Electronics,Mumbai,West,35,30000,1050000,No,No
2169,2024-12-27,P003,Chair,Furniture,Bengaluru,South,34,5000,170000,No,No
2170,2024-12-27,P004,Rice,Grocery,Kolkata,East,23,60,1380,No,No
2171,2024-12-27,P005,Tshirt,Clothing,Kolkata,East,37,800,29600,No,No
2172,2024-12-27,P006,Mixer,Home Appliances,Hyderabad,South,25,3500,87500,No,No
2173,2024-12-28,P001,Laptop,Electronics,Mumbai,West,5,60000,300000,No,No
2174,2024-12-28,P002,Phone,Electronics,Kolkata,East,16,30000,480000,No,No
2175,2024-12-28,P003,Chair,Furniture,Delhi,North,37,5000,185000,No,No
2176,2024-12-28,P004,Rice,Grocery,Delhi,North,9,60,540,No,No
2177,2024-12-28,P005,Tshirt,Clothing,Hyderabad,South,73,800,58400,Yes,No
2178,2024-12-28,P006,Mixer,Home Appliances,Kolkata,East,10,3500,35000,No,No
2179,2024-12-29,P001,Laptop,Electronics,Bengaluru,South,5,60000,300000,No,No
2180,2024-12-29,P002,Phone,Electronics,Delhi,North,38,30000,1140000,No,No
2181,2024-12-29,P003,Chair,Furniture,Kolkata,East,38,5000,190000,No,No
2182,2024-12-29,P004,Rice,Grocery,Delhi,North,29,60,1740,No,No
2183,2024-12-29,P005,Tshirt,Clothing,Hyderabad,South,8,800,6400,No,No
2184,2024-12-29,P006,Mixer,Home Appliances,Delhi,North,38,3500,133000,No,No
2185,2024-12-30,P001,Laptop,Electronics,Bengaluru,South,15,60000,900000,No,No
2186,2024-12-30,P002,Phone,Electronics,Delhi,North,39,30000,1170000,No,No
2187,2024-12-30,P003,Chair,Furniture,Mumbai,West,23,5000,115000,No,No
2188,2024-12-30,P004,Rice,Grocery,Hyderabad,South,22,60,1320,No,No
2189,2024-12-30,P005,Tshirt,Clothing,Kolkata,East,34,800,27200,No,No
2190,2024-12-30,P006,Mixer,Home Appliances,Mumbai,West,17,3500,59500,No,No
1077,2024-08-18,P006,Mixer,Home Appliances,Mumbai,West,46,3500,52500,No,No
329,2024-03-02,P006,Mixer,Home Appliances,Kolkata,East,32,3500,227490,Yes,No
1077,2024-04-03,P001,Laptop,Electronics,Delhi,North,23,60000,1380000,No,No
636,2024-04-15,P006,Mixer,Home Appliances,Hyderabad,South,24,3500,59451,No,No
803,2024-05-13,P005,Tshirt,Clothing,Hyderabad,South,37,834,29600,No,No
75,2024-01-05,Unknown,Rice,Grocery,Delhi,North,17,76,1020,No,No
1952,2024-11-21,P002,Phone,Electronics,Kolkata,East,67,29963,2010000,Yes,No
897,2024-05-25,P006,Mixer,Home Appliances,Hyderabad,South,39,3500,98011,No,No
1526,2024-09-11,P002,Phone,Electronics,Hyderabad,South,32,30012,960000,No,No
2060,2024-12-09,P002,Phone,Electronics,Unknown,North,62,30000,839978,No,No
382,2024-03-04,P004,Rice,Grocery,Hyderabad,South,24,60,2040,No,No
435,2024-03-13,P003,Chair,Furniture,Kolkata,East,46,5000,130020,No,No
1077,2024-08-08,P002,Phone,Electronics,Kolkata,East,31,30015,930000,No,No
1649,2024-09-26,P006,Mixer,Home Appliances,Bengaluru,South,12,3500,42000,No,No
530,2024-03-29,P002,Phone,Electronics,Hyderabad,South,32,30000,960016,No,No
1610,2024-09-25,P002,Phone,Electronics,Kolkata,East,48,30000,1440039,Yes,No
618,2024-04-12,P006,Mixer,Home Appliances,Kolkata,East,25,3534,87496,No,No
1811,2024-10-25,P005,Tshirt,Clothing,Mumbai,West,21,800,16829,No,No
614,2024-04-12,P002,Phone,Electronics,Kolkata,East,24,30000,810000,No,No
1854,2024-11-02,P001,Laptop,Electronics,Mumbai,West,121,60000,7260000,Yes,Yes
871,2024-05-25,P001,Laptop,Electronics,Kolkata,East,36,60000,2159985,No,No
2114,2024-12-24,P001,Laptop,Electronics,Delhi,North,7,60027,1320048,No,No
74,2024-01-13,P002,Phone,Electronics,Delhi,North,12,30040,360018,No,No
1026,2024-06-19,P006,Mixer,Home Appliances,Bengaluru,South,14,3500,48961,No,No
1647,2024-10-07,P004,Rice,Grocery,Kolkata,East,9,60,540,No,No
540,2024-03-27,P002,Phone,Electronics,Bengaluru,South,31,30000,929999,No,No
1821,2024-10-24,Unknown,Mixer,Home Appliances,Mumbai,West,47,3477,115453,No,No
1077,2024-04-12,P002,Phone,Electronics,Kolkata,East,27,30000,810006,No,No
206,2024-01-27,P004,Rice,Grocery,Mumbai,West,58,60,2100,No,No
1145,2024-07-08,Unknown,Laptop,Electronics,Kolkata,East,46,60000,1440000,No,No
67,2024-01-12,P001,Laptop,Electronics,Mumbai,West,30,60030,719968,No,No
20,2024-01-04,P002,Phone,Electronics,Kolkata,East,24,30000,360000,No,No
1778,2024-10-23,P002,Phone,Electronics,Bengaluru,South,69,30037,930000,No,No
1250,2024-07-27,P002,Phone,Electronics,Bengaluru,South,24,30000,750000,No,No
1758,2024-10-19,P006,Mixer,Home Appliances,Delhi,North,11,3500,38506,No,No
444,2024-03-14,P006,Mixer,Home Appliances,Kolkata,East,24,3500,84028,No,No
2074,2024-12-17,P004,Rice,Grocery,Delhi,North,19,60,1143,No,No
1077,2024-07-14,P001,Laptop,Electronics,Delhi,North,28,60000,1680000,No,No
81,2024-01-14,P003,Chair,Furniture,Bengaluru,South,8,4969,40000,No,No
81,2024-01-14,P003,Chair,Furniture,Bengaluru,South,24,5000,39973,No,No
700,2024-04-26,P004,Rice,Grocery,Hyderabad,South,44,60,2340,Unknown,No
1971,2024-11-29,P001,Laptop,Electronics,Delhi,North,0,59996,2279952,No,No
297,2024-02-17,P001,Laptop,Electronics,Hyderabad,South,61,60000,1379970,No,No
1077,2024-11-28,P005,Tshirt,Clothing,Delhi,North,5,806,4000,No,No
1077,2024-01-06,P002,Phone,Electronics,Mumbai,West,51,30000,1530000,Yes,No
207,2024-02-04,P003,Chair,Furniture,Delhi,North,24,5050,120000,No,No
1914,2024-11-14,P006,Mixer,Home Appliances,Bengaluru,South,7,3493,24500,No,No
1720,2024-10-13,P004,Rice,Grocery,Bengaluru,South,19,20,1140,No,No
1438,2024-09-02,P006,Mixer,Home Appliances,Hyderabad,South,26,3475,91013,No,No
1077,2024-05-14,P002,Phone,Electronics,Mumbai,West,16,30000,480040,No,No
1520,2024-09-10,P002,Phone,Electronics,Hyderabad,South,30,30000,899968,No,No
859,2024-05-30,P001,Laptop,Electronics,Delhi,North,34,60000,2040000,No,No
363,2024-02-24,P003,Chair,Furniture,Bengaluru,South,76,5000,380000,Yes,No
288,2024-02-17,P006,Mixer,Home Appliances,Bengaluru,South,30,3489,105000,No,No
15,2024-01-03,P003,Chair,Furniture,Hyderabad,South,33,5024,165000,No,Unknown
1811,2024-10-31,P006,Mixer,Home Appliances,Bengaluru,South,73,3500,255500,No,Yes
1316,2024-08-07,P002,Phone,Electronics,Delhi,North,47,30000,1710000,Yes,No
1077,2024-11-22,P004,Rice,Grocery,Kolkata,East,11,20,660,No,No
391,2024-03-06,Unknown,Laptop,Electronics,Bengaluru,South,13,59980,780000,No,No
1641,2024-09-30,P003,Chair,Furniture,Bengaluru,South,35,5000,45000,No,No
813,2024-05-15,P003,Chair,Furniture,Hyderabad,South,26,5000,130021,Unknown,No
425,2024-03-14,P004,Rice,Grocery,Hyderabad,South,9,60,960,No,No
1196,2024-07-20,P006,Mixer,Home Appliances,Hyderabad,South,55,3500,192455,Yes,No
523,2024-03-28,P001,Laptop,Electronics,Mumbai,West,8,60000,1979951,No,Unknown
1077,2024-04-20,P004,Rice,Grocery,Hyderabad,South,36,60,2169,No,No
1072,2024-06-30,P005,Tshirt,Clothing,Delhi,North,20,800,16009,No,No
676,2024-04-30,P002,Phone,Electronics,Kolkata,East,31,30000,930023,No,No
1451,2024-08-29,P005,Tshirt,Clothing,Bengaluru,South,13,800,19200,No,No
1523,2024-09-17,P006,Mixer,Home Appliances,Bengaluru,South,24,3500,112010,No,No
454,2024-03-13,P006,Mixer,Home Appliances,Unknown,South,13,3500,45500,No,No
1077,2024-05-15,P001,Laptop,Electronics,Bengaluru,South,30,60000,1800016,No,No
931,2024-06-09,P002,Phone,Electronics,Hyderabad,South,40,30000,2220000,Yes,No
2007,2024-12-06,P002,Phone,Electronics,Bengaluru,South,17,30000,750000,No,No
56,2024-01-10,P002,Phone,Electronics,Kolkata,East,26,30000,960000,No,No
286,2024-02-17,P004,Rice,Grocery,Hyderabad,South,24,60,1020,No,No
310,2024-02-21,P004,Rice,Grocery,Delhi,North,24,60,1797,No,No
2190,2024-12-30,Unknown,Mixer,Home Appliances,Mumbai,West,53,3500,59500,No,No
1077,2024-09-08,P002,Phone,Electronics,Mumbai,West,8,30030,240021,No,No
560,2024-04-03,P002,Phone,Electronics,Mumbai,West,82,30000,1980030,Yes,No
399,2024-03-07,P003,Chair,Furniture,Hyderabad,South,24,5000,109968,No,No
868,2024-05-26,P003,Chair,Furniture,Hyderabad,South,7,5000,35000,No,No
352,2024-02-20,P002,Phone,Electronics,Hyderabad,South,13,30013,390000,No,No
1727,2024-10-14,P005,Tshirt,Clothing,Hyderabad,South,7,776,5600,No,No
1077,2024-04-18,P002,Phone,Electronics,Bengaluru,South,62,30021,660047,No,No
808,2024-05-10,P006,Mixer,Home Appliances,Bengaluru,South,24,3500,21000,No,No
1803,2024-10-27,P003,Chair,Furniture,Hyderabad,South,14,5001,35024,No,No
496,2024-03-17,P006,Mixer,Home Appliances,Delhi,North,21,3500,73526,No,No
1053,2024-06-24,P003,Chair,Furniture,Hyderabad,South,53,5000,379989,Yes,No
1821,2024-10-27,P003,Chair,Furniture,Hyderabad,South,7,4972,35000,No,No
659,2024-04-19,P005,Tshirt,Clothing,Mumbai,West,32,770,25600,No,No
1686,2024-10-05,P004,Rice,Grocery,Kolkata,East,20,60,1200,No,No
776,2024-05-09,P002,Phone,Electronics,Hyderabad,South,13,30000,690000,No,No
292,2024-02-25,P006,Mixer,Home Appliances,Hyderabad,Unknown,7,3454,24515,No,No
551,2024-04-01,P005,Tshirt,Clothing,Delhi,North,58,800,26400,No,No
300,2024-02-27,P006,Mixer,Home Appliances,Kolkata,East,23,3500,80455,No,No
460,2024-03-19,P001,Laptop,Electronics,Bengaluru,South,46,60000,1980000,No,No
1077,2024-11-28,P005,Tshirt,Clothing,Delhi,North,55,800,3991,No,No
294,2024-02-18,P006,Mixer,Home Appliances,Hyderabad,South,24,3540,87500,No,No
1125,2024-07-06,P003,Chair,Furniture,Kolkata,East,35,4967,75040,No,No
1251,2024-07-27,P003,Chair,Furniture,Bengaluru,South,128,5000,470000,Yes,No
1077,2024-03-23,P001,Laptop,Electronics,Hyderabad,South,63,60022,3000000,Yes,No
264,2024-02-16,P003,Chair,Furniture,Delhi,North,35,5006,174985,No,No
1077,2024-04-28,P002,Phone,Electronics,Kolkata,East,62,30013,1859990,Yes,No
1759,2024-10-27,P004,Rice,Grocery,Mumbai,West,19,60,1140,No,No
1358,2024-08-14,P002,Phone,Electronics,Mumbai,West,37,30031,1110000,No,No
1077,2024-01-05,P004,Rice,Grocery,Delhi,North,17,5000,1020,No,No
1077,2024-03-03,P006,Mixer,Home Appliances,Kolkata,East,68,3500,132986,No,No
1682,2024-10-07,P002,Phone,Electronics,Bengaluru,South,24,29993,450000,No,No
1077,2024-11-16,P001,Laptop,Electronics,Hyderabad,South,38,60000,2279957,No,No
1077,2024-09-01,P006,Mixer,Home Appliances,Delhi,North,18,3500,62993,No,No
1557,2024-09-17,P003,Chair,Furniture,Bengaluru,South,39,5000,194983,No,No
1077,2024-09-23,P003,Chair,Furniture,Bengaluru,South,29,5000,145000,No,No
1077,2024-03-27,Unknown,Tshirt,Clothing,Kolkata,East,35,800,27962,No,No
1253,2024-07-27,P005,Tshirt,Clothing,Kolkata,East,24,800,18421,No,No
2082,2024-12-12,P006,Mixer,Home Appliances,Hyderabad,South,70,3483,245000,Yes,No
697,2024-04-29,P001,Laptop,Electronics,Kolkata,East,35,60000,2099986,No,No
1391,2024-08-13,P004,Rice,Grocery,Bengaluru,South,50,27,840,No,No
500,2024-03-24,P002,Phone,Electronics,Mumbai,West,38,30000,1139979,No,No
1956,2024-11-29,P006,Mixer,Home Appliances,Bengaluru,South,20,3500,69990,No,No
783,2024-05-14,P005,Tshirt,Clothing,Delhi,North,17,849,13600,No,No
2162,2024-12-26,P002,Phone,Electronics,Bengaluru,South,14,30000,1170000,No,No
1077,2024-01-20,P002,Phone,Electronics,Bengaluru,South,12,30000,360000,No,No
752,2024-05-05,P002,Phone,Electronics,Bengaluru,South,15,30000,450031,No,No
696,2024-05-01,P005,Tshirt,Clothing,Delhi,North,14,792,11214,No,No
1835,2024-11-05,P006,Mixer,Home Appliances,Mumbai,West,18,3507,63000,No,No
298,2024-02-19,P004,Rice,Grocery,Delhi,North,8,18,505,No,No
