date,product_id,warehouse,opening_stock,received_stock,closing_stock,reorder_level,lead_time_days,date_year,date_month,date_day,date_weekday,date_quarter
2024-01-01,P001,Bengaluru,319,44,874,150,6,2024,1,1,Monday,1
2024-01-01,P002,Mumbai,828,171,110,150,10,2024,1,1,Monday,1
2024-01-01,P003,Delhi,415,226,221,150,7,2024,1,1,Monday,1
2024-01-01,P004,Kolkata,557,61,408,150,2,2024,1,1,Monday,1
2024-01-01,P005,Mumbai,719,80,887,150,8,2024,1,1,Monday,1
2024-01-01,P006,Hyderabad,285,179,400,150,7,2024,1,1,Monday,1
2024-01-02,P001,Bengaluru,475,117,522,150,7,2024,1,2,Tuesday,1
2024-01-02,P002,Delhi,956,175,354,150,2,2024,1,2,Tuesday,1
2024-01-02,P003,Bengaluru,316,129,254,150,9,2024,1,2,Tuesday,1
2024-01-02,P004,Hyderabad,256,124,322,150,10,2024,1,2,Tuesday,1
2024-01-02,P005,Delhi,501,144,402,150,4,2024,1,2,Tuesday,1
2024-01-02,P006,Hyderabad,587,250,336,150,8,2024,1,2,Tuesday,1
2024-01-03,P001,Bengaluru,417,210,461,150,8,2024,1,3,Wednesday,1
2024-01-03,P002,Bengaluru,501,217,166,150,8,2024,1,3,Wednesday,1
2024-01-03,P003,Kolkata,247,6,916,150,2,2024,1,3,Wednesday,1
2024-01-03,P004,Mumbai,948,266,517,150,4,2024,1,3,Wednesday,1
2024-01-03,P005,Mumbai,772,213,503,150,6,2024,1,3,Wednesday,1
2024-01-03,P006,Kolkata,709,96,985,150,4,2024,1,3,Wednesday,1
2024-01-04,P001,Hyderabad,462,70,251,150,10,2024,1,4,Thursday,1
2024-01-04,P002,Mumbai,750,26,692,150,10,2024,1,4,Thursday,1
2024-01-04,P003,Mumbai,283,44,656,150,6,2024,1,4,Thursday,1
2024-01-04,P004,Kolkata,849,115,503,150,8,2024,1,4,Thursday,1
2024-01-04,P005,Kolkata,327,197,726,150,8,2024,1,4,Thursday,1
2024-01-04,P006,Kolkata,844,242,467,150,5,2024,1,4,Thursday,1
2024-01-05,P001,Mumbai,276,144,599,150,10,2024,1,5,Friday,1
2024-01-05,P002,Delhi,639,6,692,150,4,2024,1,5,Friday,1
2024-01-05,P003,Hyderabad,404,36,961,150,6,2024,1,5,Friday,1
2024-01-05,P004,Hyderabad,505,125,650,150,7,2024,1,5,Friday,1
2024-01-05,P005,Delhi,506,190,758,150,4,2024,1,5,Friday,1
2024-01-05,P006,Kolkata,868,8,399,150,6,2024,1,5,Friday,1
2024-01-06,P001,Delhi,642,101,391,150,6,2024,1,6,Saturday,1
2024-01-06,P002,Hyderabad,933,256,438,150,3,2024,1,6,Saturday,1
2024-01-06,P003,Kolkata,828,73,871,150,3,2024,1,6,Saturday,1
2024-01-06,P004,Mumbai,648,59,329,150,7,2024,1,6,Saturday,1
2024-01-06,P005,Bengaluru,425,273,413,150,7,2024,1,6,Saturday,1
2024-01-06,P006,Kolkata,587,204,444,150,5,2024,1,6,Saturday,1
2024-01-07,P001,Bengaluru,446,99,903,150,5,2024,1,7,Sunday,1
2024-01-07,P002,Hyderabad,469,41,908,150,3,2024,1,7,Sunday,1
2024-01-07,P003,Bengaluru,963,219,974,150,8,2024,1,7,Sunday,1
2024-01-07,P004,Kolkata,674,167,822,150,6,2024,1,7,Sunday,1
2024-01-07,P005,Hyderabad,850,291,770,150,8,2024,1,7,Sunday,1
2024-01-07,P006,Hyderabad,288,239,458,150,5,2024,1,7,Sunday,1
2024-01-08,P001,Bengaluru,774,20,525,150,3,2024,1,8,Monday,1
2024-01-08,P002,Delhi,999,44,580,150,7,2024,1,8,Monday,1
2024-01-08,P003,Bengaluru,645,154,560,150,9,2024,1,8,Monday,1
2024-01-08,P004,Kolkata,382,231,831,150,7,2024,1,8,Monday,1
2024-01-08,P005,Hyderabad,733,225,837,150,10,2024,1,8,Monday,1
2024-01-08,P006,Bengaluru,999,61,191,150,7,2024,1,8,Monday,1
2024-01-09,P001,Hyderabad,222,243,472,150,5,2024,1,9,Tuesday,1
2024-01-09,P002,Kolkata,804,282,119,150,7,2024,1,9,Tuesday,1
2024-01-09,P003,Delhi,307,40,723,150,8,2024,1,9,Tuesday,1
2024-01-09,P004,Hyderabad,602,296,802,150,6,2024,1,9,Tuesday,1
2024-01-09,P005,Mumbai,484,158,274,150,2,2024,1,9,Tuesday,1
2024-01-09,P006,Kolkata,292,131,788,150,2,2024,1,9,Tuesday,1
2024-01-10,P001,Bengaluru,607,201,552,150,9,2024,1,10,Wednesday,1
2024-01-10,P002,Delhi,854,109,302,150,4,2024,1,10,Wednesday,1
2024-01-10,P003,Hyderabad,262,155,577,150,6,2024,1,10,Wednesday,1
2024-01-10,P004,Mumbai,970,291,321,150,6,2024,1,10,Wednesday,1
2024-01-10,P005,Bengaluru,693,170,786,150,4,2024,1,10,Wednesday,1
2024-01-10,P006,Kolkata,796,5,647,150,4,2024,1,10,Wednesday,1
2024-01-11,P001,Mumbai,600,187,753,150,8,2024,1,11,Thursday,1
2024-01-11,P002,Bengaluru,666,118,661,150,5,2024,1,11,Thursday,1
2024-01-11,P003,Kolkata,620,174,635,150,7,2024,1,11,Thursday,1
2024-01-11,P004,Bengaluru,562,199,509,150,3,2024,1,11,Thursday,1
2024-01-11,P005,Mumbai,912,26,537,150,10,2024,1,11,Thursday,1
2024-01-11,P006,Delhi,438,273,366,150,7,2024,1,11,Thursday,1
2024-01-12,P001,Bengaluru,787,94,525,150,2,2024,1,12,Friday,1
2024-01-12,P002,Bengaluru,695,5,877,150,10,2024,1,12,Friday,1
2024-01-12,P003,Hyderabad,774,223,742,150,5,2024,1,12,Friday,1
2024-01-12,P004,Mumbai,906,256,768,150,2,2024,1,12,Friday,1
2024-01-12,P005,Kolkata,363,182,995,150,9,2024,1,12,Friday,1
2024-01-12,P006,Bengaluru,290,186,456,150,7,2024,1,12,Friday,1
2024-01-13,P001,Bengaluru,578,158,650,150,8,2024,1,13,Saturday,1
2024-01-13,P002,Hyderabad,342,265,942,150,10,2024,1,13,Saturday,1
2024-01-13,P003,Hyderabad,515,225,565,150,3,2024,1,13,Saturday,1
2024-01-13,P004,Mumbai,746,106,580,150,6,2024,1,13,Saturday,1
2024-01-13,P005,Bengaluru,882,143,278,150,9,2024,1,13,Saturday,1
2024-01-13,P006,Bengaluru,848,73,399,150,10,2024,1,13,Saturday,1
2024-01-14,P001,Kolkata,419,15,871,150,3,2024,1,14,Sunday,1
2024-01-14,P002,Mumbai,265,187,294,150,4,2024,1,14,Sunday,1
2024-01-14,P003,Hyderabad,504,70,173,150,3,2024,1,14,Sunday,1
2024-01-14,P004,Kolkata,414,191,993,150,5,2024,1,14,Sunday,1
2024-01-14,P005,Hyderabad,552,115,366,150,6,2024,1,14,Sunday,1
2024-01-14,P006,Mumbai,775,281,662,150,9,2024,1,14,Sunday,1
2024-01-15,P001,Kolkata,915,40,854,150,5,2024,1,15,Monday,1
2024-01-15,P002,Bengaluru,518,112,395,150,3,2024,1,15,Monday,1
2024-01-15,P003,Bengaluru,427,269,149,150,7,2024,1,15,Monday,1
2024-01-15,P004,Hyderabad,627,47,214,150,6,2024,1,15,Monday,1
2024-01-15,P005,Hyderabad,809,219,451,150,7,2024,1,15,Monday,1
2024-01-15,P006,Mumbai,427,82,593,150,10,2024,1,15,Monday,1
2024-01-16,P001,Kolkata,802,11,549,150,4,2024,1,16,Tuesday,1
2024-01-16,P002,Delhi,700,164,486,150,10,2024,1,16,Tuesday,1
2024-01-16,P003,Bengaluru,497,197,471,150,9,2024,1,16,Tuesday,1
2024-01-16,P004,Delhi,517,83,649,150,9,2024,1,16,Tuesday,1
2024-01-16,P005,Mumbai,507,275,577,150,8,2024,1,16,Tuesday,1
2024-01-16,P006,Mumbai,476,205,278,150,7,2024,1,16,Tuesday,1
2024-01-17,P001,Delhi,510,259,667,150,3,2024,1,17,Wednesday,1
2024-01-17,P002,Mumbai,325,258,705,150,5,2024,1,17,Wednesday,1
2024-01-17,P003,Kolkata,207,141,422,150,2,2024,1,17,Wednesday,1
2024-01-17,P004,Hyderabad,338,21,119,150,9,2024,1,17,Wednesday,1
2024-01-17,P005,Hyderabad,697,26,371,150,8,2024,1,17,Wednesday,1
2024-01-17,P006,Delhi,882,133,925,150,2,2024,1,17,Wednesday,1
2024-01-18,P001,Delhi,437,189,613,150,7,2024,1,18,Thursday,1
2024-01-18,P002,Mumbai,224,142,980,150,3,2024,1,18,Thursday,1
2024-01-18,P003,Mumbai,753,133,775,150,9,2024,1,18,Thursday,1
2024-01-18,P004,Hyderabad,695,202,521,150,8,2024,1,18,Thursday,1
2024-01-18,P005,Mumbai,536,212,630,150,10,2024,1,18,Thursday,1
2024-01-18,P006,Mumbai,355,66,910,150,4,2024,1,18,Thursday,1
2024-01-19,P001,Delhi,956,219,892,150,10,2024,1,19,Friday,1
2024-01-19,P002,Delhi,244,204,987,150,8,2024,1,19,Friday,1
2024-01-19,P003,Mumbai,588,21,417,150,6,2024,1,19,Friday,1
2024-01-19,P004,Mumbai,517,205,217,150,7,2024,1,19,Friday,1
2024-01-19,P005,Delhi,988,133,300,150,2,2024,1,19,Friday,1
2024-01-19,P006,Kolkata,309,73,402,150,5,2024,1,19,Friday,1
2024-01-20,P001,Hyderabad,613,18,935,150,7,2024,1,20,Saturday,1
2024-01-20,P002,Hyderabad,922,294,581,150,3,2024,1,20,Saturday,1
2024-01-20,P003,Hyderabad,872,59,533,150,3,2024,1,20,Saturday,1
2024-01-20,P004,Hyderabad,766,17,794,150,4,2024,1,20,Saturday,1
2024-01-20,P005,Mumbai,284,106,996,150,9,2024,1,20,Saturday,1
2024-01-20,P006,Hyderabad,977,179,533,150,2,2024,1,20,Saturday,1
2024-01-21,P001,Kolkata,365,248,564,150,2,2024,1,21,Sunday,1
2024-01-21,P002,Kolkata,864,80,113,150,2,2024,1,21,Sunday,1
2024-01-21,P003,Bengaluru,489,133,209,150,3,2024,1,21,Sunday,1
2024-01-21,P004,Kolkata,473,193,995,150,3,2024,1,21,Sunday,1
2024-01-21,P005,Kolkata,903,210,769,150,9,2024,1,21,Sunday,1
2024-01-21,P006,Mumbai,285,58,457,150,5,2024,1,21,Sunday,1
2024-01-22,P001,Bengaluru,568,76,191,150,6,2024,1,22,Monday,1
2024-01-22,P002,Bengaluru,837,19,139,150,5,2024,1,22,Monday,1
2024-01-22,P003,Bengaluru,757,174,613,150,6,2024,1,22,Monday,1
2024-01-22,P004,Kolkata,393,161,739,150,4,2024,1,22,Monday,1
2024-01-22,P005,Hyderabad,477,122,189,150,2,2024,1,22,Monday,1
2024-01-22,P006,Mumbai,539,162,310,150,10,2024,1,22,Monday,1
2024-01-23,P001,Delhi,867,262,651,150,4,2024,1,23,Tuesday,1
2024-01-23,P002,Delhi,207,140,697,150,5,2024,1,23,Tuesday,1
2024-01-23,P003,Mumbai,575,143,535,150,4,2024,1,23,Tuesday,1
2024-01-23,P004,Mumbai,943,214,989,150,6,2024,1,23,Tuesday,1
2024-01-23,P005,Bengaluru,585,224,781,150,8,2024,1,23,Tuesday,1
2024-01-23,P006,Delhi,722,289,491,150,3,2024,1,23,Tuesday,1
2024-01-24,P001,Mumbai,969,29,508,150,5,2024,1,24,Wednesday,1
2024-01-24,P002,Kolkata,488,212,953,150,10,2024,1,24,Wednesday,1
2024-01-24,P003,Kolkata,924,284,701,150,9,2024,1,24,Wednesday,1
2024-01-24,P004,Delhi,513,208,353,150,8,2024,1,24,Wednesday,1
2024-01-24,P005,Delhi,362,251,836,150,7,2024,1,24,Wednesday,1
2024-01-24,P006,Kolkata,621,32,697,150,6,2024,1,24,Wednesday,1
2024-01-25,P001,Delhi,448,259,130,150,5,2024,1,25,Thursday,1
2024-01-25,P002,Delhi,850,7,991,150,6,2024,1,25,Thursday,1
2024-01-25,P003,Hyderabad,485,282,232,150,7,2024,1,25,Thursday,1
2024-01-25,P004,Kolkata,705,55,170,150,6,2024,1,25,Thursday,1
2024-01-25,P005,Kolkata,248,12,689,150,3,2024,1,25,Thursday,1
2024-01-25,P006,Delhi,213,246,356,150,9,2024,1,25,Thursday,1
2024-01-26,P001,Delhi,285,166,106,150,6,2024,1,26,Friday,1
2024-01-26,P002,Hyderabad,790,140,293,150,9,2024,1,26,Friday,1
2024-01-26,P003,Hyderabad,448,17,236,150,10,2024,1,26,Friday,1
2024-01-26,P004,Hyderabad,796,170,623,150,6,2024,1,26,Friday,1
2024-01-26,P005,Bengaluru,230,133,851,150,6,2024,1,26,Friday,1
2024-01-26,P006,Hyderabad,990,179,874,150,9,2024,1,26,Friday,1
2024-01-27,P001,Bengaluru,210,98,114,150,2,2024,1,27,Saturday,1
2024-01-27,P002,Bengaluru,640,182,753,150,6,2024,1,27,Saturday,1
2024-01-27,P003,Delhi,923,163,259,150,8,2024,1,27,Saturday,1
2024-01-27,P004,Delhi,542,64,395,150,4,2024,1,27,Saturday,1
2024-01-27,P005,Kolkata,416,103,929,150,7,2024,1,27,Saturday,1
2024-01-27,P006,Hyderabad,641,0,527,150,7,2024,1,27,Saturday,1
2024-01-28,P001,Kolkata,920,152,868,150,3,2024,1,28,Sunday,1
2024-01-28,P002,Mumbai,407,84,884,150,2,2024,1,28,Sunday,1
2024-01-28,P003,Hyderabad,683,247,590,150,8,2024,1,28,Sunday,1
2024-01-28,P004,Bengaluru,540,145,491,150,9,2024,1,28,Sunday,1
2024-01-28,P005,Hyderabad,248,279,428,150,6,2024,1,28,Sunday,1
2024-01-28,P006,Hyderabad,611,27,904,150,7,2024,1,28,Sunday,1
2024-01-29,P001,Bengaluru,722,44,957,150,5,2024,1,29,Monday,1
2024-01-29,P002,Mumbai,688,153,974,150,9,2024,1,29,Monday,1
2024-01-29,P003,Mumbai,666,136,616,150,2,2024,1,29,Monday,1
2024-01-29,P004,Hyderabad,843,238,694,150,3,2024,1,29,Monday,1
2024-01-29,P005,Kolkata,906,86,749,150,5,2024,1,29,Monday,1
2024-01-29,P006,Kolkata,817,1,890,150,3,2024,1,29,Monday,1
2024-01-30,P001,Mumbai,461,194,655,150,3,2024,1,30,Tuesday,1
2024-01-30,P002,Kolkata,589,63,582,150,9,2024,1,30,Tuesday,1
2024-01-30,P003,Delhi,266,29,144,150,6,2024,1,30,Tuesday,1
2024-01-30,P004,Hyderabad,492,183,828,150,9,2024,1,30,Tuesday,1
2024-01-30,P005,Kolkata,826,292,384,150,8,2024,1,30,Tuesday,1
2024-01-30,P006,Mumbai,812,179,965,150,5,2024,1,30,Tuesday,1
2024-01-31,P001,Bengaluru,620,92,677,150,9,2024,1,31,Wednesday,1
2024-01-31,P002,Kolkata,381,289,564,150,2,2024,1,31,Wednesday,1
2024-01-31,P003,Kolkata,780,21,746,150,8,2024,1,31,Wednesday,1
2024-01-31,P004,Hyderabad,783,59,443,150,9,2024,1,31,Wednesday,1
2024-01-31,P005,Mumbai,638,195,935,150,7,2024,1,31,Wednesday,1
2024-01-31,P006,Bengaluru,330,241,328,150,8,2024,1,31,Wednesday,1
2024-02-01,P001,Kolkata,858,192,466,150,3,2024,2,1,Thursday,1
2024-02-01,P002,Mumbai,698,188,435,150,7,2024,2,1,Thursday,1
2024-02-01,P003,Mumbai,748,240,293,150,10,2024,2,1,Thursday,1
2024-02-01,P004,Mumbai,963,5,145,150,6,2024,2,1,Thursday,1
2024-02-01,P005,Hyderabad,358,189,651,150,9,2024,2,1,Thursday,1
2024-02-01,P006,Bengaluru,244,272,365,150,4,2024,2,1,Thursday,1
2024-02-02,P001,Kolkata,435,116,233,150,7,2024,2,2,Friday,1
2024-02-02,P002,Kolkata,911,150,597,150,2,2024,2,2,Friday,1
2024-02-02,P003,Hyderabad,614,14,145,150,10,2024,2,2,Friday,1
2024-02-02,P004,Hyderabad,728,52,558,150,9,2024,2,2,Friday,1
2024-02-02,P005,Bengaluru,290,279,595,150,4,2024,2,2,Friday,1
2024-02-02,P006,Kolkata,366,60,117,150,9,2024,2,2,Friday,1
2024-02-03,P001,Bengaluru,731,17,292,150,10,2024,2,3,Saturday,1
2024-02-03,P002,Mumbai,396,158,792,150,7,2024,2,3,Saturday,1
2024-02-03,P003,Kolkata,417,156,969,150,10,2024,2,3,Saturday,1
2024-02-03,P004,Bengaluru,313,253,289,150,3,2024,2,3,Saturday,1
2024-02-03,P005,Kolkata,862,219,860,150,3,2024,2,3,Saturday,1
2024-02-03,P006,Kolkata,205,26,544,150,5,2024,2,3,Saturday,1
2024-02-04,P001,Hyderabad,815,16,464,150,2,2024,2,4,Sunday,1
2024-02-04,P002,Hyderabad,791,75,639,150,9,2024,2,4,Sunday,1
2024-02-04,P003,Bengaluru,749,206,969,150,10,2024,2,4,Sunday,1
2024-02-04,P004,Hyderabad,439,96,514,150,9,2024,2,4,Sunday,1
2024-02-04,P005,Delhi,374,44,869,150,2,2024,2,4,Sunday,1
2024-02-04,P006,Bengaluru,443,185,143,150,10,2024,2,4,Sunday,1
2024-02-05,P001,Hyderabad,591,233,952,150,4,2024,2,5,Monday,1
2024-02-05,P002,Mumbai,566,191,945,150,4,2024,2,5,Monday,1
2024-02-05,P003,Bengaluru,795,149,547,150,7,2024,2,5,Monday,1
2024-02-05,P004,Mumbai,230,187,885,150,10,2024,2,5,Monday,1
2024-02-05,P005,Kolkata,727,60,865,150,6,2024,2,5,Monday,1
2024-02-05,P006,Hyderabad,716,157,219,150,10,2024,2,5,Monday,1
2024-02-06,P001,Hyderabad,830,224,392,150,6,2024,2,6,Tuesday,1
2024-02-06,P002,Hyderabad,321,93,536,150,8,2024,2,6,Tuesday,1
2024-02-06,P003,Mumbai,815,11,990,150,3,2024,2,6,Tuesday,1
2024-02-06,P004,Hyderabad,406,11,425,150,4,2024,2,6,Tuesday,1
2024-02-06,P005,Hyderabad,591,102,563,150,8,2024,2,6,Tuesday,1
2024-02-06,P006,Kolkata,882,23,252,150,6,2024,2,6,Tuesday,1
2024-02-07,P001,Hyderabad,314,296,728,150,10,2024,2,7,Wednesday,1
2024-02-07,P002,Kolkata,947,226,581,150,6,2024,2,7,Wednesday,1
2024-02-07,P003,Delhi,254,135,243,150,4,2024,2,7,Wednesday,1
2024-02-07,P004,Delhi,958,145,497,150,6,2024,2,7,Wednesday,1
2024-02-07,P005,Mumbai,782,193,275,150,8,2024,2,7,Wednesday,1
2024-02-07,P006,Hyderabad,622,137,557,150,2,2024,2,7,Wednesday,1
2024-02-08,P001,Hyderabad,747,246,697,150,9,2024,2,8,Thursday,1
2024-02-08,P002,Kolkata,690,84,606,150,2,2024,2,8,Thursday,1
2024-02-08,P003,Delhi,447,218,463,150,2,2024,2,8,Thursday,1
2024-02-08,P004,Bengaluru,351,281,978,150,6,2024,2,8,Thursday,1
2024-02-08,P005,Delhi,962,273,852,150,9,2024,2,8,Thursday,1
2024-02-08,P006,Hyderabad,482,79,351,150,5,2024,2,8,Thursday,1
2024-02-09,P001,Delhi,508,6,291,150,3,2024,2,9,Friday,1
2024-02-09,P002,Hyderabad,798,193,231,150,10,2024,2,9,Friday,1
2024-02-09,P003,Hyderabad,988,135,386,150,6,2024,2,9,Friday,1
2024-02-09,P004,Kolkata,477,254,944,150,3,2024,2,9,Friday,1
2024-02-09,P005,Mumbai,446,198,590,150,2,2024,2,9,Friday,1
2024-02-09,P006,Bengaluru,586,206,278,150,3,2024,2,9,Friday,1
2024-02-10,P001,Bengaluru,900,172,975,150,7,2024,2,10,Saturday,1
2024-02-10,P002,Delhi,274,19,136,150,8,2024,2,10,Saturday,1
2024-02-10,P003,Kolkata,354,222,180,150,4,2024,2,10,Saturday,1
2024-02-10,P004,Mumbai,1000,285,231,150,4,2024,2,10,Saturday,1
2024-02-10,P005,Hyderabad,598,292,926,150,9,2024,2,10,Saturday,1
2024-02-10,P006,Delhi,680,147,806,150,7,2024,2,10,Saturday,1
2024-02-11,P001,Hyderabad,514,18,653,150,5,2024,2,11,Sunday,1
2024-02-11,P002,Bengaluru,468,49,528,150,8,2024,2,11,Sunday,1
2024-02-11,P003,Mumbai,883,158,896,150,4,2024,2,11,Sunday,1
2024-02-11,P004,Hyderabad,945,184,659,150,8,2024,2,11,Sunday,1
2024-02-11,P005,Hyderabad,394,15,679,150,4,2024,2,11,Sunday,1
2024-02-11,P006,Delhi,557,154,212,150,2,2024,2,11,Sunday,1
2024-02-12,P001,Delhi,495,240,545,150,10,2024,2,12,Monday,1
2024-02-12,P002,Hyderabad,684,75,427,150,2,2024,2,12,Monday,1
2024-02-12,P003,Kolkata,932,172,338,150,7,2024,2,12,Monday,1
2024-02-12,P004,Kolkata,663,253,123,150,6,2024,2,12,Monday,1
2024-02-12,P005,Delhi,354,265,176,150,10,2024,2,12,Monday,1
2024-02-12,P006,Delhi,828,282,444,150,9,2024,2,12,Monday,1
2024-02-13,P001,Mumbai,410,33,444,150,2,2024,2,13,Tuesday,1
2024-02-13,P002,Hyderabad,605,241,974,150,9,2024,2,13,Tuesday,1
2024-02-13,P003,Delhi,989,104,624,150,7,2024,2,13,Tuesday,1
2024-02-13,P004,Mumbai,772,230,224,150,8,2024,2,13,Tuesday,1
2024-02-13,P005,Hyderabad,730,276,174,150,8,2024,2,13,Tuesday,1
2024-02-13,P006,Kolkata,591,210,149,150,4,2024,2,13,Tuesday,1
2024-02-14,P001,Kolkata,968,75,455,150,3,2024,2,14,Wednesday,1
2024-02-14,P002,Bengaluru,656,68,495,150,8,2024,2,14,Wednesday,1
2024-02-14,P003,Hyderabad,533,197,190,150,7,2024,2,14,Wednesday,1
2024-02-14,P004,Kolkata,585,9,440,150,6,2024,2,14,Wednesday,1
2024-02-14,P005,Hyderabad,465,186,308,150,10,2024,2,14,Wednesday,1
2024-02-14,P006,Mumbai,751,253,591,150,9,2024,2,14,Wednesday,1
2024-02-15,P001,Bengaluru,415,247,949,150,7,2024,2,15,Thursday,1
2024-02-15,P002,Delhi,696,78,130,150,3,2024,2,15,Thursday,1
2024-02-15,P003,Hyderabad,275,193,729,150,2,2024,2,15,Thursday,1
2024-02-15,P004,Delhi,506,41,416,150,2,2024,2,15,Thursday,1
2024-02-15,P005,Hyderabad,841,84,957,150,9,2024,2,15,Thursday,1
2024-02-15,P006,Kolkata,631,273,579,150,5,2024,2,15,Thursday,1
2024-02-16,P001,Kolkata,933,100,775,150,5,2024,2,16,Friday,1
2024-02-16,P002,Bengaluru,500,43,213,150,2,2024,2,16,Friday,1
2024-02-16,P003,Bengaluru,422,11,730,150,7,2024,2,16,Friday,1
2024-02-16,P004,Bengaluru,476,13,641,150,2,2024,2,16,Friday,1
2024-02-16,P005,Kolkata,772,71,429,150,10,2024,2,16,Friday,1
2024-02-16,P006,Mumbai,285,98,743,150,2,2024,2,16,Friday,1
2024-02-17,P001,Kolkata,463,124,938,150,6,2024,2,17,Saturday,1
2024-02-17,P002,Hyderabad,713,138,772,150,6,2024,2,17,Saturday,1
2024-02-17,P003,Hyderabad,834,207,724,150,5,2024,2,17,Saturday,1
2024-02-17,P004,Delhi,476,60,984,150,5,2024,2,17,Saturday,1
2024-02-17,P005,Bengaluru,694,10,360,150,5,2024,2,17,Saturday,1
2024-02-17,P006,Bengaluru,332,250,671,150,6,2024,2,17,Saturday,1
2024-02-18,P001,Bengaluru,207,171,501,150,5,2024,2,18,Sunday,1
2024-02-18,P002,Hyderabad,429,244,606,150,5,2024,2,18,Sunday,1
2024-02-18,P003,Bengaluru,913,77,981,150,2,2024,2,18,Sunday,1
2024-02-18,P004,Hyderabad,533,57,397,150,7,2024,2,18,Sunday,1
2024-02-18,P005,Hyderabad,806,51,1000,150,4,2024,2,18,Sunday,1
2024-02-18,P006,Bengaluru,449,259,169,150,3,2024,2,18,Sunday,1
2024-02-19,P001,Kolkata,841,216,578,150,7,2024,2,19,Monday,1
2024-02-19,P002,Bengaluru,434,203,656,150,9,2024,2,19,Monday,1
2024-02-19,P003,Bengaluru,533,96,533,150,4,2024,2,19,Monday,1
2024-02-19,P004,Kolkata,453,177,528,150,2,2024,2,19,Monday,1
2024-02-19,P005,Kolkata,990,212,316,150,8,2024,2,19,Monday,1
2024-02-19,P006,Kolkata,880,12,615,150,8,2024,2,19,Monday,1
2024-02-20,P001,Mumbai,680,164,247,150,7,2024,2,20,Tuesday,1
2024-02-20,P002,Bengaluru,516,43,534,150,2,2024,2,20,Tuesday,1
2024-02-20,P003,Mumbai,872,0,232,150,8,2024,2,20,Tuesday,1
2024-02-20,P004,Bengaluru,416,213,848,150,8,2024,2,20,Tuesday,1
2024-02-20,P005,Delhi,734,91,667,150,6,2024,2,20,Tuesday,1
2024-02-20,P006,Mumbai,319,296,172,150,6,2024,2,20,Tuesday,1
2024-02-21,P001,Delhi,995,88,771,150,5,2024,2,21,Wednesday,1
2024-02-21,P002,Bengaluru,893,168,475,150,6,2024,2,21,Wednesday,1
2024-02-21,P003,Hyderabad,801,122,594,150,6,2024,2,21,Wednesday,1
2024-02-21,P004,Kolkata,940,299,850,150,4,2024,2,21,Wednesday,1
2024-02-21,P005,Bengaluru,860,190,962,150,8,2024,2,21,Wednesday,1
2024-02-21,P006,Bengaluru,584,95,446,150,8,2024,2,21,Wednesday,1
2024-02-22,P001,Delhi,810,29,862,150,8,2024,2,22,Thursday,1
2024-02-22,P002,Kolkata,673,262,356,150,2,2024,2,22,Thursday,1
2024-02-22,P003,Hyderabad,841,276,880,150,2,2024,2,22,Thursday,1
2024-02-22,P004,Delhi,305,128,972,150,7,2024,2,22,Thursday,1
2024-02-22,P005,Kolkata,341,74,355,150,6,2024,2,22,Thursday,1
2024-02-22,P006,Delhi,766,246,282,150,8,2024,2,22,Thursday,1
2024-02-23,P001,Kolkata,575,167,791,150,8,2024,2,23,Friday,1
2024-02-23,P002,Delhi,935,117,191,150,8,2024,2,23,Friday,1
2024-02-23,P003,Delhi,427,103,236,150,7,2024,2,23,Friday,1
2024-02-23,P004,Kolkata,665,226,951,150,3,2024,2,23,Friday,1
2024-02-23,P005,Kolkata,584,227,713,150,7,2024,2,23,Friday,1
2024-02-23,P006,Mumbai,734,64,252,150,8,2024,2,23,Friday,1
2024-02-24,P001,Mumbai,799,275,315,150,9,2024,2,24,Saturday,1
2024-02-24,P002,Kolkata,511,254,421,150,4,2024,2,24,Saturday,1
2024-02-24,P003,Mumbai,524,55,928,150,2,2024,2,24,Saturday,1
2024-02-24,P004,Mumbai,657,97,736,150,10,2024,2,24,Saturday,1
2024-02-24,P005,Mumbai,319,213,305,150,8,2024,2,24,Saturday,1
2024-02-24,P006,Kolkata,976,267,996,150,9,2024,2,24,Saturday,1
2024-02-25,P001,Delhi,421,196,283,150,7,2024,2,25,Sunday,1
2024-02-25,P002,Mumbai,916,129,805,150,2,2024,2,25,Sunday,1
2024-02-25,P003,Kolkata,204,135,230,150,4,2024,2,25,Sunday,1
2024-02-25,P004,Bengaluru,531,86,616,150,5,2024,2,25,Sunday,1
2024-02-25,P005,Kolkata,904,132,613,150,3,2024,2,25,Sunday,1
2024-02-25,P006,Kolkata,740,110,494,150,7,2024,2,25,Sunday,1
2024-02-26,P001,Hyderabad,991,253,761,150,4,2024,2,26,Monday,1
2024-02-26,P002,Bengaluru,515,102,203,150,6,2024,2,26,Monday,1
2024-02-26,P003,Delhi,813,149,514,150,3,2024,2,26,Monday,1
2024-02-26,P004,Kolkata,451,200,215,150,6,2024,2,26,Monday,1
2024-02-26,P005,Mumbai,744,296,604,150,5,2024,2,26,Monday,1
2024-02-26,P006,Kolkata,739,257,329,150,3,2024,2,26,Monday,1
2024-02-27,P001,Delhi,730,285,512,150,10,2024,2,27,Tuesday,1
2024-02-27,P002,Hyderabad,918,48,909,150,6,2024,2,27,Tuesday,1
2024-02-27,P003,Bengaluru,815,250,820,150,7,2024,2,27,Tuesday,1
2024-02-27,P004,Hyderabad,363,57,283,150,2,2024,2,27,Tuesday,1
2024-02-27,P005,Delhi,651,14,739,150,10,2024,2,27,Tuesday,1
2024-02-27,P006,Mumbai,885,35,251,150,6,2024,2,27,Tuesday,1
2024-02-28,P001,Mumbai,896,221,785,150,8,2024,2,28,Wednesday,1
2024-02-28,P002,Mumbai,764,231,954,150,8,2024,2,28,Wednesday,1
2024-02-28,P003,Mumbai,928,82,538,150,8,2024,2,28,Wednesday,1
2024-02-28,P004,Hyderabad,731,221,495,150,5,2024,2,28,Wednesday,1
2024-02-28,P005,Bengaluru,575,75,327,150,9,2024,2,28,Wednesday,1
2024-02-28,P006,Mumbai,779,297,474,150,3,2024,2,28,Wednesday,1
2024-02-29,P001,Kolkata,324,294,403,150,9,2024,2,29,Thursday,1
2024-02-29,P002,Kolkata,203,168,211,150,3,2024,2,29,Thursday,1
2024-02-29,P003,Delhi,347,119,146,150,10,2024,2,29,Thursday,1
2024-02-29,P004,Mumbai,816,121,935,150,5,2024,2,29,Thursday,1
2024-02-29,P005,Kolkata,692,248,797,150,5,2024,2,29,Thursday,1
2024-02-29,P006,Hyderabad,270,7,656,150,6,2024,2,29,Thursday,1
2024-03-01,P001,Mumbai,963,280,952,150,8,2024,3,1,Friday,1
2024-03-01,P002,Hyderabad,546,247,780,150,3,2024,3,1,Friday,1
2024-03-01,P003,Hyderabad,635,6,146,150,2,2024,3,1,Friday,1
2024-03-01,P004,Delhi,327,1,711,150,3,2024,3,1,Friday,1
2024-03-01,P005,Bengaluru,811,64,388,150,4,2024,3,1,Friday,1
2024-03-01,P006,Delhi,871,109,761,150,8,2024,3,1,Friday,1
2024-03-02,P001,Delhi,641,174,659,150,8,2024,3,2,Saturday,1
2024-03-02,P002,Hyderabad,655,174,363,150,5,2024,3,2,Saturday,1
2024-03-02,P003,Delhi,374,294,251,150,7,2024,3,2,Saturday,1
2024-03-02,P004,Hyderabad,948,79,288,150,5,2024,3,2,Saturday,1
2024-03-02,P005,Bengaluru,712,166,885,150,9,2024,3,2,Saturday,1
2024-03-02,P006,Hyderabad,782,37,587,150,3,2024,3,2,Saturday,1
2024-03-03,P001,Bengaluru,617,95,884,150,7,2024,3,3,Sunday,1
2024-03-03,P002,Delhi,705,64,159,150,10,2024,3,3,Sunday,1
2024-03-03,P003,Hyderabad,898,179,660,150,5,2024,3,3,Sunday,1
2024-03-03,P004,Delhi,446,163,868,150,4,2024,3,3,Sunday,1
2024-03-03,P005,Mumbai,656,74,213,150,2,2024,3,3,Sunday,1
2024-03-03,P006,Mumbai,442,210,725,150,4,2024,3,3,Sunday,1
2024-03-04,P001,Hyderabad,765,168,165,150,9,2024,3,4,Monday,1
2024-03-04,P002,Mumbai,316,130,210,150,10,2024,3,4,Monday,1
2024-03-04,P003,Delhi,451,110,172,150,6,2024,3,4,Monday,1
2024-03-04,P004,Mumbai,234,269,529,150,2,2024,3,4,Monday,1
2024-03-04,P005,Kolkata,623,86,501,150,2,2024,3,4,Monday,1
2024-03-04,P006,Bengaluru,503,166,678,150,2,2024,3,4,Monday,1
2024-03-05,P001,Bengaluru,795,251,112,150,2,2024,3,5,Tuesday,1
2024-03-05,P002,Kolkata,393,78,979,150,4,2024,3,5,Tuesday,1
2024-03-05,P003,Bengaluru,228,23,978,150,5,2024,3,5,Tuesday,1
2024-03-05,P004,Delhi,390,235,540,150,10,2024,3,5,Tuesday,1
2024-03-05,P005,Mumbai,447,168,660,150,4,2024,3,5,Tuesday,1
2024-03-05,P006,Delhi,432,258,720,150,4,2024,3,5,Tuesday,1
2024-03-06,P001,Mumbai,406,101,794,150,6,2024,3,6,Wednesday,1
2024-03-06,P002,Hyderabad,935,277,992,150,5,2024,3,6,Wednesday,1
2024-03-06,P003,Delhi,785,148,219,150,6,2024,3,6,Wednesday,1
2024-03-06,P004,Bengaluru,363,43,663,150,9,2024,3,6,Wednesday,1
2024-03-06,P005,Bengaluru,991,41,619,150,6,2024,3,6,Wednesday,1
2024-03-06,P006,Mumbai,637,86,730,150,3,2024,3,6,Wednesday,1
2024-03-07,P001,Kolkata,350,143,657,150,4,2024,3,7,Thursday,1
2024-03-07,P002,Hyderabad,467,178,589,150,9,2024,3,7,Thursday,1
2024-03-07,P003,Mumbai,423,277,885,150,5,2024,3,7,Thursday,1
2024-03-07,P004,Hyderabad,479,204,759,150,6,2024,3,7,Thursday,1
2024-03-07,P005,Mumbai,299,70,993,150,10,2024,3,7,Thursday,1
2024-03-07,P006,Delhi,908,258,728,150,5,2024,3,7,Thursday,1
2024-03-08,P001,Mumbai,816,265,721,150,3,2024,3,8,Friday,1
2024-03-08,P002,Mumbai,559,87,138,150,3,2024,3,8,Friday,1
2024-03-08,P003,Mumbai,384,299,976,150,6,2024,3,8,Friday,1
2024-03-08,P004,Delhi,237,193,426,150,3,2024,3,8,Friday,1
2024-03-08,P005,Mumbai,594,290,798,150,2,2024,3,8,Friday,1
2024-03-08,P006,Mumbai,318,66,481,150,5,2024,3,8,Friday,1
2024-03-09,P001,Kolkata,890,135,576,150,6,2024,3,9,Saturday,1
2024-03-09,P002,Mumbai,431,73,144,150,5,2024,3,9,Saturday,1
2024-03-09,P003,Mumbai,396,30,581,150,8,2024,3,9,Saturday,1
2024-03-09,P004,Hyderabad,851,11,721,150,6,2024,3,9,Saturday,1
2024-03-09,P005,Mumbai,976,183,366,150,6,2024,3,9,Saturday,1
2024-03-09,P006,Delhi,646,268,259,150,9,2024,3,9,Saturday,1
2024-03-10,P001,Mumbai,443,190,490,150,5,2024,3,10,Sunday,1
2024-03-10,P002,Delhi,855,115,712,150,7,2024,3,10,Sunday,1
2024-03-10,P003,Bengaluru,738,261,711,150,3,2024,3,10,Sunday,1
2024-03-10,P004,Delhi,863,288,870,150,3,2024,3,10,Sunday,1
2024-03-10,P005,Delhi,436,109,257,150,8,2024,3,10,Sunday,1
2024-03-10,P006,Mumbai,561,222,450,150,10,2024,3,10,Sunday,1
2024-03-11,P001,Kolkata,896,59,344,150,10,2024,3,11,Monday,1
2024-03-11,P002,Delhi,689,146,207,150,5,2024,3,11,Monday,1
2024-03-11,P003,Kolkata,901,232,483,150,5,2024,3,11,Monday,1
2024-03-11,P004,Mumbai,740,25,719,150,9,2024,3,11,Monday,1
2024-03-11,P005,Hyderabad,787,292,152,150,5,2024,3,11,Monday,1
2024-03-11,P006,Bengaluru,640,257,582,150,10,2024,3,11,Monday,1
2024-03-12,P001,Bengaluru,719,58,983,150,4,2024,3,12,Tuesday,1
2024-03-12,P002,Hyderabad,616,194,834,150,7,2024,3,12,Tuesday,1
2024-03-12,P003,Bengaluru,568,264,712,150,9,2024,3,12,Tuesday,1
2024-03-12,P004,Hyderabad,659,262,904,150,6,2024,3,12,Tuesday,1
2024-03-12,P005,Mumbai,208,136,217,150,9,2024,3,12,Tuesday,1
2024-03-12,P006,Kolkata,395,261,689,150,6,2024,3,12,Tuesday,1
2024-03-13,P001,Mumbai,300,81,596,150,6,2024,3,13,Wednesday,1
2024-03-13,P002,Hyderabad,295,208,930,150,9,2024,3,13,Wednesday,1
2024-03-13,P003,Mumbai,276,55,569,150,2,2024,3,13,Wednesday,1
2024-03-13,P004,Hyderabad,372,145,801,150,4,2024,3,13,Wednesday,1
2024-03-13,P005,Mumbai,718,36,767,150,9,2024,3,13,Wednesday,1
2024-03-13,P006,Mumbai,714,261,324,150,8,2024,3,13,Wednesday,1
2024-03-14,P001,Hyderabad,941,285,307,150,7,2024,3,14,Thursday,1
2024-03-14,P002,Bengaluru,743,14,488,150,2,2024,3,14,Thursday,1
2024-03-14,P003,Hyderabad,708,119,411,150,4,2024,3,14,Thursday,1
2024-03-14,P004,Delhi,623,269,224,150,2,2024,3,14,Thursday,1
2024-03-14,P005,Hyderabad,921,192,822,150,3,2024,3,14,Thursday,1
2024-03-14,P006,Mumbai,595,175,899,150,4,2024,3,14,Thursday,1
2024-03-15,P001,Hyderabad,437,162,380,150,4,2024,3,15,Friday,1
2024-03-15,P002,Bengaluru,424,272,721,150,3,2024,3,15,Friday,1
2024-03-15,P003,Kolkata,424,204,342,150,4,2024,3,15,Friday,1
2024-03-15,P004,Delhi,904,271,576,150,8,2024,3,15,Friday,1
2024-03-15,P005,Bengaluru,573,291,469,150,3,2024,3,15,Friday,1
2024-03-15,P006,Mumbai,434,278,138,150,6,2024,3,15,Friday,1
2024-03-16,P001,Bengaluru,426,136,612,150,5,2024,3,16,Saturday,1
2024-03-16,P002,Delhi,393,3,228,150,5,2024,3,16,Saturday,1
2024-03-16,P003,Delhi,216,254,655,150,8,2024,3,16,Saturday,1
2024-03-16,P004,Mumbai,877,91,292,150,6,2024,3,16,Saturday,1
2024-03-16,P005,Kolkata,884,178,751,150,7,2024,3,16,Saturday,1
2024-03-16,P006,Kolkata,644,194,802,150,5,2024,3,16,Saturday,1
2024-03-17,P001,Bengaluru,405,157,274,150,10,2024,3,17,Sunday,1
2024-03-17,P002,Hyderabad,497,221,698,150,3,2024,3,17,Sunday,1
2024-03-17,P003,Hyderabad,666,167,731,150,10,2024,3,17,Sunday,1
2024-03-17,P004,Kolkata,378,223,664,150,8,2024,3,17,Sunday,1
2024-03-17,P005,Hyderabad,925,131,415,150,4,2024,3,17,Sunday,1
2024-03-17,P006,Bengaluru,642,99,198,150,5,2024,3,17,Sunday,1
2024-03-18,P001,Hyderabad,814,2,443,150,3,2024,3,18,Monday,1
2024-03-18,P002,Bengaluru,448,219,415,150,10,2024,3,18,Monday,1
2024-03-18,P003,Bengaluru,514,22,595,150,10,2024,3,18,Monday,1
2024-03-18,P004,Kolkata,458,139,926,150,7,2024,3,18,Monday,1
2024-03-18,P005,Hyderabad,636,26,188,150,3,2024,3,18,Monday,1
2024-03-18,P006,Delhi,941,155,698,150,9,2024,3,18,Monday,1
2024-03-19,P001,Kolkata,709,138,426,150,2,2024,3,19,Tuesday,1
2024-03-19,P002,Mumbai,236,33,422,150,6,2024,3,19,Tuesday,1
2024-03-19,P003,Bengaluru,831,276,114,150,4,2024,3,19,Tuesday,1
2024-03-19,P004,Delhi,405,74,167,150,2,2024,3,19,Tuesday,1
2024-03-19,P005,Mumbai,626,174,391,150,3,2024,3,19,Tuesday,1
2024-03-19,P006,Kolkata,468,290,849,150,8,2024,3,19,Tuesday,1
2024-03-20,P001,Delhi,639,231,477,150,6,2024,3,20,Wednesday,1
2024-03-20,P002,Kolkata,494,299,924,150,6,2024,3,20,Wednesday,1
2024-03-20,P003,Kolkata,887,19,462,150,6,2024,3,20,Wednesday,1
2024-03-20,P004,Mumbai,440,93,458,150,10,2024,3,20,Wednesday,1
2024-03-20,P005,Hyderabad,889,132,248,150,2,2024,3,20,Wednesday,1
2024-03-20,P006,Hyderabad,670,297,892,150,6,2024,3,20,Wednesday,1
2024-03-21,P001,Delhi,671,121,220,150,2,2024,3,21,Thursday,1
2024-03-21,P002,Bengaluru,508,118,515,150,7,2024,3,21,Thursday,1
2024-03-21,P003,Mumbai,390,176,600,150,4,2024,3,21,Thursday,1
2024-03-21,P004,Bengaluru,933,37,223,150,7,2024,3,21,Thursday,1
2024-03-21,P005,Kolkata,237,52,978,150,5,2024,3,21,Thursday,1
2024-03-21,P006,Kolkata,495,1,236,150,2,2024,3,21,Thursday,1
2024-03-22,P001,Bengaluru,611,112,206,150,2,2024,3,22,Friday,1
2024-03-22,P002,Kolkata,600,217,986,150,8,2024,3,22,Friday,1
2024-03-22,P003,Kolkata,488,16,297,150,2,2024,3,22,Friday,1
2024-03-22,P004,Hyderabad,284,162,770,150,10,2024,3,22,Friday,1
2024-03-22,P005,Hyderabad,493,141,198,150,6,2024,3,22,Friday,1
2024-03-22,P006,Mumbai,583,168,609,150,2,2024,3,22,Friday,1
2024-03-23,P001,Kolkata,687,250,709,150,5,2024,3,23,Saturday,1
2024-03-23,P002,Mumbai,263,129,477,150,6,2024,3,23,Saturday,1
2024-03-23,P003,Hyderabad,459,82,630,150,6,2024,3,23,Saturday,1
2024-03-23,P004,Bengaluru,551,142,218,150,6,2024,3,23,Saturday,1
2024-03-23,P005,Mumbai,602,35,306,150,2,2024,3,23,Saturday,1
2024-03-23,P006,Mumbai,425,84,199,150,10,2024,3,23,Saturday,1
2024-03-24,P001,Bengaluru,236,131,273,150,3,2024,3,24,Sunday,1
2024-03-24,P002,Bengaluru,938,149,500,150,7,2024,3,24,Sunday,1
2024-03-24,P003,Bengaluru,989,293,937,150,7,2024,3,24,Sunday,1
2024-03-24,P004,Hyderabad,235,101,364,150,10,2024,3,24,Sunday,1
2024-03-24,P005,Mumbai,461,243,220,150,10,2024,3,24,Sunday,1
2024-03-24,P006,Hyderabad,430,101,365,150,4,2024,3,24,Sunday,1
2024-03-25,P001,Bengaluru,635,25,765,150,4,2024,3,25,Monday,1
2024-03-25,P002,Kolkata,718,204,454,150,10,2024,3,25,Monday,1
2024-03-25,P003,Kolkata,305,69,148,150,8,2024,3,25,Monday,1
2024-03-25,P004,Bengaluru,388,117,253,150,3,2024,3,25,Monday,1
2024-03-25,P005,Delhi,334,20,125,150,2,2024,3,25,Monday,1
2024-03-25,P006,Mumbai,292,91,651,150,8,2024,3,25,Monday,1
2024-03-26,P001,Hyderabad,927,214,917,150,3,2024,3,26,Tuesday,1
2024-03-26,P002,Mumbai,491,82,654,150,2,2024,3,26,Tuesday,1
2024-03-26,P003,Delhi,937,286,380,150,6,2024,3,26,Tuesday,1
2024-03-26,P004,Kolkata,961,41,879,150,5,2024,3,26,Tuesday,1
2024-03-26,P005,Kolkata,268,112,401,150,8,2024,3,26,Tuesday,1
2024-03-26,P006,Bengaluru,642,194,879,150,5,2024,3,26,Tuesday,1
2024-03-27,P001,Kolkata,378,102,223,150,9,2024,3,27,Wednesday,1
2024-03-27,P002,Kolkata,795,11,794,150,5,2024,3,27,Wednesday,1
2024-03-27,P003,Delhi,633,61,235,150,3,2024,3,27,Wednesday,1
2024-03-27,P004,Mumbai,272,100,942,150,3,2024,3,27,Wednesday,1
2024-03-27,P005,Mumbai,789,96,787,150,7,2024,3,27,Wednesday,1
2024-03-27,P006,Mumbai,263,72,817,150,9,2024,3,27,Wednesday,1
2024-03-28,P001,Mumbai,282,175,156,150,5,2024,3,28,Thursday,1
2024-03-28,P002,Kolkata,520,209,810,150,9,2024,3,28,Thursday,1
2024-03-28,P003,Delhi,509,5,573,150,5,2024,3,28,Thursday,1
2024-03-28,P004,Bengaluru,497,131,653,150,4,2024,3,28,Thursday,1
2024-03-28,P005,Bengaluru,919,149,712,150,10,2024,3,28,Thursday,1
2024-03-28,P006,Hyderabad,270,295,562,150,7,2024,3,28,Thursday,1
2024-03-29,P001,Delhi,214,0,968,150,9,2024,3,29,Friday,1
2024-03-29,P002,Kolkata,930,160,835,150,6,2024,3,29,Friday,1
2024-03-29,P003,Mumbai,619,272,900,150,3,2024,3,29,Friday,1
2024-03-29,P004,Kolkata,644,257,163,150,3,2024,3,29,Friday,1
2024-03-29,P005,Bengaluru,832,109,162,150,6,2024,3,29,Friday,1
2024-03-29,P006,Delhi,624,274,484,150,10,2024,3,29,Friday,1
2024-03-30,P001,Hyderabad,245,194,423,150,5,2024,3,30,Saturday,1
2024-03-30,P002,Hyderabad,512,153,172,150,3,2024,3,30,Saturday,1
2024-03-30,P003,Bengaluru,425,109,511,150,4,2024,3,30,Saturday,1
2024-03-30,P004,Bengaluru,890,296,884,150,10,2024,3,30,Saturday,1
2024-03-30,P005,Delhi,315,2,420,150,6,2024,3,30,Saturday,1
2024-03-30,P006,Kolkata,522,88,433,150,7,2024,3,30,Saturday,1
2024-03-31,P001,Mumbai,805,180,154,150,5,2024,3,31,Sunday,1
2024-03-31,P002,Mumbai,997,237,793,150,6,2024,3,31,Sunday,1
2024-03-31,P003,Delhi,294,41,605,150,4,2024,3,31,Sunday,1
2024-03-31,P004,Delhi,406,40,768,150,8,2024,3,31,Sunday,1
2024-03-31,P005,Mumbai,283,267,246,150,10,2024,3,31,Sunday,1
2024-03-31,P006,Delhi,801,65,716,150,6,2024,3,31,Sunday,1
2024-04-01,P001,Delhi,206,277,796,150,5,2024,4,1,Monday,2
2024-04-01,P002,Hyderabad,778,72,639,150,10,2024,4,1,Monday,2
2024-04-01,P003,Hyderabad,819,106,277,150,8,2024,4,1,Monday,2
2024-04-01,P004,Hyderabad,821,236,285,150,7,2024,4,1,Monday,2
2024-04-01,P005,Mumbai,368,187,711,150,2,2024,4,1,Monday,2
2024-04-01,P006,Bengaluru,940,82,255,150,7,2024,4,1,Monday,2
2024-04-02,P001,Mumbai,996,151,718,150,3,2024,4,2,Tuesday,2
2024-04-02,P002,Bengaluru,318,273,676,150,8,2024,4,2,Tuesday,2
2024-04-02,P003,Kolkata,857,206,578,150,3,2024,4,2,Tuesday,2
2024-04-02,P004,Kolkata,953,74,548,150,9,2024,4,2,Tuesday,2
2024-04-02,P005,Kolkata,874,118,283,150,6,2024,4,2,Tuesday,2
2024-04-02,P006,Mumbai,487,292,740,150,10,2024,4,2,Tuesday,2
2024-04-03,P001,Delhi,562,177,964,150,2,2024,4,3,Wednesday,2
2024-04-03,P002,Mumbai,209,285,518,150,2,2024,4,3,Wednesday,2
2024-04-03,P003,Kolkata,557,11,831,150,4,2024,4,3,Wednesday,2
2024-04-03,P004,Bengaluru,865,108,535,150,10,2024,4,3,Wednesday,2
2024-04-03,P005,Hyderabad,667,199,867,150,2,2024,4,3,Wednesday,2
2024-04-03,P006,Delhi,615,111,369,150,6,2024,4,3,Wednesday,2
2024-04-04,P001,Delhi,247,266,134,150,5,2024,4,4,Thursday,2
2024-04-04,P002,Delhi,466,265,700,150,3,2024,4,4,Thursday,2
2024-04-04,P003,Hyderabad,777,162,578,150,3,2024,4,4,Thursday,2
2024-04-04,P004,Mumbai,822,55,367,150,3,2024,4,4,Thursday,2
2024-04-04,P005,Delhi,222,76,497,150,9,2024,4,4,Thursday,2
2024-04-04,P006,Bengaluru,533,261,705,150,5,2024,4,4,Thursday,2
2024-04-05,P001,Mumbai,961,24,553,150,3,2024,4,5,Friday,2
2024-04-05,P002,Bengaluru,208,244,559,150,9,2024,4,5,Friday,2
2024-04-05,P003,Hyderabad,657,250,331,150,2,2024,4,5,Friday,2
2024-04-05,P004,Mumbai,731,287,726,150,10,2024,4,5,Friday,2
2024-04-05,P005,Bengaluru,892,203,254,150,3,2024,4,5,Friday,2
2024-04-05,P006,Hyderabad,990,95,792,150,3,2024,4,5,Friday,2
2024-04-06,P001,Kolkata,872,213,302,150,6,2024,4,6,Saturday,2
2024-04-06,P002,Bengaluru,284,275,610,150,7,2024,4,6,Saturday,2
2024-04-06,P003,Kolkata,669,82,959,150,9,2024,4,6,Saturday,2
2024-04-06,P004,Bengaluru,878,260,245,150,10,2024,4,6,Saturday,2
2024-04-06,P005,Kolkata,944,84,927,150,2,2024,4,6,Saturday,2
2024-04-06,P006,Delhi,869,52,941,150,4,2024,4,6,Saturday,2
2024-04-07,P001,Delhi,205,36,379,150,6,2024,4,7,Sunday,2
2024-04-07,P002,Mumbai,913,278,782,150,10,2024,4,7,Sunday,2
2024-04-07,P003,Mumbai,206,278,828,150,2,2024,4,7,Sunday,2
2024-04-07,P004,Kolkata,936,220,198,150,9,2024,4,7,Sunday,2
2024-04-07,P005,Delhi,296,17,194,150,8,2024,4,7,Sunday,2
2024-04-07,P006,Bengaluru,337,190,695,150,4,2024,4,7,Sunday,2
2024-04-08,P001,Mumbai,729,128,852,150,10,2024,4,8,Monday,2
2024-04-08,P002,Delhi,294,127,690,150,2,2024,4,8,Monday,2
2024-04-08,P003,Delhi,815,58,807,150,3,2024,4,8,Monday,2
2024-04-08,P004,Bengaluru,408,43,741,150,8,2024,4,8,Monday,2
2024-04-08,P005,Hyderabad,734,26,886,150,10,2024,4,8,Monday,2
2024-04-08,P006,Bengaluru,674,175,139,150,5,2024,4,8,Monday,2
2024-04-09,P001,Delhi,622,42,156,150,6,2024,4,9,Tuesday,2
2024-04-09,P002,Kolkata,693,159,752,150,4,2024,4,9,Tuesday,2
2024-04-09,P003,Hyderabad,963,246,367,150,9,2024,4,9,Tuesday,2
2024-04-09,P004,Hyderabad,955,298,760,150,9,2024,4,9,Tuesday,2
2024-04-09,P005,Bengaluru,979,248,927,150,3,2024,4,9,Tuesday,2
2024-04-09,P006,Delhi,203,123,966,150,2,2024,4,9,Tuesday,2
2024-04-10,P001,Delhi,404,162,439,150,4,2024,4,10,Wednesday,2
2024-04-10,P002,Mumbai,599,280,176,150,5,2024,4,10,Wednesday,2
2024-04-10,P003,Bengaluru,412,0,205,150,8,2024,4,10,Wednesday,2
2024-04-10,P004,Delhi,475,282,926,150,3,2024,4,10,Wednesday,2
2024-04-10,P005,Mumbai,992,79,427,150,7,2024,4,10,Wednesday,2
2024-04-10,P006,Hyderabad,770,167,952,150,4,2024,4,10,Wednesday,2
2024-04-11,P001,Kolkata,450,199,541,150,9,2024,4,11,Thursday,2
2024-04-11,P002,Delhi,973,109,976,150,4,2024,4,11,Thursday,2
2024-04-11,P003,Hyderabad,848,25,824,150,8,2024,4,11,Thursday,2
2024-04-11,P004,Delhi,376,283,749,150,3,2024,4,11,Thursday,2
2024-04-11,P005,Mumbai,453,136,473,150,3,2024,4,11,Thursday,2
2024-04-11,P006,Bengaluru,883,231,432,150,5,2024,4,11,Thursday,2
2024-04-12,P001,Kolkata,814,270,248,150,4,2024,4,12,Friday,2
2024-04-12,P002,Hyderabad,586,217,124,150,8,2024,4,12,Friday,2
2024-04-12,P003,Bengaluru,617,132,970,150,2,2024,4,12,Friday,2
2024-04-12,P004,Bengaluru,956,286,305,150,7,2024,4,12,Friday,2
2024-04-12,P005,Kolkata,993,122,864,150,3,2024,4,12,Friday,2
2024-04-12,P006,Mumbai,999,259,250,150,7,2024,4,12,Friday,2
2024-04-13,P001,Bengaluru,403,18,498,150,10,2024,4,13,Saturday,2
2024-04-13,P002,Hyderabad,740,22,957,150,8,2024,4,13,Saturday,2
2024-04-13,P003,Hyderabad,696,75,815,150,9,2024,4,13,Saturday,2
2024-04-13,P004,Kolkata,946,288,903,150,3,2024,4,13,Saturday,2
2024-04-13,P005,Bengaluru,714,119,468,150,7,2024,4,13,Saturday,2
2024-04-13,P006,Kolkata,777,224,792,150,6,2024,4,13,Saturday,2
2024-04-14,P001,Hyderabad,613,72,811,150,9,2024,4,14,Sunday,2
2024-04-14,P002,Kolkata,536,265,160,150,10,2024,4,14,Sunday,2
2024-04-14,P003,Mumbai,939,253,158,150,7,2024,4,14,Sunday,2
2024-04-14,P004,Kolkata,829,120,558,150,8,2024,4,14,Sunday,2
2024-04-14,P005,Kolkata,861,231,501,150,4,2024,4,14,Sunday,2
2024-04-14,P006,Kolkata,974,117,397,150,4,2024,4,14,Sunday,2
2024-04-15,P001,Delhi,486,34,329,150,8,2024,4,15,Monday,2
2024-04-15,P002,Hyderabad,376,16,750,150,6,2024,4,15,Monday,2
2024-04-15,P003,Mumbai,610,270,728,150,8,2024,4,15,Monday,2
2024-04-15,P004,Delhi,523,175,461,150,2,2024,4,15,Monday,2
2024-04-15,P005,Hyderabad,690,110,430,150,4,2024,4,15,Monday,2
2024-04-15,P006,Mumbai,926,135,753,150,4,2024,4,15,Monday,2
2024-04-16,P001,Hyderabad,756,150,336,150,4,2024,4,16,Tuesday,2
2024-04-16,P002,Mumbai,924,117,177,150,7,2024,4,16,Tuesday,2
2024-04-16,P003,Kolkata,230,115,235,150,6,2024,4,16,Tuesday,2
2024-04-16,P004,Hyderabad,470,48,848,150,7,2024,4,16,Tuesday,2
2024-04-16,P005,Hyderabad,959,119,660,150,3,2024,4,16,Tuesday,2
2024-04-16,P006,Kolkata,321,213,799,150,7,2024,4,16,Tuesday,2
2024-04-17,P001,Mumbai,956,41,537,150,9,2024,4,17,Wednesday,2
2024-04-17,P002,Kolkata,765,214,558,150,8,2024,4,17,Wednesday,2
2024-04-17,P003,Hyderabad,753,144,351,150,4,2024,4,17,Wednesday,2
2024-04-17,P004,Mumbai,637,19,561,150,7,2024,4,17,Wednesday,2
2024-04-17,P005,Hyderabad,825,259,177,150,3,2024,4,17,Wednesday,2
2024-04-17,P006,Hyderabad,861,214,834,150,6,2024,4,17,Wednesday,2
2024-04-18,P001,Kolkata,518,69,606,150,5,2024,4,18,Thursday,2
2024-04-18,P002,Hyderabad,604,73,797,150,5,2024,4,18,Thursday,2
2024-04-18,P003,Bengaluru,250,294,302,150,6,2024,4,18,Thursday,2
2024-04-18,P004,Delhi,892,42,299,150,7,2024,4,18,Thursday,2
2024-04-18,P005,Kolkata,906,212,999,150,4,2024,4,18,Thursday,2
2024-04-18,P006,Bengaluru,349,138,311,150,8,2024,4,18,Thursday,2
2024-04-19,P001,Delhi,945,175,748,150,6,2024,4,19,Friday,2
2024-04-19,P002,Kolkata,452,68,454,150,9,2024,4,19,Friday,2
2024-04-19,P003,Bengaluru,597,239,585,150,5,2024,4,19,Friday,2
2024-04-19,P004,Delhi,746,298,420,150,10,2024,4,19,Friday,2
2024-04-19,P005,Mumbai,436,277,650,150,7,2024,4,19,Friday,2
2024-04-19,P006,Kolkata,278,219,168,150,3,2024,4,19,Friday,2
2024-04-20,P001,Mumbai,843,237,924,150,2,2024,4,20,Saturday,2
2024-04-20,P002,Mumbai,870,79,107,150,8,2024,4,20,Saturday,2
2024-04-20,P003,Hyderabad,876,200,353,150,10,2024,4,20,Saturday,2
2024-04-20,P004,Hyderabad,963,269,570,150,10,2024,4,20,Saturday,2
2024-04-20,P005,Delhi,293,156,766,150,4,2024,4,20,Saturday,2
2024-04-20,P006,Hyderabad,752,104,153,150,10,2024,4,20,Saturday,2
2024-04-21,P001,Bengaluru,543,192,424,150,2,2024,4,21,Sunday,2
2024-04-21,P002,Hyderabad,342,122,592,150,8,2024,4,21,Sunday,2
2024-04-21,P003,Kolkata,283,0,424,150,9,2024,4,21,Sunday,2
2024-04-21,P004,Mumbai,372,39,480,150,5,2024,4,21,Sunday,2
2024-04-21,P005,Kolkata,679,23,598,150,6,2024,4,21,Sunday,2
2024-04-21,P006,Bengaluru,929,270,323,150,9,2024,4,21,Sunday,2
2024-04-22,P001,Kolkata,264,169,313,150,6,2024,4,22,Monday,2
2024-04-22,P002,Bengaluru,546,92,383,150,10,2024,4,22,Monday,2
2024-04-22,P003,Mumbai,335,161,509,150,7,2024,4,22,Monday,2
2024-04-22,P004,Hyderabad,970,29,161,150,3,2024,4,22,Monday,2
2024-04-22,P005,Kolkata,721,236,472,150,10,2024,4,22,Monday,2
2024-04-22,P006,Bengaluru,374,223,563,150,8,2024,4,22,Monday,2
2024-04-23,P001,Mumbai,419,214,853,150,6,2024,4,23,Tuesday,2
2024-04-23,P002,Delhi,545,130,414,150,5,2024,4,23,Tuesday,2
2024-04-23,P003,Delhi,438,282,379,150,9,2024,4,23,Tuesday,2
2024-04-23,P004,Hyderabad,486,123,198,150,9,2024,4,23,Tuesday,2
2024-04-23,P005,Delhi,366,236,482,150,4,2024,4,23,Tuesday,2
2024-04-23,P006,Delhi,697,232,735,150,5,2024,4,23,Tuesday,2
2024-04-24,P001,Bengaluru,329,290,698,150,10,2024,4,24,Wednesday,2
2024-04-24,P002,Hyderabad,490,253,113,150,6,2024,4,24,Wednesday,2
2024-04-24,P003,Bengaluru,333,157,209,150,3,2024,4,24,Wednesday,2
2024-04-24,P004,Hyderabad,782,198,192,150,8,2024,4,24,Wednesday,2
2024-04-24,P005,Mumbai,748,113,132,150,2,2024,4,24,Wednesday,2
2024-04-24,P006,Bengaluru,233,83,724,150,4,2024,4,24,Wednesday,2
2024-04-25,P001,Kolkata,737,67,270,150,10,2024,4,25,Thursday,2
2024-04-25,P002,Kolkata,293,61,565,150,6,2024,4,25,Thursday,2
2024-04-25,P003,Kolkata,470,60,777,150,7,2024,4,25,Thursday,2
2024-04-25,P004,Delhi,333,39,892,150,6,2024,4,25,Thursday,2
2024-04-25,P005,Mumbai,906,121,482,150,7,2024,4,25,Thursday,2
2024-04-25,P006,Mumbai,563,201,389,150,8,2024,4,25,Thursday,2
2024-04-26,P001,Delhi,913,80,741,150,7,2024,4,26,Friday,2
2024-04-26,P002,Bengaluru,505,122,870,150,10,2024,4,26,Friday,2
2024-04-26,P003,Delhi,986,226,634,150,7,2024,4,26,Friday,2
2024-04-26,P004,Mumbai,403,48,200,150,3,2024,4,26,Friday,2
2024-04-26,P005,Kolkata,202,137,753,150,10,2024,4,26,Friday,2
2024-04-26,P006,Delhi,909,274,701,150,10,2024,4,26,Friday,2
2024-04-27,P001,Kolkata,911,172,954,150,5,2024,4,27,Saturday,2
2024-04-27,P002,Delhi,882,95,887,150,4,2024,4,27,Saturday,2
2024-04-27,P003,Kolkata,624,55,386,150,8,2024,4,27,Saturday,2
2024-04-27,P004,Mumbai,489,173,985,150,3,2024,4,27,Saturday,2
2024-04-27,P005,Kolkata,845,95,437,150,9,2024,4,27,Saturday,2
2024-04-27,P006,Bengaluru,341,196,552,150,6,2024,4,27,Saturday,2
2024-04-28,P001,Kolkata,255,206,136,150,2,2024,4,28,Sunday,2
2024-04-28,P002,Bengaluru,706,38,785,150,4,2024,4,28,Sunday,2
2024-04-28,P003,Hyderabad,430,141,644,150,7,2024,4,28,Sunday,2
2024-04-28,P004,Kolkata,615,67,307,150,7,2024,4,28,Sunday,2
2024-04-28,P005,Mumbai,751,97,722,150,2,2024,4,28,Sunday,2
2024-04-28,P006,Kolkata,219,279,132,150,3,2024,4,28,Sunday,2
2024-04-29,P001,Bengaluru,369,30,287,150,4,2024,4,29,Monday,2
2024-04-29,P002,Bengaluru,854,54,282,150,4,2024,4,29,Monday,2
2024-04-29,P003,Delhi,791,229,294,150,9,2024,4,29,Monday,2
2024-04-29,P004,Bengaluru,520,221,805,150,9,2024,4,29,Monday,2
2024-04-29,P005,Mumbai,261,15,605,150,4,2024,4,29,Monday,2
2024-04-29,P006,Hyderabad,860,59,188,150,8,2024,4,29,Monday,2
2024-04-30,P001,Delhi,441,103,870,150,10,2024,4,30,Tuesday,2
2024-04-30,P002,Bengaluru,747,240,836,150,6,2024,4,30,Tuesday,2
2024-04-30,P003,Delhi,535,110,816,150,3,2024,4,30,Tuesday,2
2024-04-30,P004,Bengaluru,528,153,582,150,9,2024,4,30,Tuesday,2
2024-04-30,P005,Kolkata,543,118,598,150,3,2024,4,30,Tuesday,2
2024-04-30,P006,Delhi,843,251,428,150,9,2024,4,30,Tuesday,2
2024-05-01,P001,Kolkata,350,267,228,150,3,2024,5,1,Wednesday,2
2024-05-01,P002,Bengaluru,482,262,906,150,3,2024,5,1,Wednesday,2
2024-05-01,P003,Delhi,208,42,149,150,3,2024,5,1,Wednesday,2
2024-05-01,P004,Bengaluru,713,239,504,150,7,2024,5,1,Wednesday,2
2024-05-01,P005,Kolkata,627,204,759,150,8,2024,5,1,Wednesday,2
2024-05-01,P006,Delhi,529,54,323,150,7,2024,5,1,Wednesday,2
2024-05-02,P001,Hyderabad,460,281,678,150,7,2024,5,2,Thursday,2
2024-05-02,P002,Hyderabad,539,244,369,150,4,2024,5,2,Thursday,2
2024-05-02,P003,Mumbai,640,288,741,150,10,2024,5,2,Thursday,2
2024-05-02,P004,Hyderabad,785,43,202,150,10,2024,5,2,Thursday,2
2024-05-02,P005,Mumbai,399,253,978,150,9,2024,5,2,Thursday,2
2024-05-02,P006,Mumbai,661,148,766,150,3,2024,5,2,Thursday,2
2024-05-03,P001,Bengaluru,950,169,235,150,3,2024,5,3,Friday,2
2024-05-03,P002,Kolkata,881,299,479,150,3,2024,5,3,Friday,2
2024-05-03,P003,Delhi,564,262,717,150,4,2024,5,3,Friday,2
2024-05-03,P004,Bengaluru,235,162,487,150,2,2024,5,3,Friday,2
2024-05-03,P005,Bengaluru,893,151,274,150,7,2024,5,3,Friday,2
2024-05-03,P006,Hyderabad,477,169,232,150,10,2024,5,3,Friday,2
2024-05-04,P001,Bengaluru,337,74,534,150,10,2024,5,4,Saturday,2
2024-05-04,P002,Mumbai,529,254,678,150,5,2024,5,4,Saturday,2
2024-05-04,P003,Kolkata,610,282,763,150,2,2024,5,4,Saturday,2
2024-05-04,P004,Bengaluru,311,66,533,150,4,2024,5,4,Saturday,2
2024-05-04,P005,Bengaluru,302,223,862,150,10,2024,5,4,Saturday,2
2024-05-04,P006,Hyderabad,770,167,972,150,6,2024,5,4,Saturday,2
2024-05-05,P001,Hyderabad,261,96,931,150,9,2024,5,5,Sunday,2
2024-05-05,P002,Kolkata,309,264,743,150,5,2024,5,5,Sunday,2
2024-05-05,P003,Bengaluru,800,14,399,150,3,2024,5,5,Sunday,2
2024-05-05,P004,Kolkata,954,286,420,150,4,2024,5,5,Sunday,2
2024-05-05,P005,Delhi,339,209,137,150,8,2024,5,5,Sunday,2
2024-05-05,P006,Mumbai,800,135,195,150,3,2024,5,5,Sunday,2
2024-05-06,P001,Mumbai,637,237,698,150,2,2024,5,6,Monday,2
2024-05-06,P002,Bengaluru,476,158,596,150,8,2024,5,6,Monday,2
2024-05-06,P003,Mumbai,967,146,344,150,10,2024,5,6,Monday,2
2024-05-06,P004,Hyderabad,823,29,423,150,5,2024,5,6,Monday,2
2024-05-06,P005,Kolkata,452,224,495,150,4,2024,5,6,Monday,2
2024-05-06,P006,Bengaluru,581,126,247,150,5,2024,5,6,Monday,2
2024-05-07,P001,Mumbai,834,269,697,150,8,2024,5,7,Tuesday,2
2024-05-07,P002,Kolkata,989,55,215,150,7,2024,5,7,Tuesday,2
2024-05-07,P003,Kolkata,654,43,115,150,3,2024,5,7,Tuesday,2
2024-05-07,P004,Mumbai,666,92,163,150,8,2024,5,7,Tuesday,2
2024-05-07,P005,Bengaluru,438,72,537,150,6,2024,5,7,Tuesday,2
2024-05-07,P006,Kolkata,591,174,624,150,3,2024,5,7,Tuesday,2
2024-05-08,P001,Hyderabad,434,96,418,150,8,2024,5,8,Wednesday,2
2024-05-08,P002,Bengaluru,927,190,839,150,9,2024,5,8,Wednesday,2
2024-05-08,P003,Hyderabad,375,115,700,150,4,2024,5,8,Wednesday,2
2024-05-08,P004,Bengaluru,854,73,955,150,10,2024,5,8,Wednesday,2
2024-05-08,P005,Mumbai,772,68,308,150,10,2024,5,8,Wednesday,2
2024-05-08,P006,Kolkata,652,107,108,150,10,2024,5,8,Wednesday,2
2024-05-09,P001,Delhi,252,36,853,150,6,2024,5,9,Thursday,2
2024-05-09,P002,Bengaluru,624,280,712,150,5,2024,5,9,Thursday,2
2024-05-09,P003,Mumbai,571,206,571,150,5,2024,5,9,Thursday,2
2024-05-09,P004,Hyderabad,603,221,541,150,10,2024,5,9,Thursday,2
2024-05-09,P005,Hyderabad,859,299,474,150,7,2024,5,9,Thursday,2
2024-05-09,P006,Hyderabad,260,203,798,150,9,2024,5,9,Thursday,2
2024-05-10,P001,Delhi,273,185,482,150,9,2024,5,10,Friday,2
2024-05-10,P002,Delhi,559,41,674,150,7,2024,5,10,Friday,2
2024-05-10,P003,Bengaluru,277,133,762,150,8,2024,5,10,Friday,2
2024-05-10,P004,Kolkata,813,254,946,150,2,2024,5,10,Friday,2
2024-05-10,P005,Hyderabad,214,81,485,150,9,2024,5,10,Friday,2
2024-05-10,P006,Delhi,855,63,801,150,10,2024,5,10,Friday,2
2024-05-11,P001,Mumbai,612,17,379,150,5,2024,5,11,Saturday,2
2024-05-11,P002,Kolkata,879,263,568,150,8,2024,5,11,Saturday,2
2024-05-11,P003,Mumbai,610,125,662,150,6,2024,5,11,Saturday,2
2024-05-11,P004,Mumbai,615,183,526,150,9,2024,5,11,Saturday,2
2024-05-11,P005,Delhi,916,122,728,150,2,2024,5,11,Saturday,2
2024-05-11,P006,Kolkata,384,276,603,150,8,2024,5,11,Saturday,2
2024-05-12,P001,Bengaluru,771,262,314,150,6,2024,5,12,Sunday,2
2024-05-12,P002,Kolkata,552,253,927,150,3,2024,5,12,Sunday,2
2024-05-12,P003,Delhi,625,94,181,150,8,2024,5,12,Sunday,2
2024-05-12,P004,Mumbai,745,5,783,150,6,2024,5,12,Sunday,2
2024-05-12,P005,Mumbai,279,112,743,150,5,2024,5,12,Sunday,2
2024-05-12,P006,Delhi,595,45,491,150,9,2024,5,12,Sunday,2
2024-05-13,P001,Bengaluru,549,39,706,150,9,2024,5,13,Monday,2
2024-05-13,P002,Mumbai,204,6,700,150,6,2024,5,13,Monday,2
2024-05-13,P003,Hyderabad,592,152,242,150,5,2024,5,13,Monday,2
2024-05-13,P004,Bengaluru,337,135,244,150,5,2024,5,13,Monday,2
2024-05-13,P005,Hyderabad,290,141,610,150,2,2024,5,13,Monday,2
2024-05-13,P006,Kolkata,532,104,433,150,5,2024,5,13,Monday,2
2024-05-14,P001,Mumbai,362,198,892,150,10,2024,5,14,Tuesday,2
2024-05-14,P002,Bengaluru,363,47,531,150,7,2024,5,14,Tuesday,2
2024-05-14,P003,Delhi,678,267,486,150,3,2024,5,14,Tuesday,2
2024-05-14,P004,Bengaluru,407,204,379,150,8,2024,5,14,Tuesday,2
2024-05-14,P005,Hyderabad,473,290,683,150,6,2024,5,14,Tuesday,2
2024-05-14,P006,Delhi,741,108,668,150,9,2024,5,14,Tuesday,2
2024-05-15,P001,Kolkata,935,247,310,150,10,2024,5,15,Wednesday,2
2024-05-15,P002,Mumbai,901,295,437,150,7,2024,5,15,Wednesday,2
2024-05-15,P003,Mumbai,298,293,364,150,3,2024,5,15,Wednesday,2
2024-05-15,P004,Delhi,637,270,283,150,8,2024,5,15,Wednesday,2
2024-05-15,P005,Delhi,453,151,522,150,3,2024,5,15,Wednesday,2
2024-05-15,P006,Hyderabad,618,179,871,150,2,2024,5,15,Wednesday,2
2024-05-16,P001,Kolkata,348,176,674,150,5,2024,5,16,Thursday,2
2024-05-16,P002,Kolkata,568,157,805,150,7,2024,5,16,Thursday,2
2024-05-16,P003,Delhi,982,222,481,150,5,2024,5,16,Thursday,2
2024-05-16,P004,Bengaluru,465,194,718,150,5,2024,5,16,Thursday,2
2024-05-16,P005,Kolkata,526,196,924,150,7,2024,5,16,Thursday,2
2024-05-16,P006,Hyderabad,215,164,670,150,6,2024,5,16,Thursday,2
2024-05-17,P001,Delhi,444,112,340,150,5,2024,5,17,Friday,2
2024-05-17,P002,Delhi,454,278,766,150,10,2024,5,17,Friday,2
2024-05-17,P003,Delhi,483,152,124,150,7,2024,5,17,Friday,2
2024-05-17,P004,Bengaluru,582,266,321,150,2,2024,5,17,Friday,2
2024-05-17,P005,Mumbai,848,209,920,150,10,2024,5,17,Friday,2
2024-05-17,P006,Bengaluru,662,198,805,150,5,2024,5,17,Friday,2
2024-05-18,P001,Kolkata,595,282,777,150,7,2024,5,18,Saturday,2
2024-05-18,P002,Kolkata,497,50,944,150,2,2024,5,18,Saturday,2
2024-05-18,P003,Delhi,766,70,730,150,6,2024,5,18,Saturday,2
2024-05-18,P004,Kolkata,389,97,186,150,8,2024,5,18,Saturday,2
2024-05-18,P005,Bengaluru,900,208,858,150,5,2024,5,18,Saturday,2
2024-05-18,P006,Hyderabad,623,17,100,150,7,2024,5,18,Saturday,2
2024-05-19,P001,Bengaluru,761,212,344,150,9,2024,5,19,Sunday,2
2024-05-19,P002,Kolkata,327,262,765,150,2,2024,5,19,Sunday,2
2024-05-19,P003,Bengaluru,312,12,764,150,3,2024,5,19,Sunday,2
2024-05-19,P004,Hyderabad,428,42,480,150,5,2024,5,19,Sunday,2
2024-05-19,P005,Delhi,342,117,214,150,7,2024,5,19,Sunday,2
2024-05-19,P006,Delhi,297,201,421,150,9,2024,5,19,Sunday,2
2024-05-20,P001,Hyderabad,900,63,646,150,7,2024,5,20,Monday,2
2024-05-20,P002,Kolkata,852,134,189,150,7,2024,5,20,Monday,2
2024-05-20,P003,Hyderabad,482,20,141,150,8,2024,5,20,Monday,2
2024-05-20,P004,Hyderabad,688,241,562,150,7,2024,5,20,Monday,2
2024-05-20,P005,Kolkata,631,17,603,150,10,2024,5,20,Monday,2
2024-05-20,P006,Delhi,303,237,354,150,5,2024,5,20,Monday,2
2024-05-21,P001,Bengaluru,928,204,757,150,5,2024,5,21,Tuesday,2
2024-05-21,P002,Delhi,970,24,578,150,7,2024,5,21,Tuesday,2
2024-05-21,P003,Hyderabad,250,288,942,150,2,2024,5,21,Tuesday,2
2024-05-21,P004,Bengaluru,793,186,811,150,4,2024,5,21,Tuesday,2
2024-05-21,P005,Bengaluru,905,192,563,150,3,2024,5,21,Tuesday,2
2024-05-21,P006,Bengaluru,771,117,448,150,6,2024,5,21,Tuesday,2
2024-05-22,P001,Bengaluru,816,53,164,150,10,2024,5,22,Wednesday,2
2024-05-22,P002,Delhi,496,115,112,150,4,2024,5,22,Wednesday,2
2024-05-22,P003,Bengaluru,377,44,419,150,6,2024,5,22,Wednesday,2
2024-05-22,P004,Bengaluru,273,57,401,150,5,2024,5,22,Wednesday,2
2024-05-22,P005,Kolkata,490,193,487,150,4,2024,5,22,Wednesday,2
2024-05-22,P006,Hyderabad,368,133,510,150,10,2024,5,22,Wednesday,2
2024-05-23,P001,Bengaluru,450,296,589,150,9,2024,5,23,Thursday,2
2024-05-23,P002,Delhi,957,14,271,150,5,2024,5,23,Thursday,2
2024-05-23,P003,Bengaluru,734,76,378,150,8,2024,5,23,Thursday,2
2024-05-23,P004,Delhi,681,84,385,150,10,2024,5,23,Thursday,2
2024-05-23,P005,Delhi,562,171,125,150,2,2024,5,23,Thursday,2
2024-05-23,P006,Delhi,497,170,774,150,8,2024,5,23,Thursday,2
2024-05-24,P001,Bengaluru,990,180,210,150,5,2024,5,24,Friday,2
2024-05-24,P002,Delhi,741,101,130,150,6,2024,5,24,Friday,2
2024-05-24,P003,Kolkata,465,134,309,150,7,2024,5,24,Friday,2
2024-05-24,P004,Bengaluru,451,136,428,150,5,2024,5,24,Friday,2
2024-05-24,P005,Hyderabad,957,247,272,150,6,2024,5,24,Friday,2
2024-05-24,P006,Mumbai,849,22,100,150,4,2024,5,24,Friday,2
2024-05-25,P001,Bengaluru,319,180,912,150,3,2024,5,25,Saturday,2
2024-05-25,P002,Delhi,769,113,252,150,8,2024,5,25,Saturday,2
2024-05-25,P003,Kolkata,635,295,203,150,7,2024,5,25,Saturday,2
2024-05-25,P004,Bengaluru,905,23,893,150,3,2024,5,25,Saturday,2
2024-05-25,P005,Kolkata,330,187,634,150,6,2024,5,25,Saturday,2
2024-05-25,P006,Hyderabad,410,289,169,150,6,2024,5,25,Saturday,2
2024-05-26,P001,Kolkata,359,71,867,150,4,2024,5,26,Sunday,2
2024-05-26,P002,Delhi,568,213,349,150,10,2024,5,26,Sunday,2
2024-05-26,P003,Hyderabad,678,51,887,150,10,2024,5,26,Sunday,2
2024-05-26,P004,Hyderabad,324,46,986,150,6,2024,5,26,Sunday,2
2024-05-26,P005,Hyderabad,273,275,420,150,2,2024,5,26,Sunday,2
2024-05-26,P006,Bengaluru,745,30,232,150,3,2024,5,26,Sunday,2
2024-05-27,P001,Delhi,919,149,145,150,5,2024,5,27,Monday,2
2024-05-27,P002,Hyderabad,891,177,896,150,7,2024,5,27,Monday,2
2024-05-27,P003,Delhi,913,101,824,150,9,2024,5,27,Monday,2
2024-05-27,P004,Hyderabad,939,134,875,150,3,2024,5,27,Monday,2
2024-05-27,P005,Delhi,475,40,945,150,10,2024,5,27,Monday,2
2024-05-27,P006,Bengaluru,672,32,157,150,10,2024,5,27,Monday,2
2024-05-28,P001,Bengaluru,717,38,552,150,9,2024,5,28,Tuesday,2
2024-05-28,P002,Mumbai,774,262,687,150,2,2024,5,28,Tuesday,2
2024-05-28,P003,Kolkata,780,206,752,150,9,2024,5,28,Tuesday,2
2024-05-28,P004,Delhi,715,53,953,150,2,2024,5,28,Tuesday,2
2024-05-28,P005,Mumbai,396,247,346,150,3,2024,5,28,Tuesday,2
2024-05-28,P006,Delhi,283,283,653,150,7,2024,5,28,Tuesday,2
2024-05-29,P001,Bengaluru,629,215,785,150,9,2024,5,29,Wednesday,2
2024-05-29,P002,Delhi,720,149,523,150,9,2024,5,29,Wednesday,2
2024-05-29,P003,Delhi,820,183,988,150,2,2024,5,29,Wednesday,2
2024-05-29,P004,Mumbai,954,92,669,150,6,2024,5,29,Wednesday,2
2024-05-29,P005,Mumbai,261,283,394,150,6,2024,5,29,Wednesday,2
2024-05-29,P006,Delhi,647,223,698,150,6,2024,5,29,Wednesday,2
2024-05-30,P001,Bengaluru,846,150,268,150,8,2024,5,30,Thursday,2
2024-05-30,P002,Delhi,593,190,855,150,10,2024,5,30,Thursday,2
2024-05-30,P003,Delhi,813,32,818,150,4,2024,5,30,Thursday,2
2024-05-30,P004,Hyderabad,330,283,876,150,9,2024,5,30,Thursday,2
2024-05-30,P005,Kolkata,980,133,593,150,6,2024,5,30,Thursday,2
2024-05-30,P006,Delhi,876,9,760,150,5,2024,5,30,Thursday,2
2024-05-31,P001,Hyderabad,507,230,243,150,5,2024,5,31,Friday,2
2024-05-31,P002,Mumbai,438,151,243,150,3,2024,5,31,Friday,2
2024-05-31,P003,Kolkata,321,151,493,150,4,2024,5,31,Friday,2
2024-05-31,P004,Kolkata,218,117,192,150,4,2024,5,31,Friday,2
2024-05-31,P005,Bengaluru,565,267,750,150,2,2024,5,31,Friday,2
2024-05-31,P006,Hyderabad,331,94,360,150,5,2024,5,31,Friday,2
2024-06-01,P001,Delhi,904,163,632,150,7,2024,6,1,Saturday,2
2024-06-01,P002,Hyderabad,534,154,529,150,9,2024,6,1,Saturday,2
2024-06-01,P003,Kolkata,281,27,164,150,5,2024,6,1,Saturday,2
2024-06-01,P004,Hyderabad,249,149,344,150,5,2024,6,1,Saturday,2
2024-06-01,P005,Mumbai,540,21,926,150,7,2024,6,1,Saturday,2
2024-06-01,P006,Kolkata,933,51,421,150,2,2024,6,1,Saturday,2
2024-06-02,P001,Kolkata,208,195,179,150,10,2024,6,2,Sunday,2
2024-06-02,P002,Mumbai,627,209,928,150,8,2024,6,2,Sunday,2
2024-06-02,P003,Delhi,981,96,592,150,2,2024,6,2,Sunday,2
2024-06-02,P004,Delhi,912,215,605,150,4,2024,6,2,Sunday,2
2024-06-02,P005,Hyderabad,314,283,757,150,6,2024,6,2,Sunday,2
2024-06-02,P006,Kolkata,355,146,919,150,2,2024,6,2,Sunday,2
2024-06-03,P001,Bengaluru,765,86,462,150,9,2024,6,3,Monday,2
2024-06-03,P002,Hyderabad,479,144,315,150,5,2024,6,3,Monday,2
2024-06-03,P003,Delhi,980,53,611,150,8,2024,6,3,Monday,2
2024-06-03,P004,Hyderabad,640,251,640,150,5,2024,6,3,Monday,2
2024-06-03,P005,Bengaluru,841,153,715,150,4,2024,6,3,Monday,2
2024-06-03,P006,Kolkata,418,176,334,150,5,2024,6,3,Monday,2
2024-06-04,P001,Bengaluru,920,143,103,150,9,2024,6,4,Tuesday,2
2024-06-04,P002,Delhi,704,64,780,150,3,2024,6,4,Tuesday,2
2024-06-04,P003,Hyderabad,413,141,706,150,9,2024,6,4,Tuesday,2
2024-06-04,P004,Kolkata,770,79,374,150,5,2024,6,4,Tuesday,2
2024-06-04,P005,Bengaluru,270,0,155,150,7,2024,6,4,Tuesday,2
2024-06-04,P006,Mumbai,276,50,863,150,5,2024,6,4,Tuesday,2
2024-06-05,P001,Hyderabad,536,230,142,150,10,2024,6,5,Wednesday,2
2024-06-05,P002,Delhi,891,47,170,150,6,2024,6,5,Wednesday,2
2024-06-05,P003,Kolkata,521,90,483,150,5,2024,6,5,Wednesday,2
2024-06-05,P004,Delhi,247,64,543,150,9,2024,6,5,Wednesday,2
2024-06-05,P005,Delhi,757,297,718,150,5,2024,6,5,Wednesday,2
2024-06-05,P006,Kolkata,801,192,652,150,5,2024,6,5,Wednesday,2
2024-06-06,P001,Bengaluru,526,253,734,150,2,2024,6,6,Thursday,2
2024-06-06,P002,Delhi,922,58,792,150,3,2024,6,6,Thursday,2
2024-06-06,P003,Mumbai,522,259,321,150,9,2024,6,6,Thursday,2
2024-06-06,P004,Hyderabad,459,244,598,150,5,2024,6,6,Thursday,2
2024-06-06,P005,Mumbai,872,0,637,150,3,2024,6,6,Thursday,2
2024-06-06,P006,Mumbai,328,205,935,150,10,2024,6,6,Thursday,2
2024-06-07,P001,Bengaluru,926,220,550,150,4,2024,6,7,Friday,2
2024-06-07,P002,Hyderabad,301,76,936,150,3,2024,6,7,Friday,2
2024-06-07,P003,Hyderabad,601,103,416,150,4,2024,6,7,Friday,2
2024-06-07,P004,Bengaluru,254,70,657,150,3,2024,6,7,Friday,2
2024-06-07,P005,Delhi,954,45,838,150,9,2024,6,7,Friday,2
2024-06-07,P006,Hyderabad,468,154,481,150,10,2024,6,7,Friday,2
2024-06-08,P001,Bengaluru,837,70,764,150,9,2024,6,8,Saturday,2
2024-06-08,P002,Bengaluru,568,214,868,150,5,2024,6,8,Saturday,2
2024-06-08,P003,Delhi,392,209,305,150,7,2024,6,8,Saturday,2
2024-06-08,P004,Bengaluru,617,281,690,150,3,2024,6,8,Saturday,2
2024-06-08,P005,Hyderabad,467,74,235,150,6,2024,6,8,Saturday,2
2024-06-08,P006,Kolkata,924,52,114,150,9,2024,6,8,Saturday,2
2024-06-09,P001,Mumbai,352,211,369,150,3,2024,6,9,Sunday,2
2024-06-09,P002,Delhi,266,265,950,150,5,2024,6,9,Sunday,2
2024-06-09,P003,Kolkata,422,180,654,150,4,2024,6,9,Sunday,2
2024-06-09,P004,Delhi,961,17,875,150,7,2024,6,9,Sunday,2
2024-06-09,P005,Hyderabad,450,288,806,150,7,2024,6,9,Sunday,2
2024-06-09,P006,Kolkata,836,141,493,150,5,2024,6,9,Sunday,2
2024-06-10,P001,Kolkata,486,272,935,150,9,2024,6,10,Monday,2
2024-06-10,P002,Bengaluru,293,9,266,150,2,2024,6,10,Monday,2
2024-06-10,P003,Mumbai,531,139,658,150,3,2024,6,10,Monday,2
2024-06-10,P004,Bengaluru,570,214,847,150,3,2024,6,10,Monday,2
2024-06-10,P005,Kolkata,462,135,457,150,2,2024,6,10,Monday,2
2024-06-10,P006,Kolkata,275,132,551,150,8,2024,6,10,Monday,2
2024-06-11,P001,Delhi,599,54,482,150,6,2024,6,11,Tuesday,2
2024-06-11,P002,Bengaluru,770,33,195,150,9,2024,6,11,Tuesday,2
2024-06-11,P003,Kolkata,430,65,556,150,7,2024,6,11,Tuesday,2
2024-06-11,P004,Delhi,570,269,310,150,9,2024,6,11,Tuesday,2
2024-06-11,P005,Hyderabad,281,265,717,150,3,2024,6,11,Tuesday,2
2024-06-11,P006,Kolkata,964,154,429,150,6,2024,6,11,Tuesday,2
2024-06-12,P001,Mumbai,564,40,282,150,2,2024,6,12,Wednesday,2
2024-06-12,P002,Hyderabad,285,27,897,150,6,2024,6,12,Wednesday,2
2024-06-12,P003,Kolkata,618,137,410,150,9,2024,6,12,Wednesday,2
2024-06-12,P004,Kolkata,394,163,781,150,6,2024,6,12,Wednesday,2
2024-06-12,P005,Delhi,640,74,744,150,2,2024,6,12,Wednesday,2
2024-06-12,P006,Hyderabad,493,149,112,150,3,2024,6,12,Wednesday,2
2024-06-13,P001,Mumbai,290,95,589,150,8,2024,6,13,Thursday,2
2024-06-13,P002,Bengaluru,836,30,207,150,2,2024,6,13,Thursday,2
2024-06-13,P003,Hyderabad,479,74,466,150,4,2024,6,13,Thursday,2
2024-06-13,P004,Kolkata,908,23,567,150,5,2024,6,13,Thursday,2
2024-06-13,P005,Kolkata,977,37,967,150,3,2024,6,13,Thursday,2
2024-06-13,P006,Hyderabad,771,181,894,150,9,2024,6,13,Thursday,2
2024-06-14,P001,Mumbai,858,25,127,150,10,2024,6,14,Friday,2
2024-06-14,P002,Mumbai,410,99,566,150,2,2024,6,14,Friday,2
2024-06-14,P003,Hyderabad,802,85,514,150,4,2024,6,14,Friday,2
2024-06-14,P004,Mumbai,569,260,566,150,3,2024,6,14,Friday,2
2024-06-14,P005,Kolkata,652,228,455,150,2,2024,6,14,Friday,2
2024-06-14,P006,Hyderabad,229,220,322,150,10,2024,6,14,Friday,2
2024-06-15,P001,Mumbai,622,275,743,150,4,2024,6,15,Saturday,2
2024-06-15,P002,Delhi,537,129,620,150,2,2024,6,15,Saturday,2
2024-06-15,P003,Bengaluru,891,107,774,150,8,2024,6,15,Saturday,2
2024-06-15,P004,Mumbai,965,88,817,150,10,2024,6,15,Saturday,2
2024-06-15,P005,Hyderabad,581,255,578,150,9,2024,6,15,Saturday,2
2024-06-15,P006,Delhi,878,53,195,150,5,2024,6,15,Saturday,2
2024-06-16,P001,Mumbai,806,97,494,150,5,2024,6,16,Sunday,2
2024-06-16,P002,Bengaluru,626,229,263,150,10,2024,6,16,Sunday,2
2024-06-16,P003,Mumbai,361,234,136,150,6,2024,6,16,Sunday,2
2024-06-16,P004,Kolkata,272,16,172,150,9,2024,6,16,Sunday,2
2024-06-16,P005,Kolkata,829,134,344,150,10,2024,6,16,Sunday,2
2024-06-16,P006,Mumbai,633,1,222,150,6,2024,6,16,Sunday,2
2024-06-17,P001,Mumbai,608,246,249,150,6,2024,6,17,Monday,2
2024-06-17,P002,Bengaluru,437,120,974,150,2,2024,6,17,Monday,2
2024-06-17,P003,Kolkata,270,8,108,150,10,2024,6,17,Monday,2
2024-06-17,P004,Bengaluru,745,83,877,150,9,2024,6,17,Monday,2
2024-06-17,P005,Delhi,970,75,341,150,10,2024,6,17,Monday,2
2024-06-17,P006,Mumbai,417,220,249,150,8,2024,6,17,Monday,2
2024-06-18,P001,Bengaluru,319,0,217,150,3,2024,6,18,Tuesday,2
2024-06-18,P002,Delhi,771,148,570,150,7,2024,6,18,Tuesday,2
2024-06-18,P003,Delhi,540,44,296,150,4,2024,6,18,Tuesday,2
2024-06-18,P004,Mumbai,920,103,648,150,9,2024,6,18,Tuesday,2
2024-06-18,P005,Bengaluru,536,77,900,150,5,2024,6,18,Tuesday,2
2024-06-18,P006,Delhi,931,89,779,150,3,2024,6,18,Tuesday,2
2024-06-19,P001,Bengaluru,451,158,802,150,2,2024,6,19,Wednesday,2
2024-06-19,P002,Bengaluru,641,127,145,150,5,2024,6,19,Wednesday,2
2024-06-19,P003,Mumbai,965,285,527,150,5,2024,6,19,Wednesday,2
2024-06-19,P004,Bengaluru,656,202,180,150,6,2024,6,19,Wednesday,2
2024-06-19,P005,Hyderabad,335,113,249,150,2,2024,6,19,Wednesday,2
2024-06-19,P006,Kolkata,489,174,973,150,6,2024,6,19,Wednesday,2
2024-06-20,P001,Bengaluru,684,116,311,150,9,2024,6,20,Thursday,2
2024-06-20,P002,Bengaluru,710,256,766,150,8,2024,6,20,Thursday,2
2024-06-20,P003,Delhi,320,179,861,150,4,2024,6,20,Thursday,2
2024-06-20,P004,Delhi,486,122,524,150,5,2024,6,20,Thursday,2
2024-06-20,P005,Hyderabad,757,67,629,150,5,2024,6,20,Thursday,2
2024-06-20,P006,Hyderabad,863,72,229,150,9,2024,6,20,Thursday,2
2024-06-21,P001,Mumbai,627,20,934,150,3,2024,6,21,Friday,2
2024-06-21,P002,Mumbai,361,93,948,150,2,2024,6,21,Friday,2
2024-06-21,P003,Mumbai,853,204,655,150,8,2024,6,21,Friday,2
2024-06-21,P004,Mumbai,483,232,428,150,5,2024,6,21,Friday,2
2024-06-21,P005,Delhi,405,200,791,150,5,2024,6,21,Friday,2
2024-06-21,P006,Delhi,260,226,557,150,9,2024,6,21,Friday,2
2024-06-22,P001,Kolkata,541,246,212,150,3,2024,6,22,Saturday,2
2024-06-22,P002,Kolkata,470,183,961,150,3,2024,6,22,Saturday,2
2024-06-22,P003,Mumbai,299,60,837,150,9,2024,6,22,Saturday,2
2024-06-22,P004,Delhi,474,91,624,150,9,2024,6,22,Saturday,2
2024-06-22,P005,Delhi,944,78,407,150,2,2024,6,22,Saturday,2
2024-06-22,P006,Bengaluru,874,9,407,150,6,2024,6,22,Saturday,2
2024-06-23,P001,Bengaluru,501,271,400,150,3,2024,6,23,Sunday,2
2024-06-23,P002,Mumbai,485,121,699,150,3,2024,6,23,Sunday,2
2024-06-23,P003,Hyderabad,257,209,237,150,3,2024,6,23,Sunday,2
2024-06-23,P004,Kolkata,547,268,354,150,6,2024,6,23,Sunday,2
2024-06-23,P005,Bengaluru,329,119,376,150,7,2024,6,23,Sunday,2
2024-06-23,P006,Mumbai,303,79,261,150,3,2024,6,23,Sunday,2
2024-06-24,P001,Kolkata,649,3,643,150,3,2024,6,24,Monday,2
2024-06-24,P002,Mumbai,715,21,368,150,3,2024,6,24,Monday,2
2024-06-24,P003,Delhi,343,288,767,150,4,2024,6,24,Monday,2
2024-06-24,P004,Bengaluru,282,142,496,150,4,2024,6,24,Monday,2
2024-06-24,P005,Kolkata,200,162,332,150,9,2024,6,24,Monday,2
2024-06-24,P006,Hyderabad,211,214,307,150,9,2024,6,24,Monday,2
2024-06-25,P001,Kolkata,255,30,617,150,3,2024,6,25,Tuesday,2
2024-06-25,P002,Delhi,425,130,816,150,10,2024,6,25,Tuesday,2
2024-06-25,P003,Hyderabad,800,190,203,150,7,2024,6,25,Tuesday,2
2024-06-25,P004,Kolkata,797,189,968,150,7,2024,6,25,Tuesday,2
2024-06-25,P005,Hyderabad,741,283,534,150,3,2024,6,25,Tuesday,2
2024-06-25,P006,Delhi,935,264,853,150,7,2024,6,25,Tuesday,2
2024-06-26,P001,Kolkata,835,18,583,150,3,2024,6,26,Wednesday,2
2024-06-26,P002,Kolkata,733,145,535,150,4,2024,6,26,Wednesday,2
2024-06-26,P003,Bengaluru,833,42,416,150,3,2024,6,26,Wednesday,2
2024-06-26,P004,Hyderabad,408,153,520,150,5,2024,6,26,Wednesday,2
2024-06-26,P005,Delhi,406,38,636,150,9,2024,6,26,Wednesday,2
2024-06-26,P006,Mumbai,546,97,891,150,10,2024,6,26,Wednesday,2
2024-06-27,P001,Bengaluru,948,82,280,150,7,2024,6,27,Thursday,2
2024-06-27,P002,Bengaluru,271,222,680,150,2,2024,6,27,Thursday,2
2024-06-27,P003,Mumbai,793,110,680,150,4,2024,6,27,Thursday,2
2024-06-27,P004,Hyderabad,539,238,262,150,8,2024,6,27,Thursday,2
2024-06-27,P005,Hyderabad,634,211,825,150,7,2024,6,27,Thursday,2
2024-06-27,P006,Hyderabad,450,211,727,150,9,2024,6,27,Thursday,2
2024-06-28,P001,Delhi,982,208,572,150,10,2024,6,28,Friday,2
2024-06-28,P002,Delhi,473,25,153,150,10,2024,6,28,Friday,2
2024-06-28,P003,Mumbai,521,4,194,150,6,2024,6,28,Friday,2
2024-06-28,P004,Hyderabad,543,90,361,150,2,2024,6,28,Friday,2
2024-06-28,P005,Kolkata,911,248,714,150,3,2024,6,28,Friday,2
2024-06-28,P006,Delhi,280,92,505,150,2,2024,6,28,Friday,2
2024-06-29,P001,Bengaluru,281,229,803,150,2,2024,6,29,Saturday,2
2024-06-29,P002,Delhi,619,250,316,150,8,2024,6,29,Saturday,2
2024-06-29,P003,Delhi,265,125,537,150,9,2024,6,29,Saturday,2
2024-06-29,P004,Delhi,495,132,574,150,8,2024,6,29,Saturday,2
2024-06-29,P005,Delhi,441,218,643,150,10,2024,6,29,Saturday,2
2024-06-29,P006,Bengaluru,543,291,917,150,3,2024,6,29,Saturday,2
2024-06-30,P001,Bengaluru,589,32,554,150,3,2024,6,30,Sunday,2
2024-06-30,P002,Delhi,572,32,145,150,3,2024,6,30,Sunday,2
2024-06-30,P003,Kolkata,627,238,362,150,3,2024,6,30,Sunday,2
2024-06-30,P004,Kolkata,820,21,864,150,6,2024,6,30,Sunday,2
2024-06-30,P005,Kolkata,949,124,154,150,2,2024,6,30,Sunday,2
2024-06-30,P006,Mumbai,696,108,767,150,8,2024,6,30,Sunday,2
2024-07-01,P001,Bengaluru,262,43,937,150,10,2024,7,1,Monday,3
2024-07-01,P002,Bengaluru,759,35,493,150,8,2024,7,1,Monday,3
2024-07-01,P003,Kolkata,631,126,805,150,7,2024,7,1,Monday,3
2024-07-01,P004,Hyderabad,587,193,743,150,9,2024,7,1,Monday,3
2024-07-01,P005,Mumbai,258,34,664,150,9,2024,7,1,Monday,3
2024-07-01,P006,Kolkata,674,77,641,150,6,2024,7,1,Monday,3
2024-07-02,P001,Delhi,633,112,728,150,4,2024,7,2,Tuesday,3
2024-07-02,P002,Mumbai,981,74,823,150,5,2024,7,2,Tuesday,3
2024-07-02,P003,Mumbai,964,43,871,150,7,2024,7,2,Tuesday,3
2024-07-02,P004,Bengaluru,223,110,754,150,10,2024,7,2,Tuesday,3
2024-07-02,P005,Mumbai,871,171,195,150,10,2024,7,2,Tuesday,3
2024-07-02,P006,Bengaluru,443,166,408,150,3,2024,7,2,Tuesday,3
2024-07-03,P001,Hyderabad,484,60,636,150,10,2024,7,3,Wednesday,3
2024-07-03,P002,Kolkata,915,267,776,150,5,2024,7,3,Wednesday,3
2024-07-03,P003,Kolkata,277,55,692,150,2,2024,7,3,Wednesday,3
2024-07-03,P004,Hyderabad,505,191,696,150,2,2024,7,3,Wednesday,3
2024-07-03,P005,Kolkata,480,210,694,150,5,2024,7,3,Wednesday,3
2024-07-03,P006,Mumbai,238,148,443,150,9,2024,7,3,Wednesday,3
2024-07-04,P001,Mumbai,535,39,915,150,10,2024,7,4,Thursday,3
2024-07-04,P002,Bengaluru,764,141,566,150,7,2024,7,4,Thursday,3
2024-07-04,P003,Hyderabad,504,258,935,150,9,2024,7,4,Thursday,3
2024-07-04,P004,Bengaluru,263,75,472,150,4,2024,7,4,Thursday,3
2024-07-04,P005,Bengaluru,475,46,609,150,2,2024,7,4,Thursday,3
2024-07-04,P006,Delhi,733,100,871,150,8,2024,7,4,Thursday,3
2024-07-05,P001,Delhi,727,197,895,150,10,2024,7,5,Friday,3
2024-07-05,P002,Mumbai,275,261,912,150,2,2024,7,5,Friday,3
2024-07-05,P003,Bengaluru,655,282,212,150,4,2024,7,5,Friday,3
2024-07-05,P004,Kolkata,227,118,799,150,3,2024,7,5,Friday,3
2024-07-05,P005,Mumbai,587,122,932,150,3,2024,7,5,Friday,3
2024-07-05,P006,Mumbai,214,162,503,150,2,2024,7,5,Friday,3
2024-07-06,P001,Delhi,771,26,670,150,9,2024,7,6,Saturday,3
2024-07-06,P002,Kolkata,439,78,663,150,3,2024,7,6,Saturday,3
2024-07-06,P003,Bengaluru,738,242,536,150,8,2024,7,6,Saturday,3
2024-07-06,P004,Mumbai,342,268,549,150,5,2024,7,6,Saturday,3
2024-07-06,P005,Hyderabad,840,158,220,150,8,2024,7,6,Saturday,3
2024-07-06,P006,Kolkata,558,177,282,150,10,2024,7,6,Saturday,3
2024-07-07,P001,Bengaluru,636,91,317,150,5,2024,7,7,Sunday,3
2024-07-07,P002,Mumbai,569,149,118,150,5,2024,7,7,Sunday,3
2024-07-07,P003,Kolkata,918,264,526,150,9,2024,7,7,Sunday,3
2024-07-07,P004,Hyderabad,668,220,120,150,3,2024,7,7,Sunday,3
2024-07-07,P005,Delhi,610,99,488,150,2,2024,7,7,Sunday,3
2024-07-07,P006,Bengaluru,956,89,241,150,2,2024,7,7,Sunday,3
2024-07-08,P001,Bengaluru,277,204,305,150,6,2024,7,8,Monday,3
2024-07-08,P002,Bengaluru,593,223,424,150,4,2024,7,8,Monday,3
2024-07-08,P003,Mumbai,876,197,856,150,6,2024,7,8,Monday,3
2024-07-08,P004,Bengaluru,550,263,227,150,3,2024,7,8,Monday,3
2024-07-08,P005,Bengaluru,284,129,767,150,7,2024,7,8,Monday,3
2024-07-08,P006,Kolkata,717,30,105,150,4,2024,7,8,Monday,3
2024-07-09,P001,Delhi,449,49,813,150,6,2024,7,9,Tuesday,3
2024-07-09,P002,Bengaluru,605,220,423,150,8,2024,7,9,Tuesday,3
2024-07-09,P003,Delhi,311,146,757,150,9,2024,7,9,Tuesday,3
2024-07-09,P004,Hyderabad,337,210,245,150,3,2024,7,9,Tuesday,3
2024-07-09,P005,Bengaluru,925,58,861,150,7,2024,7,9,Tuesday,3
2024-07-09,P006,Kolkata,936,215,880,150,9,2024,7,9,Tuesday,3
2024-07-10,P001,Delhi,495,69,677,150,10,2024,7,10,Wednesday,3
2024-07-10,P002,Bengaluru,652,292,810,150,10,2024,7,10,Wednesday,3
2024-07-10,P003,Delhi,473,135,133,150,9,2024,7,10,Wednesday,3
2024-07-10,P004,Delhi,845,181,915,150,3,2024,7,10,Wednesday,3
2024-07-10,P005,Hyderabad,592,132,815,150,6,2024,7,10,Wednesday,3
2024-07-10,P006,Mumbai,650,18,717,150,4,2024,7,10,Wednesday,3
2024-07-11,P001,Bengaluru,307,23,769,150,7,2024,7,11,Thursday,3
2024-07-11,P002,Kolkata,622,83,678,150,4,2024,7,11,Thursday,3
2024-07-11,P003,Delhi,476,8,626,150,7,2024,7,11,Thursday,3
2024-07-11,P004,Kolkata,849,51,747,150,3,2024,7,11,Thursday,3
2024-07-11,P005,Bengaluru,827,116,667,150,4,2024,7,11,Thursday,3
2024-07-11,P006,Hyderabad,935,213,116,150,2,2024,7,11,Thursday,3
2024-07-12,P001,Mumbai,470,263,133,150,9,2024,7,12,Friday,3
2024-07-12,P002,Bengaluru,948,71,380,150,5,2024,7,12,Friday,3
2024-07-12,P003,Kolkata,596,206,934,150,7,2024,7,12,Friday,3
2024-07-12,P004,Hyderabad,525,6,899,150,9,2024,7,12,Friday,3
2024-07-12,P005,Bengaluru,414,280,670,150,8,2024,7,12,Friday,3
2024-07-12,P006,Bengaluru,991,271,471,150,7,2024,7,12,Friday,3
2024-07-13,P001,Bengaluru,205,144,125,150,8,2024,7,13,Saturday,3
2024-07-13,P002,Mumbai,208,120,113,150,4,2024,7,13,Saturday,3
2024-07-13,P003,Hyderabad,371,136,261,150,5,2024,7,13,Saturday,3
2024-07-13,P004,Kolkata,771,77,745,150,9,2024,7,13,Saturday,3
2024-07-13,P005,Bengaluru,290,269,560,150,5,2024,7,13,Saturday,3
2024-07-13,P006,Kolkata,694,212,324,150,4,2024,7,13,Saturday,3
2024-07-14,P001,Hyderabad,423,247,318,150,9,2024,7,14,Sunday,3
2024-07-14,P002,Delhi,303,190,391,150,9,2024,7,14,Sunday,3
2024-07-14,P003,Bengaluru,409,172,256,150,6,2024,7,14,Sunday,3
2024-07-14,P004,Delhi,368,229,680,150,3,2024,7,14,Sunday,3
2024-07-14,P005,Mumbai,449,178,852,150,2,2024,7,14,Sunday,3
2024-07-14,P006,Kolkata,240,289,475,150,7,2024,7,14,Sunday,3
2024-07-15,P001,Bengaluru,932,28,489,150,3,2024,7,15,Monday,3
2024-07-15,P002,Delhi,265,267,305,150,4,2024,7,15,Monday,3
2024-07-15,P003,Delhi,623,103,960,150,2,2024,7,15,Monday,3
2024-07-15,P004,Bengaluru,477,292,862,150,9,2024,7,15,Monday,3
2024-07-15,P005,Hyderabad,566,219,694,150,8,2024,7,15,Monday,3
2024-07-15,P006,Delhi,946,55,878,150,4,2024,7,15,Monday,3
2024-07-16,P001,Hyderabad,738,34,132,150,7,2024,7,16,Tuesday,3
2024-07-16,P002,Hyderabad,959,75,383,150,10,2024,7,16,Tuesday,3
2024-07-16,P003,Bengaluru,525,266,594,150,9,2024,7,16,Tuesday,3
2024-07-16,P004,Delhi,601,149,401,150,5,2024,7,16,Tuesday,3
2024-07-16,P005,Mumbai,637,2,590,150,8,2024,7,16,Tuesday,3
2024-07-16,P006,Hyderabad,494,268,756,150,6,2024,7,16,Tuesday,3
2024-07-17,P001,Mumbai,553,132,193,150,10,2024,7,17,Wednesday,3
2024-07-17,P002,Delhi,601,212,457,150,4,2024,7,17,Wednesday,3
2024-07-17,P003,Hyderabad,955,135,543,150,5,2024,7,17,Wednesday,3
2024-07-17,P004,Bengaluru,773,60,188,150,9,2024,7,17,Wednesday,3
2024-07-17,P005,Hyderabad,484,227,892,150,9,2024,7,17,Wednesday,3
2024-07-17,P006,Kolkata,518,165,464,150,6,2024,7,17,Wednesday,3
2024-07-18,P001,Mumbai,359,260,575,150,3,2024,7,18,Thursday,3
2024-07-18,P002,Delhi,918,35,336,150,7,2024,7,18,Thursday,3
2024-07-18,P003,Bengaluru,420,194,920,150,5,2024,7,18,Thursday,3
2024-07-18,P004,Delhi,870,134,209,150,4,2024,7,18,Thursday,3
2024-07-18,P005,Hyderabad,992,240,355,150,5,2024,7,18,Thursday,3
2024-07-18,P006,Mumbai,448,151,190,150,3,2024,7,18,Thursday,3
2024-07-19,P001,Bengaluru,978,24,131,150,7,2024,7,19,Friday,3
2024-07-19,P002,Hyderabad,648,178,942,150,3,2024,7,19,Friday,3
2024-07-19,P003,Hyderabad,752,146,815,150,3,2024,7,19,Friday,3
2024-07-19,P004,Hyderabad,626,294,205,150,10,2024,7,19,Friday,3
2024-07-19,P005,Delhi,839,274,592,150,4,2024,7,19,Friday,3
2024-07-19,P006,Hyderabad,462,199,448,150,5,2024,7,19,Friday,3
2024-07-20,P001,Bengaluru,338,182,437,150,7,2024,7,20,Saturday,3
2024-07-20,P002,Bengaluru,389,48,223,150,8,2024,7,20,Saturday,3
2024-07-20,P003,Hyderabad,367,1,219,150,4,2024,7,20,Saturday,3
2024-07-20,P004,Delhi,461,213,204,150,4,2024,7,20,Saturday,3
2024-07-20,P005,Delhi,909,285,406,150,10,2024,7,20,Saturday,3
2024-07-20,P006,Bengaluru,501,2,693,150,7,2024,7,20,Saturday,3
2024-07-21,P001,Delhi,431,90,988,150,9,2024,7,21,Sunday,3
2024-07-21,P002,Bengaluru,777,82,738,150,3,2024,7,21,Sunday,3
2024-07-21,P003,Delhi,419,17,613,150,2,2024,7,21,Sunday,3
2024-07-21,P004,Bengaluru,408,92,236,150,4,2024,7,21,Sunday,3
2024-07-21,P005,Bengaluru,520,255,385,150,2,2024,7,21,Sunday,3
2024-07-21,P006,Bengaluru,687,265,616,150,5,2024,7,21,Sunday,3
2024-07-22,P001,Kolkata,769,89,312,150,8,2024,7,22,Monday,3
2024-07-22,P002,Delhi,735,210,685,150,10,2024,7,22,Monday,3
2024-07-22,P003,Hyderabad,510,272,916,150,5,2024,7,22,Monday,3
2024-07-22,P004,Delhi,217,1,403,150,7,2024,7,22,Monday,3
2024-07-22,P005,Hyderabad,727,113,265,150,2,2024,7,22,Monday,3
2024-07-22,P006,Mumbai,568,11,267,150,5,2024,7,22,Monday,3
2024-07-23,P001,Bengaluru,597,299,232,150,3,2024,7,23,Tuesday,3
2024-07-23,P002,Delhi,801,148,215,150,9,2024,7,23,Tuesday,3
2024-07-23,P003,Mumbai,636,64,441,150,2,2024,7,23,Tuesday,3
2024-07-23,P004,Kolkata,204,31,675,150,6,2024,7,23,Tuesday,3
2024-07-23,P005,Bengaluru,791,35,872,150,7,2024,7,23,Tuesday,3
2024-07-23,P006,Kolkata,552,233,969,150,6,2024,7,23,Tuesday,3
2024-07-24,P001,Delhi,777,276,731,150,8,2024,7,24,Wednesday,3
2024-07-24,P002,Delhi,614,178,442,150,10,2024,7,24,Wednesday,3
2024-07-24,P003,Delhi,337,247,816,150,10,2024,7,24,Wednesday,3
2024-07-24,P004,Mumbai,312,7,160,150,2,2024,7,24,Wednesday,3
2024-07-24,P005,Mumbai,529,122,754,150,9,2024,7,24,Wednesday,3
2024-07-24,P006,Hyderabad,217,207,561,150,2,2024,7,24,Wednesday,3
2024-07-25,P001,Delhi,989,299,180,150,8,2024,7,25,Thursday,3
2024-07-25,P002,Hyderabad,921,96,255,150,4,2024,7,25,Thursday,3
2024-07-25,P003,Delhi,898,106,886,150,4,2024,7,25,Thursday,3
2024-07-25,P004,Kolkata,467,30,816,150,4,2024,7,25,Thursday,3
2024-07-25,P005,Delhi,363,42,294,150,9,2024,7,25,Thursday,3
2024-07-25,P006,Hyderabad,553,68,862,150,8,2024,7,25,Thursday,3
2024-07-26,P001,Hyderabad,581,141,815,150,8,2024,7,26,Friday,3
2024-07-26,P002,Delhi,219,185,538,150,5,2024,7,26,Friday,3
2024-07-26,P003,Delhi,931,229,394,150,8,2024,7,26,Friday,3
2024-07-26,P004,Bengaluru,964,63,980,150,3,2024,7,26,Friday,3
2024-07-26,P005,Bengaluru,507,284,427,150,10,2024,7,26,Friday,3
2024-07-26,P006,Bengaluru,570,240,925,150,6,2024,7,26,Friday,3
2024-07-27,P001,Mumbai,947,153,797,150,6,2024,7,27,Saturday,3
2024-07-27,P002,Bengaluru,870,260,461,150,7,2024,7,27,Saturday,3
2024-07-27,P003,Delhi,958,216,595,150,6,2024,7,27,Saturday,3
2024-07-27,P004,Bengaluru,771,227,989,150,8,2024,7,27,Saturday,3
2024-07-27,P005,Delhi,868,285,513,150,2,2024,7,27,Saturday,3
2024-07-27,P006,Kolkata,452,29,850,150,2,2024,7,27,Saturday,3
2024-07-28,P001,Bengaluru,821,257,493,150,10,2024,7,28,Sunday,3
2024-07-28,P002,Delhi,274,32,888,150,7,2024,7,28,Sunday,3
2024-07-28,P003,Delhi,238,171,253,150,3,2024,7,28,Sunday,3
2024-07-28,P004,Hyderabad,543,105,256,150,8,2024,7,28,Sunday,3
2024-07-28,P005,Bengaluru,548,25,139,150,5,2024,7,28,Sunday,3
2024-07-28,P006,Mumbai,648,276,619,150,6,2024,7,28,Sunday,3
2024-07-29,P001,Kolkata,625,66,215,150,2,2024,7,29,Monday,3
2024-07-29,P002,Mumbai,963,238,615,150,6,2024,7,29,Monday,3
2024-07-29,P003,Mumbai,721,101,574,150,10,2024,7,29,Monday,3
2024-07-29,P004,Kolkata,320,101,775,150,6,2024,7,29,Monday,3
2024-07-29,P005,Bengaluru,331,39,657,150,5,2024,7,29,Monday,3
2024-07-29,P006,Bengaluru,790,91,521,150,5,2024,7,29,Monday,3
2024-07-30,P001,Mumbai,752,162,782,150,7,2024,7,30,Tuesday,3
2024-07-30,P002,Mumbai,476,172,218,150,5,2024,7,30,Tuesday,3
2024-07-30,P003,Kolkata,904,24,433,150,7,2024,7,30,Tuesday,3
2024-07-30,P004,Delhi,497,66,459,150,4,2024,7,30,Tuesday,3
2024-07-30,P005,Delhi,580,107,483,150,7,2024,7,30,Tuesday,3
2024-07-30,P006,Delhi,952,58,892,150,5,2024,7,30,Tuesday,3
2024-07-31,P001,Hyderabad,610,171,385,150,6,2024,7,31,Wednesday,3
2024-07-31,P002,Kolkata,866,101,284,150,2,2024,7,31,Wednesday,3
2024-07-31,P003,Delhi,377,11,528,150,9,2024,7,31,Wednesday,3
2024-07-31,P004,Hyderabad,315,4,270,150,10,2024,7,31,Wednesday,3
2024-07-31,P005,Delhi,755,38,577,150,5,2024,7,31,Wednesday,3
2024-07-31,P006,Delhi,565,203,874,150,2,2024,7,31,Wednesday,3
2024-08-01,P001,Delhi,703,204,550,150,3,2024,8,1,Thursday,3
2024-08-01,P002,Bengaluru,222,215,615,150,7,2024,8,1,Thursday,3
2024-08-01,P003,Mumbai,458,218,328,150,7,2024,8,1,Thursday,3
2024-08-01,P004,Delhi,999,100,357,150,6,2024,8,1,Thursday,3
2024-08-01,P005,Bengaluru,883,212,647,150,5,2024,8,1,Thursday,3
2024-08-01,P006,Bengaluru,469,274,240,150,9,2024,8,1,Thursday,3
2024-08-02,P001,Kolkata,954,291,414,150,3,2024,8,2,Friday,3
2024-08-02,P002,Bengaluru,903,139,412,150,7,2024,8,2,Friday,3
2024-08-02,P003,Delhi,720,275,152,150,2,2024,8,2,Friday,3
2024-08-02,P004,Delhi,787,82,554,150,10,2024,8,2,Friday,3
2024-08-02,P005,Delhi,919,59,367,150,9,2024,8,2,Friday,3
2024-08-02,P006,Mumbai,880,47,497,150,2,2024,8,2,Friday,3
2024-08-03,P001,Bengaluru,261,217,577,150,3,2024,8,3,Saturday,3
2024-08-03,P002,Mumbai,379,9,871,150,2,2024,8,3,Saturday,3
2024-08-03,P003,Hyderabad,770,37,996,150,3,2024,8,3,Saturday,3
2024-08-03,P004,Bengaluru,874,194,172,150,5,2024,8,3,Saturday,3
2024-08-03,P005,Kolkata,375,12,200,150,2,2024,8,3,Saturday,3
2024-08-03,P006,Mumbai,736,122,153,150,4,2024,8,3,Saturday,3
2024-08-04,P001,Bengaluru,983,204,1000,150,6,2024,8,4,Sunday,3
2024-08-04,P002,Delhi,529,15,938,150,9,2024,8,4,Sunday,3
2024-08-04,P003,Mumbai,220,106,772,150,10,2024,8,4,Sunday,3
2024-08-04,P004,Bengaluru,640,53,938,150,3,2024,8,4,Sunday,3
2024-08-04,P005,Hyderabad,256,10,300,150,8,2024,8,4,Sunday,3
2024-08-04,P006,Bengaluru,311,16,674,150,4,2024,8,4,Sunday,3
2024-08-05,P001,Delhi,688,46,836,150,10,2024,8,5,Monday,3
2024-08-05,P002,Hyderabad,781,145,679,150,5,2024,8,5,Monday,3
2024-08-05,P003,Kolkata,232,237,738,150,2,2024,8,5,Monday,3
2024-08-05,P004,Mumbai,220,216,688,150,9,2024,8,5,Monday,3
2024-08-05,P005,Delhi,729,207,472,150,6,2024,8,5,Monday,3
2024-08-05,P006,Mumbai,376,190,362,150,8,2024,8,5,Monday,3
2024-08-06,P001,Hyderabad,454,188,792,150,8,2024,8,6,Tuesday,3
2024-08-06,P002,Kolkata,688,216,329,150,9,2024,8,6,Tuesday,3
2024-08-06,P003,Hyderabad,424,287,824,150,4,2024,8,6,Tuesday,3
2024-08-06,P004,Mumbai,597,239,159,150,5,2024,8,6,Tuesday,3
2024-08-06,P005,Bengaluru,395,38,606,150,2,2024,8,6,Tuesday,3
2024-08-06,P006,Mumbai,599,51,501,150,8,2024,8,6,Tuesday,3
2024-08-07,P001,Mumbai,412,130,747,150,8,2024,8,7,Wednesday,3
2024-08-07,P002,Mumbai,678,135,400,150,10,2024,8,7,Wednesday,3
2024-08-07,P003,Mumbai,491,161,305,150,3,2024,8,7,Wednesday,3
2024-08-07,P004,Bengaluru,928,45,585,150,5,2024,8,7,Wednesday,3
2024-08-07,P005,Bengaluru,404,115,146,150,4,2024,8,7,Wednesday,3
2024-08-07,P006,Mumbai,932,75,876,150,9,2024,8,7,Wednesday,3
2024-08-08,P001,Kolkata,309,114,829,150,2,2024,8,8,Thursday,3
2024-08-08,P002,Mumbai,644,194,105,150,10,2024,8,8,Thursday,3
2024-08-08,P003,Kolkata,247,19,274,150,3,2024,8,8,Thursday,3
2024-08-08,P004,Delhi,846,275,679,150,10,2024,8,8,Thursday,3
2024-08-08,P005,Delhi,638,237,664,150,9,2024,8,8,Thursday,3
2024-08-08,P006,Kolkata,854,21,832,150,8,2024,8,8,Thursday,3
2024-08-09,P001,Hyderabad,974,58,842,150,6,2024,8,9,Friday,3
2024-08-09,P002,Kolkata,267,183,930,150,9,2024,8,9,Friday,3
2024-08-09,P003,Kolkata,291,43,291,150,4,2024,8,9,Friday,3
2024-08-09,P004,Bengaluru,315,276,927,150,6,2024,8,9,Friday,3
2024-08-09,P005,Delhi,279,190,577,150,2,2024,8,9,Friday,3
2024-08-09,P006,Kolkata,978,49,367,150,6,2024,8,9,Friday,3
2024-08-10,P001,Bengaluru,618,229,671,150,7,2024,8,10,Saturday,3
2024-08-10,P002,Mumbai,745,250,548,150,3,2024,8,10,Saturday,3
2024-08-10,P003,Hyderabad,560,8,711,150,2,2024,8,10,Saturday,3
2024-08-10,P004,Delhi,262,50,108,150,6,2024,8,10,Saturday,3
2024-08-10,P005,Delhi,452,87,527,150,3,2024,8,10,Saturday,3
2024-08-10,P006,Kolkata,526,53,739,150,10,2024,8,10,Saturday,3
2024-08-11,P001,Hyderabad,322,11,971,150,9,2024,8,11,Sunday,3
2024-08-11,P002,Bengaluru,842,9,764,150,8,2024,8,11,Sunday,3
2024-08-11,P003,Bengaluru,672,56,295,150,7,2024,8,11,Sunday,3
2024-08-11,P004,Mumbai,734,108,682,150,9,2024,8,11,Sunday,3
2024-08-11,P005,Mumbai,214,134,670,150,10,2024,8,11,Sunday,3
2024-08-11,P006,Delhi,603,190,915,150,7,2024,8,11,Sunday,3
2024-08-12,P001,Hyderabad,311,149,305,150,4,2024,8,12,Monday,3
2024-08-12,P002,Kolkata,546,4,997,150,9,2024,8,12,Monday,3
2024-08-12,P003,Bengaluru,405,51,614,150,7,2024,8,12,Monday,3
2024-08-12,P004,Kolkata,740,225,846,150,5,2024,8,12,Monday,3
2024-08-12,P005,Mumbai,575,137,580,150,10,2024,8,12,Monday,3
2024-08-12,P006,Delhi,395,32,481,150,10,2024,8,12,Monday,3
2024-08-13,P001,Kolkata,641,292,711,150,9,2024,8,13,Tuesday,3
2024-08-13,P002,Delhi,786,254,779,150,9,2024,8,13,Tuesday,3
2024-08-13,P003,Mumbai,281,217,629,150,3,2024,8,13,Tuesday,3
2024-08-13,P004,Hyderabad,977,13,597,150,7,2024,8,13,Tuesday,3
2024-08-13,P005,Mumbai,326,235,581,150,6,2024,8,13,Tuesday,3
2024-08-13,P006,Bengaluru,368,246,728,150,6,2024,8,13,Tuesday,3
2024-08-14,P001,Delhi,436,74,668,150,2,2024,8,14,Wednesday,3
2024-08-14,P002,Delhi,927,291,427,150,3,2024,8,14,Wednesday,3
2024-08-14,P003,Kolkata,928,158,245,150,10,2024,8,14,Wednesday,3
2024-08-14,P004,Delhi,384,59,753,150,8,2024,8,14,Wednesday,3
2024-08-14,P005,Mumbai,413,231,335,150,9,2024,8,14,Wednesday,3
2024-08-14,P006,Delhi,896,101,740,150,4,2024,8,14,Wednesday,3
2024-08-15,P001,Hyderabad,379,156,280,150,8,2024,8,15,Thursday,3
2024-08-15,P002,Delhi,475,250,310,150,2,2024,8,15,Thursday,3
2024-08-15,P003,Hyderabad,626,215,937,150,10,2024,8,15,Thursday,3
2024-08-15,P004,Mumbai,522,211,250,150,2,2024,8,15,Thursday,3
2024-08-15,P005,Kolkata,920,61,707,150,9,2024,8,15,Thursday,3
2024-08-15,P006,Kolkata,655,142,421,150,5,2024,8,15,Thursday,3
2024-08-16,P001,Bengaluru,229,51,357,150,9,2024,8,16,Friday,3
2024-08-16,P002,Delhi,852,183,437,150,3,2024,8,16,Friday,3
2024-08-16,P003,Mumbai,870,244,617,150,7,2024,8,16,Friday,3
2024-08-16,P004,Mumbai,728,167,662,150,8,2024,8,16,Friday,3
2024-08-16,P005,Kolkata,399,211,655,150,4,2024,8,16,Friday,3
2024-08-16,P006,Hyderabad,512,225,707,150,5,2024,8,16,Friday,3
2024-08-17,P001,Delhi,495,62,807,150,4,2024,8,17,Saturday,3
2024-08-17,P002,Mumbai,733,200,927,150,3,2024,8,17,Saturday,3
2024-08-17,P003,Kolkata,689,126,894,150,3,2024,8,17,Saturday,3
2024-08-17,P004,Kolkata,855,61,806,150,2,2024,8,17,Saturday,3
2024-08-17,P005,Bengaluru,642,103,310,150,10,2024,8,17,Saturday,3
2024-08-17,P006,Bengaluru,855,91,806,150,3,2024,8,17,Saturday,3
2024-08-18,P001,Kolkata,696,155,258,150,10,2024,8,18,Sunday,3
2024-08-18,P002,Kolkata,838,39,173,150,4,2024,8,18,Sunday,3
2024-08-18,P003,Mumbai,633,109,958,150,10,2024,8,18,Sunday,3
2024-08-18,P004,Bengaluru,344,10,549,150,4,2024,8,18,Sunday,3
2024-08-18,P005,Kolkata,924,56,120,150,10,2024,8,18,Sunday,3
2024-08-18,P006,Mumbai,499,261,492,150,6,2024,8,18,Sunday,3
2024-08-19,P001,Mumbai,904,184,342,150,3,2024,8,19,Monday,3
2024-08-19,P002,Mumbai,219,149,930,150,2,2024,8,19,Monday,3
2024-08-19,P003,Mumbai,795,227,446,150,8,2024,8,19,Monday,3
2024-08-19,P004,Kolkata,536,106,132,150,8,2024,8,19,Monday,3
2024-08-19,P005,Bengaluru,351,166,120,150,4,2024,8,19,Monday,3
2024-08-19,P006,Mumbai,300,4,156,150,3,2024,8,19,Monday,3
2024-08-20,P001,Hyderabad,246,33,628,150,8,2024,8,20,Tuesday,3
2024-08-20,P002,Kolkata,683,132,594,150,7,2024,8,20,Tuesday,3
2024-08-20,P003,Bengaluru,964,69,475,150,4,2024,8,20,Tuesday,3
2024-08-20,P004,Hyderabad,521,200,585,150,9,2024,8,20,Tuesday,3
2024-08-20,P005,Bengaluru,660,152,323,150,3,2024,8,20,Tuesday,3
2024-08-20,P006,Hyderabad,956,278,846,150,10,2024,8,20,Tuesday,3
2024-08-21,P001,Bengaluru,953,137,330,150,6,2024,8,21,Wednesday,3
2024-08-21,P002,Bengaluru,266,246,439,150,7,2024,8,21,Wednesday,3
2024-08-21,P003,Hyderabad,576,129,487,150,5,2024,8,21,Wednesday,3
2024-08-21,P004,Bengaluru,885,86,928,150,7,2024,8,21,Wednesday,3
2024-08-21,P005,Kolkata,667,189,379,150,4,2024,8,21,Wednesday,3
2024-08-21,P006,Hyderabad,995,67,430,150,3,2024,8,21,Wednesday,3
2024-08-22,P001,Kolkata,621,59,573,150,8,2024,8,22,Thursday,3
2024-08-22,P002,Bengaluru,744,295,900,150,5,2024,8,22,Thursday,3
2024-08-22,P003,Hyderabad,867,225,911,150,6,2024,8,22,Thursday,3
2024-08-22,P004,Hyderabad,260,277,998,150,7,2024,8,22,Thursday,3
2024-08-22,P005,Delhi,666,18,392,150,6,2024,8,22,Thursday,3
2024-08-22,P006,Delhi,954,270,969,150,6,2024,8,22,Thursday,3
2024-08-23,P001,Mumbai,326,105,310,150,10,2024,8,23,Friday,3
2024-08-23,P002,Kolkata,706,52,948,150,4,2024,8,23,Friday,3
2024-08-23,P003,Delhi,513,283,446,150,2,2024,8,23,Friday,3
2024-08-23,P004,Hyderabad,422,228,732,150,6,2024,8,23,Friday,3
2024-08-23,P005,Hyderabad,914,278,785,150,9,2024,8,23,Friday,3
2024-08-23,P006,Delhi,567,292,991,150,10,2024,8,23,Friday,3
2024-08-24,P001,Hyderabad,988,108,764,150,2,2024,8,24,Saturday,3
2024-08-24,P002,Kolkata,582,206,422,150,2,2024,8,24,Saturday,3
2024-08-24,P003,Kolkata,233,83,291,150,6,2024,8,24,Saturday,3
2024-08-24,P004,Mumbai,305,241,764,150,2,2024,8,24,Saturday,3
2024-08-24,P005,Hyderabad,531,13,365,150,6,2024,8,24,Saturday,3
2024-08-24,P006,Mumbai,716,27,596,150,5,2024,8,24,Saturday,3
2024-08-25,P001,Bengaluru,421,66,186,150,6,2024,8,25,Sunday,3
2024-08-25,P002,Bengaluru,599,163,156,150,4,2024,8,25,Sunday,3
2024-08-25,P003,Mumbai,869,11,550,150,8,2024,8,25,Sunday,3
2024-08-25,P004,Mumbai,267,244,839,150,5,2024,8,25,Sunday,3
2024-08-25,P005,Delhi,233,181,921,150,2,2024,8,25,Sunday,3
2024-08-25,P006,Delhi,737,215,512,150,3,2024,8,25,Sunday,3
2024-08-26,P001,Hyderabad,843,133,247,150,3,2024,8,26,Monday,3
2024-08-26,P002,Delhi,835,289,470,150,5,2024,8,26,Monday,3
2024-08-26,P003,Kolkata,496,129,113,150,9,2024,8,26,Monday,3
2024-08-26,P004,Mumbai,916,258,500,150,3,2024,8,26,Monday,3
2024-08-26,P005,Mumbai,906,0,810,150,4,2024,8,26,Monday,3
2024-08-26,P006,Kolkata,980,247,768,150,4,2024,8,26,Monday,3
2024-08-27,P001,Delhi,798,1,343,150,6,2024,8,27,Tuesday,3
2024-08-27,P002,Kolkata,376,276,501,150,10,2024,8,27,Tuesday,3
2024-08-27,P003,Bengaluru,842,209,830,150,2,2024,8,27,Tuesday,3
2024-08-27,P004,Bengaluru,460,141,728,150,7,2024,8,27,Tuesday,3
2024-08-27,P005,Kolkata,349,34,676,150,2,2024,8,27,Tuesday,3
2024-08-27,P006,Mumbai,466,237,554,150,9,2024,8,27,Tuesday,3
2024-08-28,P001,Delhi,601,265,172,150,6,2024,8,28,Wednesday,3
2024-08-28,P002,Delhi,792,206,374,150,2,2024,8,28,Wednesday,3
2024-08-28,P003,Mumbai,751,60,192,150,2,2024,8,28,Wednesday,3
2024-08-28,P004,Hyderabad,767,296,964,150,10,2024,8,28,Wednesday,3
2024-08-28,P005,Kolkata,944,135,314,150,2,2024,8,28,Wednesday,3
2024-08-28,P006,Mumbai,366,277,145,150,2,2024,8,28,Wednesday,3
2024-08-29,P001,Delhi,289,135,870,150,7,2024,8,29,Thursday,3
2024-08-29,P002,Kolkata,358,286,534,150,10,2024,8,29,Thursday,3
2024-08-29,P003,Kolkata,634,74,912,150,3,2024,8,29,Thursday,3
2024-08-29,P004,Bengaluru,830,152,267,150,3,2024,8,29,Thursday,3
2024-08-29,P005,Hyderabad,996,81,265,150,4,2024,8,29,Thursday,3
2024-08-29,P006,Mumbai,497,56,210,150,10,2024,8,29,Thursday,3
2024-08-30,P001,Bengaluru,474,151,344,150,9,2024,8,30,Friday,3
2024-08-30,P002,Mumbai,815,32,315,150,8,2024,8,30,Friday,3
2024-08-30,P003,Delhi,722,150,597,150,8,2024,8,30,Friday,3
2024-08-30,P004,Mumbai,279,261,167,150,8,2024,8,30,Friday,3
2024-08-30,P005,Delhi,493,105,462,150,10,2024,8,30,Friday,3
2024-08-30,P006,Delhi,450,46,432,150,8,2024,8,30,Friday,3
2024-08-31,P001,Kolkata,828,132,104,150,4,2024,8,31,Saturday,3
2024-08-31,P002,Bengaluru,656,147,451,150,4,2024,8,31,Saturday,3
2024-08-31,P003,Mumbai,759,83,359,150,4,2024,8,31,Saturday,3
2024-08-31,P004,Mumbai,200,56,628,150,9,2024,8,31,Saturday,3
2024-08-31,P005,Mumbai,877,91,452,150,10,2024,8,31,Saturday,3
2024-08-31,P006,Kolkata,213,148,235,150,4,2024,8,31,Saturday,3
2024-09-01,P001,Delhi,986,257,988,150,10,2024,9,1,Sunday,3
2024-09-01,P002,Kolkata,642,211,459,150,2,2024,9,1,Sunday,3
2024-09-01,P003,Kolkata,985,277,589,150,6,2024,9,1,Sunday,3
2024-09-01,P004,Bengaluru,892,72,340,150,8,2024,9,1,Sunday,3
2024-09-01,P005,Bengaluru,527,156,621,150,7,2024,9,1,Sunday,3
2024-09-01,P006,Mumbai,735,87,991,150,5,2024,9,1,Sunday,3
2024-09-02,P001,Kolkata,243,75,526,150,10,2024,9,2,Monday,3
2024-09-02,P002,Bengaluru,613,274,758,150,3,2024,9,2,Monday,3
2024-09-02,P003,Kolkata,618,16,828,150,4,2024,9,2,Monday,3
2024-09-02,P004,Kolkata,417,74,890,150,5,2024,9,2,Monday,3
2024-09-02,P005,Mumbai,516,117,318,150,9,2024,9,2,Monday,3
2024-09-02,P006,Mumbai,697,237,778,150,8,2024,9,2,Monday,3
2024-09-03,P001,Bengaluru,735,233,518,150,3,2024,9,3,Tuesday,3
2024-09-03,P002,Delhi,805,100,302,150,3,2024,9,3,Tuesday,3
2024-09-03,P003,Bengaluru,299,226,686,150,7,2024,9,3,Tuesday,3
2024-09-03,P004,Hyderabad,255,202,972,150,10,2024,9,3,Tuesday,3
2024-09-03,P005,Delhi,243,86,960,150,3,2024,9,3,Tuesday,3
2024-09-03,P006,Bengaluru,714,256,956,150,7,2024,9,3,Tuesday,3
2024-09-04,P001,Mumbai,988,263,194,150,4,2024,9,4,Wednesday,3
2024-09-04,P002,Hyderabad,958,154,289,150,6,2024,9,4,Wednesday,3
2024-09-04,P003,Delhi,893,102,856,150,7,2024,9,4,Wednesday,3
2024-09-04,P004,Mumbai,796,250,837,150,9,2024,9,4,Wednesday,3
2024-09-04,P005,Kolkata,328,128,243,150,7,2024,9,4,Wednesday,3
2024-09-04,P006,Hyderabad,943,227,446,150,5,2024,9,4,Wednesday,3
2024-09-05,P001,Delhi,658,44,302,150,3,2024,9,5,Thursday,3
2024-09-05,P002,Delhi,625,214,975,150,7,2024,9,5,Thursday,3
2024-09-05,P003,Hyderabad,590,9,797,150,9,2024,9,5,Thursday,3
2024-09-05,P004,Delhi,533,151,850,150,8,2024,9,5,Thursday,3
2024-09-05,P005,Bengaluru,949,110,220,150,7,2024,9,5,Thursday,3
2024-09-05,P006,Kolkata,934,129,239,150,10,2024,9,5,Thursday,3
2024-09-06,P001,Kolkata,438,106,793,150,8,2024,9,6,Friday,3
2024-09-06,P002,Kolkata,592,222,590,150,3,2024,9,6,Friday,3
2024-09-06,P003,Hyderabad,486,8,492,150,8,2024,9,6,Friday,3
2024-09-06,P004,Hyderabad,414,30,879,150,6,2024,9,6,Friday,3
2024-09-06,P005,Kolkata,201,131,926,150,6,2024,9,6,Friday,3
2024-09-06,P006,Bengaluru,260,292,466,150,6,2024,9,6,Friday,3
2024-09-07,P001,Hyderabad,455,300,534,150,6,2024,9,7,Saturday,3
2024-09-07,P002,Delhi,449,247,595,150,10,2024,9,7,Saturday,3
2024-09-07,P003,Hyderabad,763,299,764,150,6,2024,9,7,Saturday,3
2024-09-07,P004,Bengaluru,384,243,216,150,3,2024,9,7,Saturday,3
2024-09-07,P005,Mumbai,501,98,624,150,10,2024,9,7,Saturday,3
2024-09-07,P006,Kolkata,560,158,947,150,3,2024,9,7,Saturday,3
2024-09-08,P001,Kolkata,434,107,473,150,7,2024,9,8,Sunday,3
2024-09-08,P002,Kolkata,522,150,190,150,2,2024,9,8,Sunday,3
2024-09-08,P003,Mumbai,322,144,724,150,7,2024,9,8,Sunday,3
2024-09-08,P004,Hyderabad,837,33,121,150,9,2024,9,8,Sunday,3
2024-09-08,P005,Mumbai,866,77,555,150,2,2024,9,8,Sunday,3
2024-09-08,P006,Hyderabad,634,276,599,150,2,2024,9,8,Sunday,3
2024-09-09,P001,Mumbai,959,14,635,150,3,2024,9,9,Monday,3
2024-09-09,P002,Mumbai,981,179,919,150,6,2024,9,9,Monday,3
2024-09-09,P003,Delhi,921,300,333,150,8,2024,9,9,Monday,3
2024-09-09,P004,Mumbai,662,165,635,150,9,2024,9,9,Monday,3
2024-09-09,P005,Mumbai,941,194,768,150,5,2024,9,9,Monday,3
2024-09-09,P006,Hyderabad,911,294,503,150,4,2024,9,9,Monday,3
2024-09-10,P001,Mumbai,526,276,115,150,6,2024,9,10,Tuesday,3
2024-09-10,P002,Kolkata,664,209,980,150,6,2024,9,10,Tuesday,3
2024-09-10,P003,Delhi,416,36,506,150,3,2024,9,10,Tuesday,3
2024-09-10,P004,Mumbai,696,32,684,150,8,2024,9,10,Tuesday,3
2024-09-10,P005,Hyderabad,243,117,199,150,8,2024,9,10,Tuesday,3
2024-09-10,P006,Mumbai,672,191,549,150,4,2024,9,10,Tuesday,3
2024-09-11,P001,Kolkata,366,55,649,150,5,2024,9,11,Wednesday,3
2024-09-11,P002,Delhi,948,260,142,150,8,2024,9,11,Wednesday,3
2024-09-11,P003,Mumbai,210,171,491,150,4,2024,9,11,Wednesday,3
2024-09-11,P004,Bengaluru,905,299,269,150,8,2024,9,11,Wednesday,3
2024-09-11,P005,Mumbai,944,22,280,150,6,2024,9,11,Wednesday,3
2024-09-11,P006,Delhi,840,230,470,150,3,2024,9,11,Wednesday,3
2024-09-12,P001,Hyderabad,240,246,587,150,8,2024,9,12,Thursday,3
2024-09-12,P002,Mumbai,376,288,684,150,10,2024,9,12,Thursday,3
2024-09-12,P003,Hyderabad,599,257,855,150,7,2024,9,12,Thursday,3
2024-09-12,P004,Delhi,992,208,383,150,7,2024,9,12,Thursday,3
2024-09-12,P005,Kolkata,578,225,426,150,5,2024,9,12,Thursday,3
2024-09-12,P006,Mumbai,503,274,580,150,8,2024,9,12,Thursday,3
2024-09-13,P001,Delhi,822,194,699,150,4,2024,9,13,Friday,3
2024-09-13,P002,Bengaluru,980,204,734,150,4,2024,9,13,Friday,3
2024-09-13,P003,Mumbai,929,260,646,150,3,2024,9,13,Friday,3
2024-09-13,P004,Kolkata,507,16,694,150,10,2024,9,13,Friday,3
2024-09-13,P005,Delhi,586,294,734,150,8,2024,9,13,Friday,3
2024-09-13,P006,Delhi,661,81,321,150,4,2024,9,13,Friday,3
2024-09-14,P001,Bengaluru,265,18,510,150,6,2024,9,14,Saturday,3
2024-09-14,P002,Mumbai,984,170,689,150,6,2024,9,14,Saturday,3
2024-09-14,P003,Mumbai,596,286,487,150,7,2024,9,14,Saturday,3
2024-09-14,P004,Hyderabad,896,10,214,150,5,2024,9,14,Saturday,3
2024-09-14,P005,Delhi,798,15,731,150,3,2024,9,14,Saturday,3
2024-09-14,P006,Bengaluru,916,218,484,150,2,2024,9,14,Saturday,3
2024-09-15,P001,Delhi,778,112,471,150,8,2024,9,15,Sunday,3
2024-09-15,P002,Kolkata,589,21,219,150,5,2024,9,15,Sunday,3
2024-09-15,P003,Mumbai,880,42,862,150,6,2024,9,15,Sunday,3
2024-09-15,P004,Mumbai,717,289,269,150,3,2024,9,15,Sunday,3
2024-09-15,P005,Bengaluru,834,269,967,150,8,2024,9,15,Sunday,3
2024-09-15,P006,Hyderabad,565,197,115,150,2,2024,9,15,Sunday,3
2024-09-16,P001,Mumbai,283,242,857,150,4,2024,9,16,Monday,3
2024-09-16,P002,Mumbai,734,104,748,150,9,2024,9,16,Monday,3
2024-09-16,P003,Bengaluru,225,171,778,150,4,2024,9,16,Monday,3
2024-09-16,P004,Hyderabad,343,26,946,150,2,2024,9,16,Monday,3
2024-09-16,P005,Hyderabad,396,191,298,150,8,2024,9,16,Monday,3
2024-09-16,P006,Delhi,935,121,246,150,7,2024,9,16,Monday,3
2024-09-17,P001,Delhi,777,74,623,150,5,2024,9,17,Tuesday,3
2024-09-17,P002,Kolkata,995,278,706,150,8,2024,9,17,Tuesday,3
2024-09-17,P003,Kolkata,893,185,559,150,7,2024,9,17,Tuesday,3
2024-09-17,P004,Kolkata,690,82,147,150,7,2024,9,17,Tuesday,3
2024-09-17,P005,Kolkata,955,205,753,150,5,2024,9,17,Tuesday,3
2024-09-17,P006,Hyderabad,823,262,612,150,3,2024,9,17,Tuesday,3
2024-09-18,P001,Mumbai,450,257,976,150,10,2024,9,18,Wednesday,3
2024-09-18,P002,Mumbai,208,217,634,150,3,2024,9,18,Wednesday,3
2024-09-18,P003,Mumbai,764,66,287,150,2,2024,9,18,Wednesday,3
2024-09-18,P004,Bengaluru,291,127,142,150,9,2024,9,18,Wednesday,3
2024-09-18,P005,Bengaluru,771,281,557,150,3,2024,9,18,Wednesday,3
2024-09-18,P006,Bengaluru,413,239,867,150,2,2024,9,18,Wednesday,3
2024-09-19,P001,Delhi,721,142,811,150,4,2024,9,19,Thursday,3
2024-09-19,P002,Delhi,367,150,238,150,4,2024,9,19,Thursday,3
2024-09-19,P003,Mumbai,323,148,476,150,8,2024,9,19,Thursday,3
2024-09-19,P004,Bengaluru,931,166,771,150,8,2024,9,19,Thursday,3
2024-09-19,P005,Hyderabad,677,79,721,150,5,2024,9,19,Thursday,3
2024-09-19,P006,Delhi,365,149,654,150,9,2024,9,19,Thursday,3
2024-09-20,P001,Mumbai,934,165,645,150,8,2024,9,20,Friday,3
2024-09-20,P002,Mumbai,889,292,654,150,4,2024,9,20,Friday,3
2024-09-20,P003,Hyderabad,613,198,226,150,3,2024,9,20,Friday,3
2024-09-20,P004,Hyderabad,506,229,627,150,9,2024,9,20,Friday,3
2024-09-20,P005,Delhi,360,146,443,150,7,2024,9,20,Friday,3
2024-09-20,P006,Hyderabad,977,152,499,150,10,2024,9,20,Friday,3
2024-09-21,P001,Bengaluru,904,290,396,150,5,2024,9,21,Saturday,3
2024-09-21,P002,Kolkata,838,156,654,150,6,2024,9,21,Saturday,3
2024-09-21,P003,Mumbai,588,70,747,150,7,2024,9,21,Saturday,3
2024-09-21,P004,Hyderabad,357,63,560,150,10,2024,9,21,Saturday,3
2024-09-21,P005,Hyderabad,695,24,954,150,2,2024,9,21,Saturday,3
2024-09-21,P006,Hyderabad,805,131,302,150,2,2024,9,21,Saturday,3
2024-09-22,P001,Hyderabad,601,32,265,150,3,2024,9,22,Sunday,3
2024-09-22,P002,Bengaluru,690,127,101,150,3,2024,9,22,Sunday,3
2024-09-22,P003,Hyderabad,766,212,640,150,2,2024,9,22,Sunday,3
2024-09-22,P004,Delhi,737,40,748,150,2,2024,9,22,Sunday,3
2024-09-22,P005,Mumbai,242,290,173,150,8,2024,9,22,Sunday,3
2024-09-22,P006,Mumbai,388,139,179,150,7,2024,9,22,Sunday,3
2024-09-23,P001,Delhi,659,235,665,150,9,2024,9,23,Monday,3
2024-09-23,P002,Delhi,646,139,990,150,7,2024,9,23,Monday,3
2024-09-23,P003,Bengaluru,614,201,881,150,2,2024,9,23,Monday,3
2024-09-23,P004,Bengaluru,855,51,454,150,3,2024,9,23,Monday,3
2024-09-23,P005,Bengaluru,742,39,388,150,8,2024,9,23,Monday,3
2024-09-23,P006,Delhi,254,10,340,150,9,2024,9,23,Monday,3
2024-09-24,P001,Bengaluru,916,208,653,150,9,2024,9,24,Tuesday,3
2024-09-24,P002,Kolkata,929,74,441,150,4,2024,9,24,Tuesday,3
2024-09-24,P003,Bengaluru,457,54,670,150,7,2024,9,24,Tuesday,3
2024-09-24,P004,Bengaluru,743,92,718,150,6,2024,9,24,Tuesday,3
2024-09-24,P005,Bengaluru,500,222,788,150,6,2024,9,24,Tuesday,3
2024-09-24,P006,Hyderabad,611,287,251,150,8,2024,9,24,Tuesday,3
2024-09-25,P001,Mumbai,916,288,199,150,6,2024,9,25,Wednesday,3
2024-09-25,P002,Mumbai,346,206,413,150,6,2024,9,25,Wednesday,3
2024-09-25,P003,Delhi,775,194,740,150,2,2024,9,25,Wednesday,3
2024-09-25,P004,Mumbai,950,227,983,150,6,2024,9,25,Wednesday,3
2024-09-25,P005,Mumbai,700,237,940,150,6,2024,9,25,Wednesday,3
2024-09-25,P006,Hyderabad,406,110,954,150,7,2024,9,25,Wednesday,3
2024-09-26,P001,Mumbai,426,88,738,150,6,2024,9,26,Thursday,3
2024-09-26,P002,Hyderabad,847,230,162,150,9,2024,9,26,Thursday,3
2024-09-26,P003,Bengaluru,360,273,617,150,5,2024,9,26,Thursday,3
2024-09-26,P004,Kolkata,887,36,380,150,5,2024,9,26,Thursday,3
2024-09-26,P005,Delhi,599,251,792,150,7,2024,9,26,Thursday,3
2024-09-26,P006,Delhi,846,238,681,150,4,2024,9,26,Thursday,3
2024-09-27,P001,Bengaluru,268,233,276,150,7,2024,9,27,Friday,3
2024-09-27,P002,Kolkata,755,200,322,150,2,2024,9,27,Friday,3
2024-09-27,P003,Mumbai,697,146,468,150,10,2024,9,27,Friday,3
2024-09-27,P004,Bengaluru,203,222,595,150,2,2024,9,27,Friday,3
2024-09-27,P005,Delhi,746,204,734,150,9,2024,9,27,Friday,3
2024-09-27,P006,Kolkata,920,138,972,150,10,2024,9,27,Friday,3
2024-09-28,P001,Bengaluru,842,196,677,150,6,2024,9,28,Saturday,3
2024-09-28,P002,Mumbai,856,273,965,150,10,2024,9,28,Saturday,3
2024-09-28,P003,Hyderabad,610,11,690,150,7,2024,9,28,Saturday,3
2024-09-28,P004,Mumbai,583,84,467,150,6,2024,9,28,Saturday,3
2024-09-28,P005,Bengaluru,830,113,801,150,3,2024,9,28,Saturday,3
2024-09-28,P006,Delhi,227,234,394,150,3,2024,9,28,Saturday,3
2024-09-29,P001,Delhi,980,128,769,150,2,2024,9,29,Sunday,3
2024-09-29,P002,Kolkata,370,252,129,150,3,2024,9,29,Sunday,3
2024-09-29,P003,Kolkata,978,293,206,150,4,2024,9,29,Sunday,3
2024-09-29,P004,Hyderabad,337,42,115,150,7,2024,9,29,Sunday,3
2024-09-29,P005,Hyderabad,635,147,332,150,7,2024,9,29,Sunday,3
2024-09-29,P006,Kolkata,717,211,695,150,3,2024,9,29,Sunday,3
2024-09-30,P001,Bengaluru,658,147,326,150,2,2024,9,30,Monday,3
2024-09-30,P002,Mumbai,567,1,574,150,2,2024,9,30,Monday,3
2024-09-30,P003,Kolkata,488,173,981,150,10,2024,9,30,Monday,3
2024-09-30,P004,Mumbai,979,258,882,150,7,2024,9,30,Monday,3
2024-09-30,P005,Hyderabad,238,22,538,150,4,2024,9,30,Monday,3
2024-09-30,P006,Kolkata,927,30,659,150,6,2024,9,30,Monday,3
2024-10-01,P001,Mumbai,267,94,768,150,7,2024,10,1,Tuesday,4
2024-10-01,P002,Mumbai,423,21,528,150,7,2024,10,1,Tuesday,4
2024-10-01,P003,Kolkata,688,273,115,150,2,2024,10,1,Tuesday,4
2024-10-01,P004,Hyderabad,672,82,273,150,3,2024,10,1,Tuesday,4
2024-10-01,P005,Bengaluru,341,155,178,150,4,2024,10,1,Tuesday,4
2024-10-01,P006,Kolkata,838,143,980,150,5,2024,10,1,Tuesday,4
2024-10-02,P001,Kolkata,397,89,827,150,3,2024,10,2,Wednesday,4
2024-10-02,P002,Kolkata,910,272,879,150,9,2024,10,2,Wednesday,4
2024-10-02,P003,Kolkata,816,102,427,150,7,2024,10,2,Wednesday,4
2024-10-02,P004,Mumbai,798,102,405,150,2,2024,10,2,Wednesday,4
2024-10-02,P005,Hyderabad,501,161,867,150,9,2024,10,2,Wednesday,4
2024-10-02,P006,Hyderabad,645,209,560,150,4,2024,10,2,Wednesday,4
2024-10-03,P001,Hyderabad,477,191,915,150,7,2024,10,3,Thursday,4
2024-10-03,P002,Bengaluru,894,70,888,150,10,2024,10,3,Thursday,4
2024-10-03,P003,Hyderabad,955,196,766,150,9,2024,10,3,Thursday,4
2024-10-03,P004,Bengaluru,284,217,879,150,7,2024,10,3,Thursday,4
2024-10-03,P005,Mumbai,283,221,817,150,3,2024,10,3,Thursday,4
2024-10-03,P006,Delhi,785,16,517,150,10,2024,10,3,Thursday,4
2024-10-04,P001,Bengaluru,217,96,156,150,5,2024,10,4,Friday,4
2024-10-04,P002,Hyderabad,474,163,573,150,2,2024,10,4,Friday,4
2024-10-04,P003,Bengaluru,727,186,477,150,7,2024,10,4,Friday,4
2024-10-04,P004,Mumbai,614,263,766,150,3,2024,10,4,Friday,4
2024-10-04,P005,Delhi,346,87,306,150,3,2024,10,4,Friday,4
2024-10-04,P006,Bengaluru,740,74,146,150,8,2024,10,4,Friday,4
2024-10-05,P001,Delhi,608,36,379,150,5,2024,10,5,Saturday,4
2024-10-05,P002,Hyderabad,639,201,333,150,7,2024,10,5,Saturday,4
2024-10-05,P003,Kolkata,753,64,588,150,9,2024,10,5,Saturday,4
2024-10-05,P004,Delhi,607,38,657,150,10,2024,10,5,Saturday,4
2024-10-05,P005,Delhi,588,257,226,150,9,2024,10,5,Saturday,4
2024-10-05,P006,Delhi,496,238,883,150,6,2024,10,5,Saturday,4
2024-10-06,P001,Bengaluru,927,135,938,150,6,2024,10,6,Sunday,4
2024-10-06,P002,Kolkata,644,213,542,150,3,2024,10,6,Sunday,4
2024-10-06,P003,Bengaluru,960,203,798,150,5,2024,10,6,Sunday,4
2024-10-06,P004,Delhi,626,299,421,150,4,2024,10,6,Sunday,4
2024-10-06,P005,Bengaluru,593,44,683,150,8,2024,10,6,Sunday,4
2024-10-06,P006,Delhi,827,19,996,150,6,2024,10,6,Sunday,4
2024-10-07,P001,Kolkata,601,195,541,150,9,2024,10,7,Monday,4
2024-10-07,P002,Mumbai,950,276,794,150,5,2024,10,7,Monday,4
2024-10-07,P003,Mumbai,468,299,931,150,6,2024,10,7,Monday,4
2024-10-07,P004,Bengaluru,485,133,706,150,4,2024,10,7,Monday,4
2024-10-07,P005,Bengaluru,811,0,926,150,5,2024,10,7,Monday,4
2024-10-07,P006,Kolkata,210,220,760,150,5,2024,10,7,Monday,4
2024-10-08,P001,Bengaluru,728,162,643,150,6,2024,10,8,Tuesday,4
2024-10-08,P002,Mumbai,894,58,812,150,7,2024,10,8,Tuesday,4
2024-10-08,P003,Mumbai,990,22,992,150,2,2024,10,8,Tuesday,4
2024-10-08,P004,Bengaluru,544,299,101,150,7,2024,10,8,Tuesday,4
2024-10-08,P005,Hyderabad,972,134,304,150,6,2024,10,8,Tuesday,4
2024-10-08,P006,Kolkata,353,269,197,150,7,2024,10,8,Tuesday,4
2024-10-09,P001,Hyderabad,339,43,490,150,3,2024,10,9,Wednesday,4
2024-10-09,P002,Delhi,506,55,411,150,8,2024,10,9,Wednesday,4
2024-10-09,P003,Hyderabad,747,142,769,150,9,2024,10,9,Wednesday,4
2024-10-09,P004,Bengaluru,719,214,248,150,4,2024,10,9,Wednesday,4
2024-10-09,P005,Bengaluru,201,143,929,150,7,2024,10,9,Wednesday,4
2024-10-09,P006,Delhi,468,125,394,150,10,2024,10,9,Wednesday,4
2024-10-10,P001,Bengaluru,441,271,963,150,10,2024,10,10,Thursday,4
2024-10-10,P002,Hyderabad,998,122,188,150,9,2024,10,10,Thursday,4
2024-10-10,P003,Bengaluru,236,259,425,150,9,2024,10,10,Thursday,4
2024-10-10,P004,Bengaluru,983,113,483,150,6,2024,10,10,Thursday,4
2024-10-10,P005,Delhi,567,130,237,150,7,2024,10,10,Thursday,4
2024-10-10,P006,Bengaluru,610,133,348,150,10,2024,10,10,Thursday,4
2024-10-11,P001,Delhi,292,217,814,150,3,2024,10,11,Friday,4
2024-10-11,P002,Hyderabad,758,274,500,150,7,2024,10,11,Friday,4
2024-10-11,P003,Kolkata,968,69,893,150,3,2024,10,11,Friday,4
2024-10-11,P004,Bengaluru,742,269,585,150,5,2024,10,11,Friday,4
2024-10-11,P005,Bengaluru,537,69,178,150,5,2024,10,11,Friday,4
2024-10-11,P006,Bengaluru,514,125,559,150,3,2024,10,11,Friday,4
2024-10-12,P001,Bengaluru,700,167,263,150,9,2024,10,12,Saturday,4
2024-10-12,P002,Kolkata,440,108,418,150,2,2024,10,12,Saturday,4
2024-10-12,P003,Hyderabad,592,229,789,150,5,2024,10,12,Saturday,4
2024-10-12,P004,Kolkata,575,117,926,150,5,2024,10,12,Saturday,4
2024-10-12,P005,Hyderabad,581,238,247,150,3,2024,10,12,Saturday,4
2024-10-12,P006,Kolkata,436,80,661,150,3,2024,10,12,Saturday,4
2024-10-13,P001,Bengaluru,815,66,171,150,4,2024,10,13,Sunday,4
2024-10-13,P002,Bengaluru,931,283,513,150,10,2024,10,13,Sunday,4
2024-10-13,P003,Bengaluru,671,266,237,150,6,2024,10,13,Sunday,4
2024-10-13,P004,Hyderabad,840,268,588,150,7,2024,10,13,Sunday,4
2024-10-13,P005,Mumbai,266,248,388,150,5,2024,10,13,Sunday,4
2024-10-13,P006,Bengaluru,307,131,321,150,2,2024,10,13,Sunday,4
2024-10-14,P001,Hyderabad,522,290,659,150,3,2024,10,14,Monday,4
2024-10-14,P002,Bengaluru,346,229,333,150,2,2024,10,14,Monday,4
2024-10-14,P003,Hyderabad,371,182,629,150,8,2024,10,14,Monday,4
2024-10-14,P004,Hyderabad,776,177,536,150,10,2024,10,14,Monday,4
2024-10-14,P005,Bengaluru,802,185,699,150,10,2024,10,14,Monday,4
2024-10-14,P006,Hyderabad,750,102,539,150,8,2024,10,14,Monday,4
2024-10-15,P001,Kolkata,642,224,329,150,9,2024,10,15,Tuesday,4
2024-10-15,P002,Kolkata,922,73,220,150,3,2024,10,15,Tuesday,4
2024-10-15,P003,Hyderabad,988,9,705,150,10,2024,10,15,Tuesday,4
2024-10-15,P004,Hyderabad,885,16,713,150,8,2024,10,15,Tuesday,4
2024-10-15,P005,Kolkata,816,209,478,150,2,2024,10,15,Tuesday,4
2024-10-15,P006,Delhi,412,68,318,150,9,2024,10,15,Tuesday,4
2024-10-16,P001,Hyderabad,659,211,532,150,7,2024,10,16,Wednesday,4
2024-10-16,P002,Kolkata,730,225,219,150,5,2024,10,16,Wednesday,4
2024-10-16,P003,Kolkata,650,231,313,150,5,2024,10,16,Wednesday,4
2024-10-16,P004,Bengaluru,899,104,200,150,8,2024,10,16,Wednesday,4
2024-10-16,P005,Mumbai,544,277,847,150,7,2024,10,16,Wednesday,4
2024-10-16,P006,Hyderabad,904,161,759,150,8,2024,10,16,Wednesday,4
2024-10-17,P001,Bengaluru,895,193,630,150,7,2024,10,17,Thursday,4
2024-10-17,P002,Bengaluru,889,284,491,150,7,2024,10,17,Thursday,4
2024-10-17,P003,Mumbai,628,24,289,150,8,2024,10,17,Thursday,4
2024-10-17,P004,Kolkata,906,1,852,150,7,2024,10,17,Thursday,4
2024-10-17,P005,Hyderabad,845,51,297,150,7,2024,10,17,Thursday,4
2024-10-17,P006,Mumbai,748,42,522,150,10,2024,10,17,Thursday,4
2024-10-18,P001,Kolkata,718,105,767,150,2,2024,10,18,Friday,4
2024-10-18,P002,Mumbai,622,87,485,150,2,2024,10,18,Friday,4
2024-10-18,P003,Kolkata,740,300,276,150,5,2024,10,18,Friday,4
2024-10-18,P004,Hyderabad,886,69,551,150,6,2024,10,18,Friday,4
2024-10-18,P005,Bengaluru,375,246,992,150,9,2024,10,18,Friday,4
2024-10-18,P006,Delhi,307,42,786,150,9,2024,10,18,Friday,4
2024-10-19,P001,Mumbai,411,187,450,150,7,2024,10,19,Saturday,4
2024-10-19,P002,Delhi,555,61,339,150,2,2024,10,19,Saturday,4
2024-10-19,P003,Mumbai,615,49,578,150,6,2024,10,19,Saturday,4
2024-10-19,P004,Bengaluru,319,58,837,150,8,2024,10,19,Saturday,4
2024-10-19,P005,Mumbai,912,192,257,150,7,2024,10,19,Saturday,4
2024-10-19,P006,Mumbai,641,197,332,150,10,2024,10,19,Saturday,4
2024-10-20,P001,Mumbai,261,292,696,150,10,2024,10,20,Sunday,4
2024-10-20,P002,Mumbai,335,299,379,150,6,2024,10,20,Sunday,4
2024-10-20,P003,Hyderabad,350,131,724,150,9,2024,10,20,Sunday,4
2024-10-20,P004,Hyderabad,382,250,731,150,5,2024,10,20,Sunday,4
2024-10-20,P005,Hyderabad,267,165,106,150,10,2024,10,20,Sunday,4
2024-10-20,P006,Hyderabad,562,188,137,150,4,2024,10,20,Sunday,4
2024-10-21,P001,Hyderabad,457,127,296,150,5,2024,10,21,Monday,4
2024-10-21,P002,Hyderabad,487,167,399,150,3,2024,10,21,Monday,4
2024-10-21,P003,Delhi,937,197,167,150,7,2024,10,21,Monday,4
2024-10-21,P004,Delhi,438,175,885,150,10,2024,10,21,Monday,4
2024-10-21,P005,Bengaluru,235,66,658,150,7,2024,10,21,Monday,4
2024-10-21,P006,Delhi,376,91,917,150,6,2024,10,21,Monday,4
2024-10-22,P001,Mumbai,264,124,336,150,9,2024,10,22,Tuesday,4
2024-10-22,P002,Mumbai,241,206,943,150,6,2024,10,22,Tuesday,4
2024-10-22,P003,Kolkata,691,73,155,150,6,2024,10,22,Tuesday,4
2024-10-22,P004,Kolkata,359,225,605,150,2,2024,10,22,Tuesday,4
2024-10-22,P005,Hyderabad,413,60,137,150,9,2024,10,22,Tuesday,4
2024-10-22,P006,Hyderabad,915,274,162,150,2,2024,10,22,Tuesday,4
2024-10-23,P001,Kolkata,529,214,771,150,3,2024,10,23,Wednesday,4
2024-10-23,P002,Kolkata,255,270,515,150,4,2024,10,23,Wednesday,4
2024-10-23,P003,Mumbai,942,64,693,150,5,2024,10,23,Wednesday,4
2024-10-23,P004,Mumbai,666,200,225,150,6,2024,10,23,Wednesday,4
2024-10-23,P005,Mumbai,526,112,379,150,3,2024,10,23,Wednesday,4
2024-10-23,P006,Kolkata,857,80,480,150,6,2024,10,23,Wednesday,4
2024-10-24,P001,Mumbai,769,15,815,150,8,2024,10,24,Thursday,4
2024-10-24,P002,Kolkata,590,178,991,150,6,2024,10,24,Thursday,4
2024-10-24,P003,Hyderabad,863,152,695,150,10,2024,10,24,Thursday,4
2024-10-24,P004,Bengaluru,632,115,359,150,5,2024,10,24,Thursday,4
2024-10-24,P005,Kolkata,603,75,857,150,6,2024,10,24,Thursday,4
2024-10-24,P006,Hyderabad,785,256,960,150,3,2024,10,24,Thursday,4
2024-10-25,P001,Mumbai,380,19,490,150,9,2024,10,25,Friday,4
2024-10-25,P002,Delhi,802,277,903,150,3,2024,10,25,Friday,4
2024-10-25,P003,Kolkata,636,74,988,150,2,2024,10,25,Friday,4
2024-10-25,P004,Hyderabad,582,6,581,150,5,2024,10,25,Friday,4
2024-10-25,P005,Mumbai,865,53,712,150,3,2024,10,25,Friday,4
2024-10-25,P006,Mumbai,698,99,919,150,4,2024,10,25,Friday,4
2024-10-26,P001,Delhi,668,79,225,150,3,2024,10,26,Saturday,4
2024-10-26,P002,Hyderabad,692,123,582,150,8,2024,10,26,Saturday,4
2024-10-26,P003,Bengaluru,724,78,380,150,9,2024,10,26,Saturday,4
2024-10-26,P004,Mumbai,548,196,528,150,4,2024,10,26,Saturday,4
2024-10-26,P005,Kolkata,508,145,393,150,10,2024,10,26,Saturday,4
2024-10-26,P006,Hyderabad,791,35,692,150,9,2024,10,26,Saturday,4
2024-10-27,P001,Hyderabad,260,296,666,150,8,2024,10,27,Sunday,4
2024-10-27,P002,Kolkata,548,90,227,150,2,2024,10,27,Sunday,4
2024-10-27,P003,Hyderabad,811,146,261,150,7,2024,10,27,Sunday,4
2024-10-27,P004,Bengaluru,260,273,656,150,5,2024,10,27,Sunday,4
2024-10-27,P005,Delhi,407,289,275,150,2,2024,10,27,Sunday,4
2024-10-27,P006,Bengaluru,898,11,981,150,5,2024,10,27,Sunday,4
2024-10-28,P001,Mumbai,571,281,376,150,3,2024,10,28,Monday,4
2024-10-28,P002,Bengaluru,640,17,560,150,4,2024,10,28,Monday,4
2024-10-28,P003,Mumbai,238,274,871,150,5,2024,10,28,Monday,4
2024-10-28,P004,Kolkata,307,253,408,150,2,2024,10,28,Monday,4
2024-10-28,P005,Bengaluru,583,136,115,150,6,2024,10,28,Monday,4
2024-10-28,P006,Bengaluru,352,90,649,150,8,2024,10,28,Monday,4
2024-10-29,P001,Hyderabad,783,117,343,150,7,2024,10,29,Tuesday,4
2024-10-29,P002,Kolkata,261,84,371,150,2,2024,10,29,Tuesday,4
2024-10-29,P003,Mumbai,242,102,971,150,6,2024,10,29,Tuesday,4
2024-10-29,P004,Kolkata,587,72,819,150,2,2024,10,29,Tuesday,4
2024-10-29,P005,Hyderabad,699,143,497,150,9,2024,10,29,Tuesday,4
2024-10-29,P006,Hyderabad,292,55,701,150,3,2024,10,29,Tuesday,4
2024-10-30,P001,Bengaluru,458,232,485,150,9,2024,10,30,Wednesday,4
2024-10-30,P002,Hyderabad,936,112,735,150,2,2024,10,30,Wednesday,4
2024-10-30,P003,Bengaluru,453,228,286,150,7,2024,10,30,Wednesday,4
2024-10-30,P004,Hyderabad,289,105,668,150,10,2024,10,30,Wednesday,4
2024-10-30,P005,Delhi,971,221,750,150,9,2024,10,30,Wednesday,4
2024-10-30,P006,Hyderabad,432,261,502,150,9,2024,10,30,Wednesday,4
2024-10-31,P001,Hyderabad,694,63,942,150,2,2024,10,31,Thursday,4
2024-10-31,P002,Bengaluru,609,14,616,150,6,2024,10,31,Thursday,4
2024-10-31,P003,Bengaluru,733,205,259,150,6,2024,10,31,Thursday,4
2024-10-31,P004,Bengaluru,222,299,727,150,2,2024,10,31,Thursday,4
2024-10-31,P005,Mumbai,219,125,982,150,2,2024,10,31,Thursday,4
2024-10-31,P006,Hyderabad,238,12,931,150,7,2024,10,31,Thursday,4
2024-11-01,P001,Bengaluru,872,126,388,150,3,2024,11,1,Friday,4
2024-11-01,P002,Delhi,322,254,129,150,7,2024,11,1,Friday,4
2024-11-01,P003,Kolkata,492,89,482,150,4,2024,11,1,Friday,4
2024-11-01,P004,Delhi,943,239,400,150,10,2024,11,1,Friday,4
2024-11-01,P005,Hyderabad,345,9,193,150,8,2024,11,1,Friday,4
2024-11-01,P006,Bengaluru,764,104,798,150,6,2024,11,1,Friday,4
2024-11-02,P001,Hyderabad,772,285,946,150,10,2024,11,2,Saturday,4
2024-11-02,P002,Bengaluru,789,226,827,150,4,2024,11,2,Saturday,4
2024-11-02,P003,Mumbai,926,59,393,150,2,2024,11,2,Saturday,4
2024-11-02,P004,Mumbai,859,203,782,150,10,2024,11,2,Saturday,4
2024-11-02,P005,Hyderabad,759,277,625,150,2,2024,11,2,Saturday,4
2024-11-02,P006,Kolkata,225,284,295,150,10,2024,11,2,Saturday,4
2024-11-03,P001,Delhi,486,51,256,150,5,2024,11,3,Sunday,4
2024-11-03,P002,Bengaluru,609,2,195,150,3,2024,11,3,Sunday,4
2024-11-03,P003,Kolkata,991,129,690,150,9,2024,11,3,Sunday,4
2024-11-03,P004,Delhi,332,113,441,150,9,2024,11,3,Sunday,4
2024-11-03,P005,Hyderabad,746,84,675,150,10,2024,11,3,Sunday,4
2024-11-03,P006,Bengaluru,685,163,436,150,3,2024,11,3,Sunday,4
2024-11-04,P001,Hyderabad,312,196,866,150,10,2024,11,4,Monday,4
2024-11-04,P002,Hyderabad,725,204,827,150,8,2024,11,4,Monday,4
2024-11-04,P003,Delhi,886,75,607,150,10,2024,11,4,Monday,4
2024-11-04,P004,Kolkata,558,228,550,150,4,2024,11,4,Monday,4
2024-11-04,P005,Kolkata,511,7,934,150,6,2024,11,4,Monday,4
2024-11-04,P006,Kolkata,202,168,845,150,4,2024,11,4,Monday,4
2024-11-05,P001,Bengaluru,203,167,562,150,3,2024,11,5,Tuesday,4
2024-11-05,P002,Mumbai,319,37,879,150,10,2024,11,5,Tuesday,4
2024-11-05,P003,Kolkata,407,299,836,150,7,2024,11,5,Tuesday,4
2024-11-05,P004,Mumbai,926,113,863,150,8,2024,11,5,Tuesday,4
2024-11-05,P005,Delhi,984,287,581,150,6,2024,11,5,Tuesday,4
2024-11-05,P006,Mumbai,597,34,208,150,8,2024,11,5,Tuesday,4
2024-11-06,P001,Mumbai,733,105,368,150,2,2024,11,6,Wednesday,4
2024-11-06,P002,Delhi,302,199,102,150,10,2024,11,6,Wednesday,4
2024-11-06,P003,Hyderabad,806,201,751,150,2,2024,11,6,Wednesday,4
2024-11-06,P004,Mumbai,779,239,107,150,9,2024,11,6,Wednesday,4
2024-11-06,P005,Hyderabad,517,177,591,150,3,2024,11,6,Wednesday,4
2024-11-06,P006,Hyderabad,466,232,927,150,8,2024,11,6,Wednesday,4
2024-11-07,P001,Delhi,997,73,276,150,7,2024,11,7,Thursday,4
2024-11-07,P002,Mumbai,702,145,410,150,10,2024,11,7,Thursday,4
2024-11-07,P003,Hyderabad,957,95,943,150,6,2024,11,7,Thursday,4
2024-11-07,P004,Mumbai,874,225,498,150,10,2024,11,7,Thursday,4
2024-11-07,P005,Delhi,218,134,263,150,9,2024,11,7,Thursday,4
2024-11-07,P006,Mumbai,217,75,650,150,10,2024,11,7,Thursday,4
2024-11-08,P001,Delhi,806,42,772,150,6,2024,11,8,Friday,4
2024-11-08,P002,Delhi,574,120,469,150,2,2024,11,8,Friday,4
2024-11-08,P003,Delhi,483,62,582,150,6,2024,11,8,Friday,4
2024-11-08,P004,Bengaluru,822,121,976,150,3,2024,11,8,Friday,4
2024-11-08,P005,Mumbai,405,186,804,150,2,2024,11,8,Friday,4
2024-11-08,P006,Hyderabad,971,198,820,150,3,2024,11,8,Friday,4
2024-11-09,P001,Bengaluru,636,264,407,150,6,2024,11,9,Saturday,4
2024-11-09,P002,Kolkata,656,263,840,150,3,2024,11,9,Saturday,4
2024-11-09,P003,Kolkata,618,251,752,150,9,2024,11,9,Saturday,4
2024-11-09,P004,Mumbai,295,283,240,150,10,2024,11,9,Saturday,4
2024-11-09,P005,Hyderabad,619,4,272,150,4,2024,11,9,Saturday,4
2024-11-09,P006,Mumbai,572,144,723,150,3,2024,11,9,Saturday,4
2024-11-10,P001,Delhi,525,38,229,150,4,2024,11,10,Sunday,4
2024-11-10,P002,Hyderabad,786,84,239,150,2,2024,11,10,Sunday,4
2024-11-10,P003,Mumbai,748,31,309,150,4,2024,11,10,Sunday,4
2024-11-10,P004,Mumbai,472,101,511,150,7,2024,11,10,Sunday,4
2024-11-10,P005,Kolkata,820,13,768,150,4,2024,11,10,Sunday,4
2024-11-10,P006,Kolkata,869,43,990,150,3,2024,11,10,Sunday,4
2024-11-11,P001,Hyderabad,206,169,526,150,9,2024,11,11,Monday,4
2024-11-11,P002,Delhi,597,95,398,150,8,2024,11,11,Monday,4
2024-11-11,P003,Kolkata,666,173,833,150,3,2024,11,11,Monday,4
2024-11-11,P004,Kolkata,593,139,256,150,9,2024,11,11,Monday,4
2024-11-11,P005,Hyderabad,459,67,128,150,2,2024,11,11,Monday,4
2024-11-11,P006,Hyderabad,318,48,545,150,10,2024,11,11,Monday,4
2024-11-12,P001,Kolkata,950,89,742,150,10,2024,11,12,Tuesday,4
2024-11-12,P002,Bengaluru,701,273,826,150,3,2024,11,12,Tuesday,4
2024-11-12,P003,Hyderabad,371,134,586,150,8,2024,11,12,Tuesday,4
2024-11-12,P004,Mumbai,734,226,631,150,5,2024,11,12,Tuesday,4
2024-11-12,P005,Hyderabad,207,251,998,150,7,2024,11,12,Tuesday,4
2024-11-12,P006,Mumbai,362,276,616,150,7,2024,11,12,Tuesday,4
2024-11-13,P001,Mumbai,514,52,221,150,6,2024,11,13,Wednesday,4
2024-11-13,P002,Bengaluru,245,281,178,150,5,2024,11,13,Wednesday,4
2024-11-13,P003,Kolkata,610,155,730,150,8,2024,11,13,Wednesday,4
2024-11-13,P004,Hyderabad,513,143,380,150,5,2024,11,13,Wednesday,4
2024-11-13,P005,Bengaluru,776,106,953,150,7,2024,11,13,Wednesday,4
2024-11-13,P006,Mumbai,978,246,186,150,5,2024,11,13,Wednesday,4
2024-11-14,P001,Bengaluru,580,215,588,150,9,2024,11,14,Thursday,4
2024-11-14,P002,Mumbai,541,281,115,150,7,2024,11,14,Thursday,4
2024-11-14,P003,Hyderabad,585,239,535,150,7,2024,11,14,Thursday,4
2024-11-14,P004,Kolkata,887,159,624,150,4,2024,11,14,Thursday,4
2024-11-14,P005,Delhi,206,208,282,150,6,2024,11,14,Thursday,4
2024-11-14,P006,Mumbai,875,154,127,150,2,2024,11,14,Thursday,4
2024-11-15,P001,Hyderabad,912,73,957,150,2,2024,11,15,Friday,4
2024-11-15,P002,Bengaluru,894,223,666,150,4,2024,11,15,Friday,4
2024-11-15,P003,Bengaluru,381,102,308,150,2,2024,11,15,Friday,4
2024-11-15,P004,Mumbai,309,174,952,150,5,2024,11,15,Friday,4
2024-11-15,P005,Delhi,703,80,510,150,5,2024,11,15,Friday,4
2024-11-15,P006,Hyderabad,421,112,652,150,7,2024,11,15,Friday,4
2024-11-16,P001,Kolkata,889,291,964,150,2,2024,11,16,Saturday,4
2024-11-16,P002,Mumbai,787,198,810,150,2,2024,11,16,Saturday,4
2024-11-16,P003,Delhi,804,117,407,150,7,2024,11,16,Saturday,4
2024-11-16,P004,Hyderabad,210,38,237,150,3,2024,11,16,Saturday,4
2024-11-16,P005,Bengaluru,244,150,598,150,7,2024,11,16,Saturday,4
2024-11-16,P006,Hyderabad,245,69,313,150,9,2024,11,16,Saturday,4
2024-11-17,P001,Bengaluru,249,228,425,150,4,2024,11,17,Sunday,4
2024-11-17,P002,Bengaluru,374,49,588,150,2,2024,11,17,Sunday,4
2024-11-17,P003,Delhi,243,178,864,150,9,2024,11,17,Sunday,4
2024-11-17,P004,Bengaluru,737,60,770,150,9,2024,11,17,Sunday,4
2024-11-17,P005,Delhi,693,79,602,150,5,2024,11,17,Sunday,4
2024-11-17,P006,Mumbai,597,289,478,150,6,2024,11,17,Sunday,4
2024-11-18,P001,Kolkata,539,118,415,150,2,2024,11,18,Monday,4
2024-11-18,P002,Hyderabad,207,275,115,150,3,2024,11,18,Monday,4
2024-11-18,P003,Delhi,290,46,598,150,2,2024,11,18,Monday,4
2024-11-18,P004,Delhi,443,82,606,150,9,2024,11,18,Monday,4
2024-11-18,P005,Mumbai,319,34,189,150,6,2024,11,18,Monday,4
2024-11-18,P006,Hyderabad,294,252,614,150,2,2024,11,18,Monday,4
2024-11-19,P001,Kolkata,504,75,262,150,8,2024,11,19,Tuesday,4
2024-11-19,P002,Kolkata,940,229,176,150,8,2024,11,19,Tuesday,4
2024-11-19,P003,Bengaluru,420,104,389,150,4,2024,11,19,Tuesday,4
2024-11-19,P004,Kolkata,293,286,857,150,2,2024,11,19,Tuesday,4
2024-11-19,P005,Kolkata,682,134,989,150,2,2024,11,19,Tuesday,4
2024-11-19,P006,Kolkata,609,122,729,150,7,2024,11,19,Tuesday,4
2024-11-20,P001,Delhi,637,141,461,150,2,2024,11,20,Wednesday,4
2024-11-20,P002,Bengaluru,631,263,470,150,10,2024,11,20,Wednesday,4
2024-11-20,P003,Delhi,712,63,429,150,3,2024,11,20,Wednesday,4
2024-11-20,P004,Bengaluru,549,205,466,150,2,2024,11,20,Wednesday,4
2024-11-20,P005,Bengaluru,535,198,876,150,10,2024,11,20,Wednesday,4
2024-11-20,P006,Hyderabad,984,249,565,150,6,2024,11,20,Wednesday,4
2024-11-21,P001,Hyderabad,274,256,557,150,4,2024,11,21,Thursday,4
2024-11-21,P002,Delhi,749,287,917,150,7,2024,11,21,Thursday,4
2024-11-21,P003,Hyderabad,238,188,502,150,6,2024,11,21,Thursday,4
2024-11-21,P004,Kolkata,579,235,616,150,10,2024,11,21,Thursday,4
2024-11-21,P005,Kolkata,242,81,153,150,6,2024,11,21,Thursday,4
2024-11-21,P006,Bengaluru,406,298,379,150,10,2024,11,21,Thursday,4
2024-11-22,P001,Delhi,790,183,227,150,5,2024,11,22,Friday,4
2024-11-22,P002,Mumbai,482,193,678,150,5,2024,11,22,Friday,4
2024-11-22,P003,Bengaluru,579,192,454,150,9,2024,11,22,Friday,4
2024-11-22,P004,Kolkata,449,267,696,150,6,2024,11,22,Friday,4
2024-11-22,P005,Hyderabad,525,45,794,150,2,2024,11,22,Friday,4
2024-11-22,P006,Kolkata,476,26,450,150,9,2024,11,22,Friday,4
2024-11-23,P001,Mumbai,907,143,474,150,4,2024,11,23,Saturday,4
2024-11-23,P002,Hyderabad,593,71,904,150,5,2024,11,23,Saturday,4
2024-11-23,P003,Hyderabad,810,53,137,150,9,2024,11,23,Saturday,4
2024-11-23,P004,Bengaluru,450,265,519,150,7,2024,11,23,Saturday,4
2024-11-23,P005,Hyderabad,885,196,453,150,2,2024,11,23,Saturday,4
2024-11-23,P006,Delhi,254,175,549,150,10,2024,11,23,Saturday,4
2024-11-24,P001,Bengaluru,775,130,638,150,5,2024,11,24,Sunday,4
2024-11-24,P002,Delhi,472,246,560,150,2,2024,11,24,Sunday,4
2024-11-24,P003,Delhi,935,16,194,150,7,2024,11,24,Sunday,4
2024-11-24,P004,Mumbai,506,22,372,150,4,2024,11,24,Sunday,4
2024-11-24,P005,Mumbai,869,67,151,150,4,2024,11,24,Sunday,4
2024-11-24,P006,Bengaluru,373,35,967,150,4,2024,11,24,Sunday,4
2024-11-25,P001,Kolkata,289,199,753,150,7,2024,11,25,Monday,4
2024-11-25,P002,Hyderabad,685,130,849,150,2,2024,11,25,Monday,4
2024-11-25,P003,Mumbai,793,141,447,150,5,2024,11,25,Monday,4
2024-11-25,P004,Mumbai,452,12,865,150,8,2024,11,25,Monday,4
2024-11-25,P005,Bengaluru,231,185,542,150,2,2024,11,25,Monday,4
2024-11-25,P006,Delhi,733,107,670,150,4,2024,11,25,Monday,4
2024-11-26,P001,Hyderabad,724,30,308,150,3,2024,11,26,Tuesday,4
2024-11-26,P002,Bengaluru,395,273,134,150,3,2024,11,26,Tuesday,4
2024-11-26,P003,Hyderabad,768,107,814,150,2,2024,11,26,Tuesday,4
2024-11-26,P004,Bengaluru,273,26,374,150,9,2024,11,26,Tuesday,4
2024-11-26,P005,Bengaluru,556,274,744,150,4,2024,11,26,Tuesday,4
2024-11-26,P006,Bengaluru,687,49,687,150,2,2024,11,26,Tuesday,4
2024-11-27,P001,Kolkata,590,144,369,150,10,2024,11,27,Wednesday,4
2024-11-27,P002,Delhi,301,3,135,150,6,2024,11,27,Wednesday,4
2024-11-27,P003,Delhi,983,76,952,150,4,2024,11,27,Wednesday,4
2024-11-27,P004,Delhi,525,38,654,150,5,2024,11,27,Wednesday,4
2024-11-27,P005,Delhi,426,128,265,150,7,2024,11,27,Wednesday,4
2024-11-27,P006,Hyderabad,897,227,838,150,8,2024,11,27,Wednesday,4
2024-11-28,P001,Bengaluru,360,211,980,150,6,2024,11,28,Thursday,4
2024-11-28,P002,Delhi,539,294,109,150,6,2024,11,28,Thursday,4
2024-11-28,P003,Delhi,270,157,579,150,8,2024,11,28,Thursday,4
2024-11-28,P004,Hyderabad,298,103,681,150,6,2024,11,28,Thursday,4
2024-11-28,P005,Kolkata,438,267,990,150,4,2024,11,28,Thursday,4
2024-11-28,P006,Kolkata,745,134,268,150,5,2024,11,28,Thursday,4
2024-11-29,P001,Delhi,372,55,676,150,2,2024,11,29,Friday,4
2024-11-29,P002,Mumbai,754,98,439,150,4,2024,11,29,Friday,4
2024-11-29,P003,Mumbai,962,22,643,150,7,2024,11,29,Friday,4
2024-11-29,P004,Hyderabad,601,15,199,150,4,2024,11,29,Friday,4
2024-11-29,P005,Kolkata,680,140,693,150,6,2024,11,29,Friday,4
2024-11-29,P006,Bengaluru,522,193,973,150,3,2024,11,29,Friday,4
2024-11-30,P001,Kolkata,515,175,390,150,3,2024,11,30,Saturday,4
2024-11-30,P002,Mumbai,979,61,462,150,7,2024,11,30,Saturday,4
2024-11-30,P003,Mumbai,808,165,616,150,9,2024,11,30,Saturday,4
2024-11-30,P004,Kolkata,462,296,457,150,4,2024,11,30,Saturday,4
2024-11-30,P005,Hyderabad,201,209,924,150,3,2024,11,30,Saturday,4
2024-11-30,P006,Hyderabad,724,278,704,150,7,2024,11,30,Saturday,4
2024-12-01,P001,Bengaluru,807,185,546,150,5,2024,12,1,Sunday,4
2024-12-01,P002,Bengaluru,890,127,102,150,9,2024,12,1,Sunday,4
2024-12-01,P003,Kolkata,457,24,203,150,9,2024,12,1,Sunday,4
2024-12-01,P004,Hyderabad,276,67,448,150,2,2024,12,1,Sunday,4
2024-12-01,P005,Hyderabad,220,213,162,150,7,2024,12,1,Sunday,4
2024-12-01,P006,Bengaluru,537,274,442,150,5,2024,12,1,Sunday,4
2024-12-02,P001,Delhi,221,94,288,150,3,2024,12,2,Monday,4
2024-12-02,P002,Mumbai,494,172,266,150,8,2024,12,2,Monday,4
2024-12-02,P003,Hyderabad,438,198,601,150,4,2024,12,2,Monday,4
2024-12-02,P004,Bengaluru,702,249,795,150,3,2024,12,2,Monday,4
2024-12-02,P005,Kolkata,769,293,688,150,6,2024,12,2,Monday,4
2024-12-02,P006,Kolkata,867,45,593,150,2,2024,12,2,Monday,4
2024-12-03,P001,Delhi,775,55,364,150,9,2024,12,3,Tuesday,4
2024-12-03,P002,Hyderabad,605,10,136,150,5,2024,12,3,Tuesday,4
2024-12-03,P003,Mumbai,364,287,913,150,4,2024,12,3,Tuesday,4
2024-12-03,P004,Kolkata,492,61,499,150,6,2024,12,3,Tuesday,4
2024-12-03,P005,Bengaluru,419,180,519,150,5,2024,12,3,Tuesday,4
2024-12-03,P006,Hyderabad,547,44,609,150,2,2024,12,3,Tuesday,4
2024-12-04,P001,Mumbai,428,118,977,150,3,2024,12,4,Wednesday,4
2024-12-04,P002,Kolkata,446,285,401,150,8,2024,12,4,Wednesday,4
2024-12-04,P003,Delhi,234,29,775,150,5,2024,12,4,Wednesday,4
2024-12-04,P004,Kolkata,838,186,335,150,8,2024,12,4,Wednesday,4
2024-12-04,P005,Kolkata,856,5,395,150,2,2024,12,4,Wednesday,4
2024-12-04,P006,Bengaluru,525,172,590,150,9,2024,12,4,Wednesday,4
2024-12-05,P001,Kolkata,701,240,758,150,7,2024,12,5,Thursday,4
2024-12-05,P002,Kolkata,361,43,958,150,9,2024,12,5,Thursday,4
2024-12-05,P003,Hyderabad,862,118,197,150,10,2024,12,5,Thursday,4
2024-12-05,P004,Bengaluru,593,16,437,150,8,2024,12,5,Thursday,4
2024-12-05,P005,Hyderabad,792,124,190,150,7,2024,12,5,Thursday,4
2024-12-05,P006,Hyderabad,215,185,523,150,3,2024,12,5,Thursday,4
2024-12-06,P001,Hyderabad,250,265,965,150,6,2024,12,6,Friday,4
2024-12-06,P002,Hyderabad,777,138,543,150,6,2024,12,6,Friday,4
2024-12-06,P003,Delhi,933,289,366,150,2,2024,12,6,Friday,4
2024-12-06,P004,Kolkata,466,274,872,150,3,2024,12,6,Friday,4
2024-12-06,P005,Mumbai,519,131,292,150,3,2024,12,6,Friday,4
2024-12-06,P006,Mumbai,336,95,102,150,8,2024,12,6,Friday,4
2024-12-07,P001,Bengaluru,998,131,469,150,2,2024,12,7,Saturday,4
2024-12-07,P002,Kolkata,695,97,181,150,4,2024,12,7,Saturday,4
2024-12-07,P003,Kolkata,253,51,257,150,9,2024,12,7,Saturday,4
2024-12-07,P004,Hyderabad,851,200,783,150,7,2024,12,7,Saturday,4
2024-12-07,P005,Bengaluru,945,42,985,150,5,2024,12,7,Saturday,4
2024-12-07,P006,Delhi,956,126,764,150,2,2024,12,7,Saturday,4
2024-12-08,P001,Mumbai,653,228,644,150,6,2024,12,8,Sunday,4
2024-12-08,P002,Hyderabad,440,111,706,150,10,2024,12,8,Sunday,4
2024-12-08,P003,Delhi,391,298,958,150,3,2024,12,8,Sunday,4
2024-12-08,P004,Bengaluru,265,262,329,150,4,2024,12,8,Sunday,4
2024-12-08,P005,Delhi,240,7,688,150,3,2024,12,8,Sunday,4
2024-12-08,P006,Delhi,395,0,815,150,4,2024,12,8,Sunday,4
2024-12-09,P001,Kolkata,935,78,334,150,8,2024,12,9,Monday,4
2024-12-09,P002,Delhi,716,113,655,150,7,2024,12,9,Monday,4
2024-12-09,P003,Kolkata,502,17,625,150,4,2024,12,9,Monday,4
2024-12-09,P004,Mumbai,639,205,334,150,8,2024,12,9,Monday,4
2024-12-09,P005,Bengaluru,754,205,815,150,4,2024,12,9,Monday,4
2024-12-09,P006,Bengaluru,600,55,468,150,6,2024,12,9,Monday,4
2024-12-10,P001,Bengaluru,447,294,126,150,8,2024,12,10,Tuesday,4
2024-12-10,P002,Kolkata,474,144,964,150,9,2024,12,10,Tuesday,4
2024-12-10,P003,Mumbai,778,130,750,150,4,2024,12,10,Tuesday,4
2024-12-10,P004,Delhi,247,191,808,150,7,2024,12,10,Tuesday,4
2024-12-10,P005,Kolkata,737,234,656,150,9,2024,12,10,Tuesday,4
2024-12-10,P006,Kolkata,968,234,110,150,4,2024,12,10,Tuesday,4
2024-12-11,P001,Mumbai,484,257,610,150,4,2024,12,11,Wednesday,4
2024-12-11,P002,Hyderabad,374,27,851,150,9,2024,12,11,Wednesday,4
2024-12-11,P003,Mumbai,790,25,459,150,7,2024,12,11,Wednesday,4
2024-12-11,P004,Kolkata,320,156,399,150,10,2024,12,11,Wednesday,4
2024-12-11,P005,Bengaluru,407,286,605,150,2,2024,12,11,Wednesday,4
2024-12-11,P006,Delhi,545,88,912,150,7,2024,12,11,Wednesday,4
2024-12-12,P001,Kolkata,943,184,619,150,10,2024,12,12,Thursday,4
2024-12-12,P002,Hyderabad,460,221,580,150,3,2024,12,12,Thursday,4
2024-12-12,P003,Mumbai,680,297,508,150,5,2024,12,12,Thursday,4
2024-12-12,P004,Hyderabad,304,95,817,150,5,2024,12,12,Thursday,4
2024-12-12,P005,Mumbai,385,113,128,150,7,2024,12,12,Thursday,4
2024-12-12,P006,Bengaluru,235,153,441,150,10,2024,12,12,Thursday,4
2024-12-13,P001,Delhi,635,207,482,150,4,2024,12,13,Friday,4
2024-12-13,P002,Delhi,745,97,180,150,4,2024,12,13,Friday,4
2024-12-13,P003,Bengaluru,832,218,425,150,2,2024,12,13,Friday,4
2024-12-13,P004,Bengaluru,450,201,354,150,9,2024,12,13,Friday,4
2024-12-13,P005,Delhi,616,286,314,150,3,2024,12,13,Friday,4
2024-12-13,P006,Delhi,443,271,856,150,6,2024,12,13,Friday,4
2024-12-14,P001,Bengaluru,580,188,100,150,8,2024,12,14,Saturday,4
2024-12-14,P002,Mumbai,954,33,294,150,4,2024,12,14,Saturday,4
2024-12-14,P003,Mumbai,926,50,418,150,8,2024,12,14,Saturday,4
2024-12-14,P004,Mumbai,764,206,352,150,2,2024,12,14,Saturday,4
2024-12-14,P005,Mumbai,549,103,546,150,7,2024,12,14,Saturday,4
2024-12-14,P006,Hyderabad,911,13,198,150,5,2024,12,14,Saturday,4
2024-12-15,P001,Kolkata,614,232,942,150,5,2024,12,15,Sunday,4
2024-12-15,P002,Mumbai,285,80,693,150,6,2024,12,15,Sunday,4
2024-12-15,P003,Hyderabad,784,224,130,150,10,2024,12,15,Sunday,4
2024-12-15,P004,Mumbai,653,74,258,150,10,2024,12,15,Sunday,4
2024-12-15,P005,Delhi,828,204,421,150,4,2024,12,15,Sunday,4
2024-12-15,P006,Mumbai,701,174,863,150,5,2024,12,15,Sunday,4
2024-12-16,P001,Mumbai,784,1,751,150,4,2024,12,16,Monday,4
2024-12-16,P002,Hyderabad,331,196,669,150,3,2024,12,16,Monday,4
2024-12-16,P003,Kolkata,427,229,664,150,3,2024,12,16,Monday,4
2024-12-16,P004,Mumbai,463,277,141,150,9,2024,12,16,Monday,4
2024-12-16,P005,Kolkata,265,216,275,150,5,2024,12,16,Monday,4
2024-12-16,P006,Bengaluru,243,112,530,150,10,2024,12,16,Monday,4
2024-12-17,P001,Kolkata,617,222,127,150,10,2024,12,17,Tuesday,4
2024-12-17,P002,Delhi,707,129,380,150,7,2024,12,17,Tuesday,4
2024-12-17,P003,Bengaluru,760,211,897,150,3,2024,12,17,Tuesday,4
2024-12-17,P004,Hyderabad,964,88,886,150,9,2024,12,17,Tuesday,4
2024-12-17,P005,Hyderabad,729,208,319,150,9,2024,12,17,Tuesday,4
2024-12-17,P006,Mumbai,398,127,216,150,10,2024,12,17,Tuesday,4
2024-12-18,P001,Bengaluru,651,62,629,150,9,2024,12,18,Wednesday,4
2024-12-18,P002,Bengaluru,613,111,653,150,10,2024,12,18,Wednesday,4
2024-12-18,P003,Kolkata,591,112,843,150,3,2024,12,18,Wednesday,4
2024-12-18,P004,Hyderabad,893,57,259,150,3,2024,12,18,Wednesday,4
2024-12-18,P005,Kolkata,788,140,813,150,6,2024,12,18,Wednesday,4
2024-12-18,P006,Bengaluru,392,289,650,150,4,2024,12,18,Wednesday,4
2024-12-19,P001,Hyderabad,978,214,388,150,7,2024,12,19,Thursday,4
2024-12-19,P002,Delhi,595,58,613,150,10,2024,12,19,Thursday,4
2024-12-19,P003,Mumbai,730,96,185,150,8,2024,12,19,Thursday,4
2024-12-19,P004,Bengaluru,245,128,503,150,5,2024,12,19,Thursday,4
2024-12-19,P005,Hyderabad,622,50,910,150,8,2024,12,19,Thursday,4
2024-12-19,P006,Bengaluru,678,254,304,150,3,2024,12,19,Thursday,4
2024-12-20,P001,Hyderabad,784,215,198,150,9,2024,12,20,Friday,4
2024-12-20,P002,Kolkata,468,10,618,150,8,2024,12,20,Friday,4
2024-12-20,P003,Hyderabad,533,38,399,150,7,2024,12,20,Friday,4
2024-12-20,P004,Delhi,276,41,331,150,3,2024,12,20,Friday,4
2024-12-20,P005,Delhi,301,118,978,150,4,2024,12,20,Friday,4
2024-12-20,P006,Kolkata,967,41,987,150,2,2024,12,20,Friday,4
2024-12-21,P001,Bengaluru,766,118,766,150,7,2024,12,21,Saturday,4
2024-12-21,P002,Bengaluru,335,277,246,150,8,2024,12,21,Saturday,4
2024-12-21,P003,Delhi,560,229,145,150,4,2024,12,21,Saturday,4
2024-12-21,P004,Mumbai,371,120,682,150,3,2024,12,21,Saturday,4
2024-12-21,P005,Delhi,231,258,924,150,3,2024,12,21,Saturday,4
2024-12-21,P006,Mumbai,838,201,940,150,2,2024,12,21,Saturday,4
2024-12-22,P001,Delhi,507,77,689,150,7,2024,12,22,Sunday,4
2024-12-22,P002,Bengaluru,360,79,502,150,6,2024,12,22,Sunday,4
2024-12-22,P003,Hyderabad,391,145,520,150,3,2024,12,22,Sunday,4
2024-12-22,P004,Kolkata,772,41,584,150,4,2024,12,22,Sunday,4
2024-12-22,P005,Kolkata,436,134,593,150,4,2024,12,22,Sunday,4
2024-12-22,P006,Hyderabad,402,23,407,150,6,2024,12,22,Sunday,4
2024-12-23,P001,Mumbai,693,129,994,150,7,2024,12,23,Monday,4
2024-12-23,P002,Delhi,621,199,298,150,7,2024,12,23,Monday,4
2024-12-23,P003,Hyderabad,769,25,718,150,10,2024,12,23,Monday,4
2024-12-23,P004,Hyderabad,300,69,995,150,5,2024,12,23,Monday,4
2024-12-23,P005,Delhi,708,45,798,150,5,2024,12,23,Monday,4
2024-12-23,P006,Kolkata,342,41,895,150,5,2024,12,23,Monday,4
2024-12-24,P001,Kolkata,777,85,868,150,9,2024,12,24,Tuesday,4
2024-12-24,P002,Hyderabad,498,300,724,150,5,2024,12,24,Tuesday,4
2024-12-24,P003,Kolkata,721,177,456,150,7,2024,12,24,Tuesday,4
2024-12-24,P004,Hyderabad,692,202,526,150,2,2024,12,24,Tuesday,4
2024-12-24,P005,Kolkata,609,98,470,150,4,2024,12,24,Tuesday,4
2024-12-24,P006,Delhi,735,113,419,150,3,2024,12,24,Tuesday,4
2024-12-25,P001,Kolkata,427,62,252,150,8,2024,12,25,Wednesday,4
2024-12-25,P002,Mumbai,591,231,942,150,6,2024,12,25,Wednesday,4
2024-12-25,P003,Delhi,462,57,246,150,7,2024,12,25,Wednesday,4
2024-12-25,P004,Bengaluru,913,14,151,150,6,2024,12,25,Wednesday,4
2024-12-25,P005,Kolkata,637,144,431,150,9,2024,12,25,Wednesday,4
2024-12-25,P006,Kolkata,540,170,346,150,3,2024,12,25,Wednesday,4
2024-12-26,P001,Kolkata,496,286,973,150,3,2024,12,26,Thursday,4
2024-12-26,P002,Kolkata,383,295,791,150,10,2024,12,26,Thursday,4
2024-12-26,P003,Hyderabad,794,104,480,150,2,2024,12,26,Thursday,4
2024-12-26,P004,Delhi,311,289,617,150,5,2024,12,26,Thursday,4
2024-12-26,P005,Kolkata,557,207,476,150,3,2024,12,26,Thursday,4
2024-12-26,P006,Delhi,860,45,572,150,6,2024,12,26,Thursday,4
2024-12-27,P001,Delhi,664,32,365,150,9,2024,12,27,Friday,4
2024-12-27,P002,Hyderabad,445,87,238,150,3,2024,12,27,Friday,4
2024-12-27,P003,Delhi,621,228,373,150,4,2024,12,27,Friday,4
2024-12-27,P004,Hyderabad,657,114,728,150,6,2024,12,27,Friday,4
2024-12-27,P005,Bengaluru,737,178,630,150,6,2024,12,27,Friday,4
2024-12-27,P006,Kolkata,530,156,544,150,3,2024,12,27,Friday,4
2024-12-28,P001,Hyderabad,203,76,355,150,4,2024,12,28,Saturday,4
2024-12-28,P002,Kolkata,621,292,161,150,6,2024,12,28,Saturday,4
2024-12-28,P003,Kolkata,945,186,372,150,3,2024,12,28,Saturday,4
2024-12-28,P004,Kolkata,404,51,935,150,4,2024,12,28,Saturday,4
2024-12-28,P005,Hyderabad,491,50,674,150,4,2024,12,28,Saturday,4
2024-12-28,P006,Mumbai,791,300,642,150,6,2024,12,28,Saturday,4
2024-12-29,P001,Kolkata,532,252,600,150,2,2024,12,29,Sunday,4
2024-12-29,P002,Mumbai,424,79,774,150,6,2024,12,29,Sunday,4
2024-12-29,P003,Kolkata,410,167,839,150,7,2024,12,29,Sunday,4
2024-12-29,P004,Delhi,854,47,514,150,6,2024,12,29,Sunday,4
2024-12-29,P005,Kolkata,776,271,271,150,8,2024,12,29,Sunday,4
2024-12-29,P006,Kolkata,372,0,441,150,6,2024,12,29,Sunday,4
2024-12-30,P001,Bengaluru,679,156,179,150,6,2024,12,30,Monday,4
2024-12-30,P002,Kolkata,446,78,959,150,4,2024,12,30,Monday,4
2024-12-30,P003,Kolkata,800,68,323,150,8,2024,12,30,Monday,4
2024-12-30,P004,Delhi,925,23,856,150,8,2024,12,30,Monday,4
2024-12-30,P005,Delhi,359,114,542,150,5,2024,12,30,Monday,4
2024-12-30,P006,Delhi,646,24,134,150,3,2024,12,30,Monday,4
2024-07-23,P005,Bengaluru,788,40,902,150,7,2024,7,23,Tuesday,3
2024-01-30,P001,Mumbai,453,201,635,150,3,2024,1,30,Tuesday,1
2024-12-08,P002,Hyderabad,472,117,762,150,10,2024,12,8,Sunday,4
2024-09-08,P004,Hyderabad,833,46,107,150,9,2024,9,8,Sunday,3
2024-07-22,P006,Mumbai,562,0,246,150,5,2024,7,22,Monday,3
2024-06-26,P006,Mumbai,565,86,880,150,10,2024,6,26,Wednesday,2
2024-03-26,P005,Kolkata,242,87,399,150,8,2024,3,26,Tuesday,1
2024-01-06,P005,Bengaluru,419,285,424,150,7,2024,1,6,Saturday,1
2024-10-28,P006,Bengaluru,305,84,605,150,8,2024,10,28,Monday,4
2024-04-20,P005,Delhi,301,156,772,150,4,2024,4,20,Saturday,2
2024-04-23,P003,Delhi,445,276,401,150,25,2024,4,23,Tuesday,2
2024-08-13,P005,Mumbai,313,235,538,150,25,2024,8,13,Tuesday,3
2024-07-02,P005,Mumbai,838,200,552,150,10,2024,7,2,Tuesday,3
2024-09-21,P003,Mumbai,607,49,780,150,7,2024,9,21,Saturday,3
2024-05-07,P006,Kolkata,627,171,620,150,3,2024,5,7,Tuesday,2
2024-05-26,P002,Delhi,603,218,381,150,10,2024,5,26,Sunday,2
2024-02-15,P002,Delhi,719,66,78,150,3,2024,2,15,Thursday,1
2024-06-26,P002,Kolkata,738,119,477,150,4,2024,6,26,Wednesday,2
2024-09-29,P005,Hyderabad,681,165,378,150,7,2024,9,29,Sunday,3
2024-05-07,P004,Mumbai,630,86,123,150,8,2024,5,7,Tuesday,2
2024-08-21,P003,Hyderabad,568,124,552,150,5,2024,8,21,Wednesday,3
2024-08-06,P005,Bengaluru,378,27,571,150,2,2024,8,6,Tuesday,3
2024-05-23,P002,Delhi,953,0,233,150,5,2024,5,23,Thursday,2
2024-10-26,P004,Mumbai,539,205,552,150,4,2024,10,26,Saturday,4
2024-12-18,P001,Bengaluru,627,92,590,150,9,2024,12,18,Wednesday,4
2024-09-26,P001,Mumbai,418,99,552,150,6,2024,9,26,Thursday,3
2024-12-08,P003,Delhi,398,320,962,150,3,2024,12,8,Sunday,4
2024-04-07,P005,Delhi,331,17,232,150,8,2024,4,7,Sunday,2
2024-06-30,P003,Kolkata,621,230,378,150,3,2024,6,30,Sunday,2
2024-01-05,P004,Hyderabad,509,107,704,150,7,2024,1,5,Friday,1
2024-11-07,P003,Hyderabad,984,77,907,150,6,2024,11,7,Thursday,4
2024-08-16,P003,Mumbai,601,257,557,150,7,2024,8,16,Friday,3
2024-05-31,P002,Mumbai,462,163,281,150,3,2024,5,31,Friday,2
2024-08-17,P006,Bengaluru,849,62,826,150,3,2024,8,17,Saturday,3
2024-09-23,P003,Bengaluru,567,187,836,150,2,2024,9,23,Monday,3
2024-07-14,P001,Hyderabad,404,247,329,150,25,2024,7,14,Sunday,3
2024-06-12,P001,Mumbai,610,39,254,150,2,2024,6,12,Wednesday,2
2024-06-07,P004,Bengaluru,223,99,552,150,3,2024,6,7,Friday,2
2024-06-07,P006,Hyderabad,504,136,492,150,10,2024,6,7,Friday,2
2024-01-04,P003,Mumbai,264,44,686,150,6,2024,1,4,Thursday,1
2024-07-07,P005,Delhi,564,88,535,150,2,2024,7,7,Sunday,3
2024-04-01,P006,Bengaluru,967,87,242,150,25,2024,4,1,Monday,2
2024-03-10,P003,Bengaluru,709,286,700,150,3,2024,3,10,Sunday,1
2024-11-18,P003,Delhi,306,65,625,150,25,2024,11,18,Monday,4
2024-01-25,P003,Hyderabad,441,254,275,150,7,2024,1,25,Thursday,1
2024-04-02,P006,Mumbai,521,306,735,150,10,2024,4,2,Tuesday,2
2024-09-22,P006,Mumbai,343,168,126,150,7,2024,9,22,Sunday,3
2024-02-20,P002,Bengaluru,491,30,582,150,2,2024,2,20,Tuesday,1
2024-05-25,P006,Hyderabad,378,275,209,150,6,2024,5,25,Saturday,2
2024-10-14,P002,Bengaluru,357,259,281,150,2,2024,10,14,Monday,4
2024-09-28,P005,Bengaluru,865,143,552,150,3,2024,9,28,Saturday,3
2024-10-26,P005,Kolkata,543,156,352,150,10,2024,10,26,Saturday,4
2024-11-06,P003,Hyderabad,771,217,552,150,2,2024,11,6,Wednesday,4
2024-04-09,P004,Hyderabad,914,276,770,150,9,2024,4,9,Tuesday,2
2024-12-09,P006,Bengaluru,625,67,505,150,6,2024,12,9,Monday,4
2024-04-10,P004,Delhi,453,286,552,150,3,2024,4,10,Wednesday,2
2024-03-01,P003,Hyderabad,647,0,123,150,2,2024,3,1,Friday,1
2024-09-22,P004,Delhi,784,68,796,150,2,2024,9,22,Sunday,3
2024-01-01,P001,Bengaluru,328,48,931,150,6,2024,1,1,Monday,1
2024-01-11,P004,Bengaluru,518,208,491,150,3,2024,1,11,Thursday,1
2024-10-13,P001,Bengaluru,855,68,552,150,4,2024,10,13,Sunday,4
2024-11-04,P001,Hyderabad,289,209,910,150,10,2024,11,4,Monday,4
2024-06-17,P003,Kolkata,262,0,93,150,10,2024,6,17,Monday,2
2024-05-26,P004,Hyderabad,371,40,1043,150,6,2024,5,26,Sunday,2
2024-04-23,P006,Delhi,692,243,679,150,5,2024,4,23,Tuesday,2
2024-08-30,P005,Delhi,532,120,452,150,10,2024,8,30,Friday,3
2024-12-01,P006,Bengaluru,585,303,464,150,5,2024,12,1,Sunday,4
2024-01-04,P004,Kolkata,812,132,550,150,8,2024,1,4,Thursday,1
2024-02-07,P004,Delhi,979,171,493,150,25,2024,2,7,Wednesday,1
2024-08-28,P005,Kolkata,993,157,323,150,2,2024,8,28,Wednesday,3
2024-08-21,P005,Kolkata,630,208,552,150,4,2024,8,21,Wednesday,3
2024-02-18,P006,Bengaluru,432,230,139,150,3,2024,2,18,Sunday,1
2024-10-15,P001,Kolkata,679,194,323,150,9,2024,10,15,Tuesday,4
2024-09-07,P003,Hyderabad,762,302,822,150,6,2024,9,7,Saturday,3
2024-11-20,P002,Bengaluru,605,290,420,150,10,2024,11,20,Wednesday,4
2024-05-20,P002,Kolkata,806,146,182,150,7,2024,5,20,Monday,2
2024-02-27,P006,Mumbai,891,28,245,150,6,2024,2,27,Tuesday,1
2024-05-17,P004,Bengaluru,582,289,359,150,25,2024,5,17,Friday,2
2024-05-21,P003,Hyderabad,211,312,552,150,2,2024,5,21,Tuesday,2
2024-10-15,P003,Hyderabad,988,0,756,150,10,2024,10,15,Tuesday,4
2024-04-10,P004,Delhi,431,280,961,150,3,2024,4,10,Wednesday,2
2024-02-27,P006,Mumbai,852,13,298,150,6,2024,2,27,Tuesday,1
2024-07-29,P005,Bengaluru,327,35,662,150,25,2024,7,29,Monday,3
2024-03-05,P006,Delhi,450,268,775,150,4,2024,3,5,Tuesday,1
2024-06-25,P003,Hyderabad,601,191,186,150,7,2024,6,25,Tuesday,2
2024-05-11,P001,Mumbai,657,39,370,150,5,2024,5,11,Saturday,2
2024-07-20,P002,Bengaluru,414,45,208,150,8,2024,7,20,Saturday,3
2024-02-03,P002,Mumbai,601,148,839,150,7,2024,2,3,Saturday,1
2024-10-02,P005,Hyderabad,528,151,901,150,9,2024,10,2,Wednesday,4
2024-08-10,P002,Mumbai,793,236,586,150,3,2024,8,10,Saturday,3
2024-10-15,P002,Kolkata,927,101,235,150,3,2024,10,15,Tuesday,4
2024-04-08,P006,Bengaluru,680,155,96,150,5,2024,4,8,Monday,2
2024-09-22,P004,Delhi,777,65,552,150,2,2024,9,22,Sunday,3
2024-05-24,P006,Mumbai,877,0,147,150,4,2024,5,24,Friday,2
2024-08-16,P005,Kolkata,392,195,644,150,4,2024,8,16,Friday,3
2024-01-04,P001,Hyderabad,443,92,304,150,10,2024,1,4,Thursday,1
2024-12-05,P002,Kolkata,395,62,913,150,25,2024,12,5,Thursday,4
2024-08-24,P002,Kolkata,573,206,478,150,2,2024,8,24,Saturday,3
2024-11-04,P006,Kolkata,239,171,833,150,25,2024,11,4,Monday,4
2024-04-24,P001,Bengaluru,601,276,683,150,10,2024,4,24,Wednesday,2
2024-11-17,P006,Mumbai,616,265,437,150,25,2024,11,17,Sunday,4
2024-06-22,P001,Kolkata,517,245,162,150,3,2024,6,22,Saturday,2
2024-06-20,P002,Bengaluru,705,276,552,150,8,2024,6,20,Thursday,2
2024-04-26,P004,Mumbai,437,48,239,150,3,2024,4,26,Friday,2
2024-06-16,P002,Bengaluru,588,227,310,150,25,2024,6,16,Sunday,2
2024-01-29,P002,Mumbai,675,172,1008,150,9,2024,1,29,Monday,1
2024-07-10,P004,Delhi,879,207,934,150,25,2024,7,10,Wednesday,3
2024-10-22,P004,Kolkata,601,254,648,150,2,2024,10,22,Tuesday,4
2024-07-21,P006,Bengaluru,736,280,557,150,5,2024,7,21,Sunday,3
2024-04-26,P001,Delhi,922,57,683,150,7,2024,4,26,Friday,2
2024-10-12,P005,Hyderabad,601,257,208,150,3,2024,10,12,Saturday,4
2024-05-28,P004,Delhi,729,41,974,150,2,2024,5,28,Tuesday,2
2024-07-21,P003,Delhi,429,2,651,150,2,2024,7,21,Sunday,3
2024-02-28,P004,Hyderabad,723,222,462,150,5,2024,2,28,Wednesday,1
2024-09-28,P004,Mumbai,622,55,552,150,6,2024,9,28,Saturday,3
2024-07-15,P001,Bengaluru,934,29,447,150,3,2024,7,15,Monday,3
2024-07-14,P006,Kolkata,289,309,421,150,7,2024,7,14,Sunday,3
2024-12-26,P003,Hyderabad,782,134,420,150,2,2024,12,26,Thursday,4
2024-11-22,P003,Bengaluru,624,204,426,150,9,2024,11,22,Friday,4
2024-02-15,P001,Bengaluru,460,267,552,150,7,2024,2,15,Thursday,1
2024-01-10,P001,Bengaluru,582,199,556,150,9,2024,1,10,Wednesday,1
2024-06-17,P005,Delhi,943,57,286,150,10,2024,6,17,Monday,2
2024-04-01,P005,Mumbai,323,195,767,150,2,2024,4,1,Monday,2
2024-12-29,P002,Mumbai,444,62,552,150,6,2024,12,29,Sunday,4
2024-09-05,P001,Delhi,684,26,552,150,3,2024,9,5,Thursday,3
2024-04-16,P004,Hyderabad,475,32,879,150,7,2024,4,16,Tuesday,2
2024-07-13,P001,Bengaluru,156,172,87,150,8,2024,7,13,Saturday,3
2024-05-14,P006,Delhi,780,138,619,150,9,2024,5,14,Tuesday,2
2024-02-05,P006,Hyderabad,747,176,274,150,10,2024,2,5,Monday,1
2024-12-26,P004,Delhi,601,304,589,150,5,2024,12,26,Thursday,4
2024-01-20,P002,Hyderabad,921,301,585,150,3,2024,1,20,Saturday,1
2024-11-26,P003,Hyderabad,754,79,858,150,2,2024,11,26,Tuesday,4
2024-11-22,P003,Bengaluru,605,209,420,150,9,2024,11,22,Friday,4
2024-09-14,P002,Mumbai,1017,150,743,150,6,2024,9,14,Saturday,3
2024-05-16,P006,Hyderabad,243,182,697,150,6,2024,5,16,Thursday,2
2024-06-29,P006,Bengaluru,520,315,552,150,3,2024,6,29,Saturday,2
2024-01-15,P001,Kolkata,867,51,858,150,5,2024,1,15,Monday,1
2024-12-24,P002,Hyderabad,512,308,770,150,5,2024,12,24,Tuesday,4
2024-12-27,P002,Hyderabad,457,111,267,150,3,2024,12,27,Friday,4
2024-08-20,P006,Hyderabad,975,278,794,150,25,2024,8,20,Tuesday,3
2024-04-20,P004,Hyderabad,982,290,552,150,10,2024,4,20,Saturday,2
2024-09-15,P003,Mumbai,904,69,807,150,6,2024,9,15,Sunday,3
2024-09-05,P002,Delhi,601,197,1015,150,7,2024,9,5,Thursday,3
2024-05-02,P003,Mumbai,635,315,552,150,10,2024,5,2,Thursday,2
2024-09-11,P006,Delhi,845,243,464,150,3,2024,9,11,Wednesday,3
2024-08-14,P003,Kolkata,912,134,243,150,10,2024,8,14,Wednesday,3
2024-10-22,P002,Mumbai,228,221,900,150,6,2024,10,22,Tuesday,4
2024-02-08,P003,Delhi,426,236,484,150,25,2024,2,8,Thursday,1
2024-08-17,P002,Mumbai,741,172,906,150,3,2024,8,17,Saturday,3
2024-08-15,P001,Hyderabad,402,177,320,150,8,2024,8,15,Thursday,3
